-- phpMyAdmin SQL Dump
-- version 4.2.12deb2+deb8u2
-- http://www.phpmyadmin.net
--
-- Servidor: localhost
-- Tiempo de generación: 01-10-2016 a las 12:59:29
-- Versión del servidor: 5.5.50-0+deb8u1
-- Versión de PHP: 5.6.24-0+deb8u1

SET SQL_MODE = "NO_AUTO_VALUE_ON_ZERO";
SET time_zone = "+00:00";


/*!40101 SET @OLD_CHARACTER_SET_CLIENT=@@CHARACTER_SET_CLIENT */;
/*!40101 SET @OLD_CHARACTER_SET_RESULTS=@@CHARACTER_SET_RESULTS */;
/*!40101 SET @OLD_COLLATION_CONNECTION=@@COLLATION_CONNECTION */;
/*!40101 SET NAMES utf8 */;

--
-- Base de datos: `vtigercolombia_cleaner`
--

-- --------------------------------------------------------

--
-- Estructura de tabla para la tabla `com_vtiger_workflows`
--

CREATE TABLE IF NOT EXISTS `com_vtiger_workflows` (
`workflow_id` int(11) NOT NULL,
  `module_name` varchar(100) DEFAULT NULL,
  `summary` varchar(400) NOT NULL,
  `test` text,
  `execution_condition` int(11) NOT NULL,
  `defaultworkflow` int(1) DEFAULT NULL,
  `type` varchar(255) DEFAULT NULL,
  `filtersavedinnew` int(1) DEFAULT NULL,
  `schtypeid` int(10) DEFAULT NULL,
  `schdayofmonth` varchar(100) DEFAULT NULL,
  `schdayofweek` varchar(100) DEFAULT NULL,
  `schannualdates` varchar(100) DEFAULT NULL,
  `schtime` varchar(50) DEFAULT NULL,
  `nexttrigger_time` datetime DEFAULT NULL
) ENGINE=InnoDB AUTO_INCREMENT=25 DEFAULT CHARSET=latin1;

--
-- Volcado de datos para la tabla `com_vtiger_workflows`
--

INSERT INTO `com_vtiger_workflows` (`workflow_id`, `module_name`, `summary`, `test`, `execution_condition`, `defaultworkflow`, `type`, `filtersavedinnew`, `schtypeid`, `schdayofmonth`, `schdayofweek`, `schannualdates`, `schtime`, `nexttrigger_time`) VALUES
(1, 'Invoice', 'UpdateInventoryProducts On Every Save', '[{"fieldname":"subject","operation":"does not contain","value":"`!`"}]', 3, 1, 'basic', 5, NULL, NULL, NULL, NULL, NULL, NULL),
(2, 'Accounts', 'Send Email to user when Notifyowner is True', '[{"fieldname":"notify_owner","operation":"is","value":"true:boolean"}]', 2, 1, 'basic', 5, NULL, NULL, NULL, NULL, NULL, NULL),
(3, 'Contacts', 'Send Email to user when Notifyowner is True', '[{"fieldname":"notify_owner","operation":"is","value":"true:boolean"}]', 2, 1, 'basic', 5, NULL, NULL, NULL, NULL, NULL, NULL),
(4, 'Contacts', 'Send Email to user when Portal User is True', '[{"fieldname":"portal","operation":"is","value":"true:boolean"}]', 2, 1, 'basic', 5, NULL, NULL, NULL, NULL, NULL, NULL),
(5, 'Potentials', 'Send Email to users on Potential creation', NULL, 1, 1, 'basic', 5, NULL, NULL, NULL, NULL, NULL, NULL),
(6, 'Contacts', 'Workflow for Contact Creation or Modification', '', 3, 1, 'basic', 5, NULL, NULL, NULL, NULL, NULL, NULL),
(7, 'HelpDesk', 'Ticket Creation From Portal : Send Email to Record Owner and Contact', '[{"fieldname":"from_portal","operation":"is","value":1,"valuetype":"rawtext","joincondition":"and","groupjoin":"and","groupid":0},{"fieldname":"from_portal","operation":"is","value":"1","valuetype":"rawtext","joincondition":"","groupjoin":"and","groupid":"0"}]', 1, 1, 'basic', 6, NULL, NULL, NULL, NULL, NULL, NULL),
(9, 'HelpDesk', 'Send Email to Contact on Ticket Update', '[{"fieldname":"(contact_id : (Contacts) emailoptout)","operation":"is","value":"0","valuetype":"rawtext","joincondition":"and","groupjoin":"and","groupid":"0"},{"fieldname":"from_portal","operation":"is","value":0,"valuetype":"rawtext","joincondition":"and","groupjoin":"and","groupid":0},{"fieldname":"ticketstatus","operation":"has changed to","value":"Closed","valuetype":"rawtext","joincondition":"or","groupjoin":"and","groupid":"1"},{"fieldname":"solution","operation":"has changed","value":"","valuetype":"","joincondition":"or","groupjoin":"and","groupid":"1"},{"fieldname":"description","operation":"has changed","value":"","valuetype":"","joincondition":"or","groupjoin":"and","groupid":"1"}]', 3, 1, 'basic', 6, NULL, NULL, NULL, NULL, NULL, NULL),
(10, 'Events', 'Workflow for Events when Send Notification is True', '[{"fieldname":"sendnotification","operation":"is","value":"true:boolean"}]', 3, 1, 'basic', 5, NULL, NULL, NULL, NULL, NULL, NULL),
(11, 'Calendar', 'Workflow for Calendar Todos when Send Notification is True', '[{"fieldname":"sendnotification","operation":"is","value":"true:boolean"}]', 3, 1, 'basic', 5, NULL, NULL, NULL, NULL, NULL, NULL),
(12, 'Potentials', 'Calculate or Update forecast amount', '', 3, 1, 'basic', 5, NULL, NULL, NULL, NULL, NULL, NULL),
(13, 'Events', 'Workflow for Events when Send Notification is True', '[{"fieldname":"sendnotification","operation":"is","value":"true:boolean"}]', 3, 1, 'basic', 5, NULL, NULL, NULL, NULL, NULL, NULL),
(14, 'Calendar', 'Workflow for Calendar Todos when Send Notification is True', '[{"fieldname":"sendnotification","operation":"is","value":"true:boolean"}]', 3, 1, 'basic', 5, NULL, NULL, NULL, NULL, NULL, NULL),
(15, 'HelpDesk', 'Comment Added From CRM : Send Email to Organization', '[{"fieldname":"_VT_add_comment","operation":"is added","value":"","valuetype":"rawtext","joincondition":"","groupjoin":"and","groupid":"0"},{"fieldname":"from_portal","operation":"is","value":"0","valuetype":"rawtext","joincondition":"","groupjoin":"and","groupid":"0"},{"fieldname":"(parent_id : (Accounts) emailoptout)","operation":"is","value":"0","valuetype":"rawtext","joincondition":"and","groupjoin":"and","groupid":"0"}]', 3, 1, 'basic', 6, NULL, NULL, NULL, NULL, NULL, NULL),
(16, 'PurchaseOrder', 'Update Inventory Products On Every Save', NULL, 3, 1, 'basic', 5, NULL, NULL, NULL, NULL, NULL, NULL),
(17, 'HelpDesk', 'Comment Added From Portal : Send Email to Record Owner', '[{"fieldname":"_VT_add_comment","operation":"is added","value":"","valuetype":"rawtext","joincondition":"","groupjoin":"and","groupid":"0"},{"fieldname":"from_portal","operation":"is","value":"1","valuetype":"rawtext","joincondition":"","groupjoin":"and","groupid":"0"}]', 3, 1, 'basic', 6, NULL, NULL, NULL, NULL, NULL, NULL),
(18, 'HelpDesk', 'Comment Added From CRM : Send Email to Contact, where Contact is not a Portal User', '[{"fieldname":"(contact_id : (Contacts) portal)","operation":"is","value":"0","valuetype":"rawtext","joincondition":"and","groupjoin":"and","groupid":"0"},{"fieldname":"_VT_add_comment","operation":"is added","value":"","valuetype":"rawtext","joincondition":"","groupjoin":"and","groupid":"0"},{"fieldname":"from_portal","operation":"is","value":"0","valuetype":"rawtext","joincondition":"","groupjoin":"and","groupid":"0"},{"fieldname":"(contact_id : (Contacts) emailoptout)","operation":"is","value":"0","valuetype":"rawtext","joincondition":"and","groupjoin":"and","groupid":"0"}]', 3, 1, 'basic', 6, NULL, NULL, NULL, NULL, NULL, NULL),
(19, 'HelpDesk', 'Comment Added From CRM : Send Email to Contact, where Contact is Portal User', '[{"fieldname":"(contact_id : (Contacts) portal)","operation":"is","value":"1","valuetype":"rawtext","joincondition":"and","groupjoin":"and","groupid":"0"},{"fieldname":"_VT_add_comment","operation":"is added","value":"","valuetype":"rawtext","joincondition":"","groupjoin":"and","groupid":"0"},{"fieldname":"from_portal","operation":"is","value":"0","valuetype":"rawtext","joincondition":"","groupjoin":"and","groupid":"0"},{"fieldname":"(contact_id : (Contacts) emailoptout)","operation":"is","value":"0","valuetype":"rawtext","joincondition":"and","groupjoin":"and","groupid":"0"}]', 3, 1, 'basic', 6, NULL, NULL, NULL, NULL, NULL, NULL),
(20, 'HelpDesk', 'Send Email to Record Owner on Ticket Update', '[{"fieldname":"from_portal","operation":"is","value":0,"valuetype":"rawtext","joincondition":"and","groupjoin":"and","groupid":0},{"fieldname":"ticketstatus","operation":"has changed to","value":"Closed","valuetype":"rawtext","joincondition":"or","groupjoin":"and","groupid":"1"},{"fieldname":"solution","operation":"has changed","value":"","valuetype":"","joincondition":"or","groupjoin":"and","groupid":"1"},{"fieldname":"assigned_user_id","operation":"has changed","value":"","valuetype":"","joincondition":"or","groupjoin":"and","groupid":"1"},{"fieldname":"description","operation":"has changed","value":"","valuetype":"","joincondition":"or","groupjoin":"and","groupid":"1"}]', 3, 1, 'basic', 6, NULL, NULL, NULL, NULL, NULL, NULL),
(21, 'HelpDesk', 'Ticket Creation From CRM : Send Email to Record Owner', '[{"fieldname":"from_portal","operation":"is","value":"0","valuetype":"rawtext","joincondition":"","groupjoin":"and","groupid":"0"}]', 1, 1, 'basic', 6, NULL, NULL, NULL, NULL, NULL, NULL),
(22, 'HelpDesk', 'Send Email to Organization on Ticket Update', '[{"fieldname":"(parent_id : (Accounts) emailoptout)","operation":"is","value":"0","valuetype":"rawtext","joincondition":"and","groupjoin":"and","groupid":"0"},{"fieldname":"from_portal","operation":"is","value":0,"valuetype":"rawtext","joincondition":"and","groupjoin":"and","groupid":0},{"fieldname":"ticketstatus","operation":"has changed to","value":"Closed","valuetype":"rawtext","joincondition":"or","groupjoin":"and","groupid":"1"},{"fieldname":"solution","operation":"has changed","value":"","valuetype":"","joincondition":"or","groupjoin":"and","groupid":"1"},{"fieldname":"description","operation":"has changed","value":"","valuetype":"","joincondition":"or","groupjoin":"and","groupid":"1"}]', 3, 1, 'basic', 6, NULL, NULL, NULL, NULL, NULL, NULL),
(23, 'HelpDesk', 'Ticket Creation From CRM : Send Email to Organization', '[{"fieldname":"(parent_id : (Accounts) emailoptout)","operation":"is","value":"0","valuetype":"rawtext","joincondition":"and","groupjoin":"and","groupid":"0"},{"fieldname":"from_portal","operation":"is","value":"0","valuetype":"rawtext","joincondition":"","groupjoin":"and","groupid":"0"}]', 1, 1, 'basic', 6, NULL, NULL, NULL, NULL, NULL, NULL),
(24, 'HelpDesk', 'Ticket Creation From CRM : Send Email to Contact', '[{"fieldname":"(contact_id : (Contacts) emailoptout)","operation":"is","value":"0","valuetype":"rawtext","joincondition":"and","groupjoin":"and","groupid":"0"},{"fieldname":"from_portal","operation":"is","value":"0","valuetype":"rawtext","joincondition":"","groupjoin":"and","groupid":"0"}]', 1, 1, 'basic', 6, NULL, NULL, NULL, NULL, NULL, NULL);

-- --------------------------------------------------------

--
-- Estructura de tabla para la tabla `com_vtiger_workflows_seq`
--

CREATE TABLE IF NOT EXISTS `com_vtiger_workflows_seq` (
  `id` int(11) NOT NULL
) ENGINE=InnoDB DEFAULT CHARSET=latin1;

--
-- Volcado de datos para la tabla `com_vtiger_workflows_seq`
--

INSERT INTO `com_vtiger_workflows_seq` (`id`) VALUES
(24);

-- --------------------------------------------------------

--
-- Estructura de tabla para la tabla `com_vtiger_workflowtasks`
--

CREATE TABLE IF NOT EXISTS `com_vtiger_workflowtasks` (
`task_id` int(11) NOT NULL,
  `workflow_id` int(11) DEFAULT NULL,
  `summary` varchar(400) NOT NULL,
  `task` text
) ENGINE=InnoDB AUTO_INCREMENT=29 DEFAULT CHARSET=latin1;

--
-- Volcado de datos para la tabla `com_vtiger_workflowtasks`
--

INSERT INTO `com_vtiger_workflowtasks` (`task_id`, `workflow_id`, `summary`, `task`) VALUES
(1, 1, '', 'O:18:"VTEntityMethodTask":6:{s:18:"executeImmediately";b:1;s:10:"workflowId";i:1;s:7:"summary";s:0:"";s:6:"active";b:1;s:10:"methodName";s:15:"UpdateInventory";s:2:"id";i:1;}'),
(2, 2, 'An account has been created ', 'O:11:"VTEmailTask":9:{s:18:"executeImmediately";s:0:"";s:10:"workflowId";s:1:"2";s:7:"summary";s:28:"An account has been created ";s:6:"active";s:1:"1";s:10:"methodName";s:11:"NotifyOwner";s:9:"recepient";s:36:"$(assigned_user_id : (Users) email1)";s:7:"subject";s:26:"Regarding Account Creation";s:7:"content";s:301:"An Account has been assigned to you on vtigerCRM<br>Details of account are :<br><br>AccountId:<b>$account_no</b><br>AccountName:<b>$accountname</b><br>Rating:<b>$rating</b><br>Industry:<b>$industry</b><br>AccountType:<b>$accounttype</b><br>Description:<b>$description</b><br><br><br>Thank You<br>Admin";s:2:"id";s:1:"2";}'),
(3, 3, 'An contact has been created ', 'O:11:"VTEmailTask":9:{s:18:"executeImmediately";s:0:"";s:10:"workflowId";s:1:"3";s:7:"summary";s:28:"An contact has been created ";s:6:"active";s:1:"1";s:10:"methodName";s:11:"NotifyOwner";s:9:"recepient";s:36:"$(assigned_user_id : (Users) email1)";s:7:"subject";s:26:"Regarding Contact Creation";s:7:"content";s:305:"An Contact has been assigned to you on vtigerCRM<br>Details of Contact are :<br><br>Contact Id:<b>$contact_no</b><br>LastName:<b>$lastname</b><br>FirstName:<b>$firstname</b><br>Lead Source:<b>$leadsource</b><br>Department:<b>$department</b><br>Description:<b>$description</b><br><br><br>Thank You<br>Admin";s:2:"id";s:1:"3";}'),
(4, 4, 'Email Customer Portal Login Details', 'O:18:"VTEntityMethodTask":6:{s:18:"executeImmediately";b:1;s:10:"workflowId";i:4;s:7:"summary";s:35:"Email Customer Portal Login Details";s:6:"active";b:1;s:10:"methodName";s:22:"SendPortalLoginDetails";s:2:"id";i:4;}'),
(5, 5, 'An Potential has been created ', 'O:11:"VTEmailTask":8:{s:18:"executeImmediately";s:0:"";s:10:"workflowId";s:1:"5";s:7:"summary";s:30:"An Potential has been created ";s:6:"active";s:1:"1";s:9:"recepient";s:36:"$(assigned_user_id : (Users) email1)";s:7:"subject";s:30:"Regarding Potential Assignment";s:7:"content";s:342:"An Potential has been assigned to you on vtigerCRM<br>Details of Potential are :<br><br>Potential No:<b>$potential_no</b><br>Potential Name:<b>$potentialname</b><br>Amount:<b>$amount</b><br>Expected Close Date:<b>$closingdate ($_DATE_FORMAT_)</b><br>Type:<b>$opportunity_type</b><br><br><br>Description :$description<br><br>Thank You<br>Admin";s:2:"id";s:1:"5";}'),
(6, 6, 'An contact has been created ', 'O:11:"VTEmailTask":8:{s:18:"executeImmediately";s:0:"";s:10:"workflowId";s:1:"6";s:7:"summary";s:28:"An contact has been created ";s:6:"active";s:1:"1";s:9:"recepient";s:36:"$(assigned_user_id : (Users) email1)";s:7:"subject";s:28:"Regarding Contact Assignment";s:7:"content";s:384:"An Contact has been assigned to you on vtigerCRM<br>Details of Contact are :<br><br>Contact Id:<b>$contact_no</b><br>LastName:<b>$lastname</b><br>FirstName:<b>$firstname</b><br>Lead Source:<b>$leadsource</b><br>Department:<b>$department</b><br>Description:<b>$description</b><br><br><br>And <b>CustomerPortal Login Details</b> is sent to the EmailID :-$email<br><br>Thank You<br>Admin";s:2:"id";s:1:"6";}'),
(7, 7, 'Notify Related Contact when Ticket is created from Portal', 'O:11:"VTEmailTask":9:{s:18:"executeImmediately";s:1:"0";s:7:"summary";s:57:"Notify Related Contact when Ticket is created from Portal";s:6:"active";s:1:"1";s:2:"id";s:1:"7";s:10:"workflowId";s:1:"7";s:9:"fromEmail";s:93:"$(general : (__VtigerMeta__) supportName)&lt;$(general : (__VtigerMeta__) supportEmailId)&gt;";s:9:"recepient";s:33:",$(contact_id : (Contacts) email)";s:7:"subject";s:93:"[From Portal] $ticket_no [ Ticket Id : $(general : (__VtigerMeta__) recordId) ] $ticket_title";s:7:"content";s:161:"Ticket No : $ticket_no<br>\r\n							  Ticket ID : $(general : (__VtigerMeta__) recordId)<br>\r\n							  Ticket Title : $ticket_title<br><br>\r\n							  $description";}'),
(10, 9, 'Send Email to Contact on Ticket Update', 'O:11:"VTEmailTask":9:{s:18:"executeImmediately";s:1:"0";s:7:"summary";s:38:"Send Email to Contact on Ticket Update";s:6:"active";s:1:"1";s:2:"id";s:2:"10";s:9:"fromEmail";s:93:"$(general : (__VtigerMeta__) supportName)&lt;$(general : (__VtigerMeta__) supportEmailId)&gt;";s:9:"recepient";s:33:",$(contact_id : (Contacts) email)";s:7:"subject";s:79:"$ticket_no [ Ticket Id : $(general : (__VtigerMeta__) recordId) ] $ticket_title";s:7:"content";s:636:"Ticket ID : $(general : (__VtigerMeta__) recordId)<br>Ticket Title : $ticket_title<br><br>\r\n								Dear $(contact_id : (Contacts) lastname) $(contact_id : (Contacts) firstname),<br><br>\r\n								The Ticket is replied the details are :<br><br>\r\n								Ticket No : $ticket_no<br>\r\n								Status : $ticketstatus<br>\r\n								Category : $ticketcategories<br>\r\n								Severity : $ticketseverities<br>\r\n								Priority : $ticketpriorities<br><br>\r\n								Description : <br>$description<br><br>\r\n								Solution : <br>$solution<br>\r\n								The comments are : <br>\r\n								$allComments<br><br>\r\n								Regards<br>Support Administrator";s:10:"workflowId";s:1:"9";}'),
(13, 12, 'update forecast amount', 'O:18:"VTUpdateFieldsTask":6:{s:18:"executeImmediately";b:1;s:10:"workflowId";i:12;s:7:"summary";s:22:"update forecast amount";s:6:"active";b:1;s:19:"field_value_mapping";s:95:"[{"fieldname":"forecast_amount","valuetype":"expression","value":"amount * probability / 100"}]";s:2:"id";i:13;}'),
(14, 13, 'Send Notification Email to Record Owner', 'O:11:"VTEmailTask":8:{s:18:"executeImmediately";s:0:"";s:10:"workflowId";s:2:"13";s:7:"summary";s:39:"Send Notification Email to Record Owner";s:6:"active";s:1:"1";s:9:"recepient";s:36:"$(assigned_user_id : (Users) email1)";s:7:"subject";s:17:"Event :  $subject";s:7:"content";s:771:"$(assigned_user_id : (Users) last_name) $(assigned_user_id : (Users) first_name) ,<br/><b>Activity Notification Details:</b><br/>Subject             : $subject<br/>Start date and time : $date_start ($(general : (__VtigerMeta__) usertimezone))<br/>End date and time   : $due_date ($(general : (__VtigerMeta__) usertimezone)) <br/>Status              : $eventstatus <br/>Priority            : $taskpriority <br/>Related To          : $(parent_id : (Leads) lastname) $(parent_id : (Leads) firstname) $(parent_id : (Accounts) accountname) $(parent_id : (Potentials) potentialname) $(parent_id : (HelpDesk) ticket_title) $(parent_id : (Campaigns) campaignname) <br/>Contacts List       : $contact_id <br/>Location            : $location <br/>Description         : $description";s:2:"id";s:2:"14";}'),
(15, 14, 'Send Notification Email to Record Owner', 'O:11:"VTEmailTask":8:{s:18:"executeImmediately";s:0:"";s:10:"workflowId";s:2:"14";s:7:"summary";s:39:"Send Notification Email to Record Owner";s:6:"active";s:1:"1";s:9:"recepient";s:36:"$(assigned_user_id : (Users) email1)";s:7:"subject";s:16:"Task :  $subject";s:7:"content";s:689:"$(assigned_user_id : (Users) last_name) $(assigned_user_id : (Users) first_name) ,<br/><b>Task Notification Details:</b><br/>Subject : $subject<br/>Start date and time : $date_start ($(general : (__VtigerMeta__) usertimezone))<br/>End date and time   : $due_date ($_DATE_FORMAT_) <br/>Status              : $taskstatus <br/>Priority            : $taskpriority <br/>Related To          : $(parent_id : (Leads) lastname) $(parent_id : (Leads) firstname) $(parent_id : (Accounts) accountname) $(parent_id : (Potentials) potentialname) $(parent_id : (HelpDesk) ticket_title) $(parent_id : (Campaigns) campaignname) <br/>Contacts List       : $contact_id <br/>Description         : $description";s:2:"id";s:2:"15";}'),
(18, 16, 'Update Inventory Products', 'O:18:"VTEntityMethodTask":6:{s:18:"executeImmediately";b:1;s:10:"workflowId";i:16;s:7:"summary";s:25:"Update Inventory Products";s:6:"active";b:1;s:10:"methodName";s:15:"UpdateInventory";s:2:"id";i:18;}'),
(19, 17, 'Comment Added From Portal : Send Email to Record Owner', 'O:11:"VTEmailTask":9:{s:18:"executeImmediately";s:1:"0";s:7:"summary";s:54:"Comment Added From Portal : Send Email to Record Owner";s:6:"active";s:1:"1";s:2:"id";s:2:"19";s:10:"workflowId";s:2:"17";s:9:"fromEmail";s:112:"$(contact_id : (Contacts) lastname) $(contact_id : (Contacts) firstname)&lt;$(contact_id : (Contacts) email)&gt;";s:9:"recepient";s:37:",$(assigned_user_id : (Users) email1)";s:7:"subject";s:92:"Respond to Ticket ID## $(general : (__VtigerMeta__) recordId) ## in Customer Portal - URGENT";s:7:"content";s:329:"Dear $(assigned_user_id : (Users) last_name) $(assigned_user_id : (Users) first_name),<br><br>\r\n								Customer has provided the following additional information to your reply:<br><br>\r\n								<b>$lastComment</b><br><br>\r\n								Kindly respond to above ticket at the earliest.<br><br>\r\n								Regards<br>Support Administrator";}'),
(20, 18, 'Comment Added From CRM : Send Email to Contact, where Contact is not a Portal User', 'O:11:"VTEmailTask":9:{s:18:"executeImmediately";s:1:"0";s:7:"summary";s:82:"Comment Added From CRM : Send Email to Contact, where Contact is not a Portal User";s:6:"active";s:1:"1";s:2:"id";s:2:"20";s:10:"workflowId";s:2:"18";s:9:"fromEmail";s:93:"$(general : (__VtigerMeta__) supportName)&lt;$(general : (__VtigerMeta__) supportEmailId)&gt;";s:9:"recepient";s:33:",$(contact_id : (Contacts) email)";s:7:"subject";s:79:"$ticket_no [ Ticket Id : $(general : (__VtigerMeta__) recordId) ] $ticket_title";s:7:"content";s:525:"Dear $(contact_id : (Contacts) lastname) $(contact_id : (Contacts) firstname),<br><br>\r\n							The Ticket is replied the details are :<br><br>\r\n							Ticket No : $ticket_no<br>\r\n							Status : $ticketstatus<br>\r\n							Category : $ticketcategories<br>\r\n							Severity : $ticketseverities<br>\r\n							Priority : $ticketpriorities<br><br>\r\n							Description : <br>$description<br><br>\r\n							Solution : <br>$solution<br>\r\n							The comments are : <br>\r\n							$allComments<br><br>\r\n							Regards<br>Support Administrator";}'),
(21, 19, 'Comment Added From CRM : Send Email to Contact, where Contact is Portal User', 'O:11:"VTEmailTask":9:{s:18:"executeImmediately";s:1:"0";s:7:"summary";s:76:"Comment Added From CRM : Send Email to Contact, where Contact is Portal User";s:6:"active";s:1:"1";s:2:"id";s:2:"21";s:10:"workflowId";s:2:"19";s:9:"fromEmail";s:93:"$(general : (__VtigerMeta__) supportName)&lt;$(general : (__VtigerMeta__) supportEmailId)&gt;";s:9:"recepient";s:33:",$(contact_id : (Contacts) email)";s:7:"subject";s:79:"$ticket_no [ Ticket Id : $(general : (__VtigerMeta__) recordId) ] $ticket_title";s:7:"content";s:554:"Ticket No : $ticket_no<br>\r\n										Ticket Id : $(general : (__VtigerMeta__) recordId)<br>\r\n										Subject : $ticket_title<br><br>\r\n										Dear $(contact_id : (Contacts) lastname) $(contact_id : (Contacts) firstname),<br><br>\r\n										There is a reply to <b>$ticket_title</b> in the "Customer Portal" at VTiger.\r\n										You can use the following link to view the replies made:<br>\r\n										<a href="$(general : (__VtigerMeta__) portaldetailviewurl)">Ticket Details</a><br><br>\r\n										Thanks<br>$(general : (__VtigerMeta__) supportName)";}'),
(22, 15, 'Comment Added From CRM : Send Email to Organization', 'O:11:"VTEmailTask":9:{s:18:"executeImmediately";s:1:"0";s:7:"summary";s:51:"Comment Added From CRM : Send Email to Organization";s:6:"active";s:1:"1";s:2:"id";s:2:"22";s:10:"workflowId";s:2:"15";s:9:"fromEmail";s:93:"$(general : (__VtigerMeta__) supportName)&lt;$(general : (__VtigerMeta__) supportEmailId)&gt;";s:9:"recepient";s:34:",$(parent_id : (Accounts) email1),";s:7:"subject";s:79:"$ticket_no [ Ticket Id : $(general : (__VtigerMeta__) recordId) ] $ticket_title";s:7:"content";s:601:"Ticket ID : $(general : (__VtigerMeta__) recordId)<br>Ticket Title : $ticket_title<br><br>\r\n								Dear $(parent_id : (Accounts) accountname),<br><br>\r\n								The Ticket is replied the details are :<br><br>\r\n								Ticket No : $ticket_no<br>\r\n								Status : $ticketstatus<br>\r\n								Category : $ticketcategories<br>\r\n								Severity : $ticketseverities<br>\r\n								Priority : $ticketpriorities<br><br>\r\n								Description : <br>$description<br><br>\r\n								Solution : <br>$solution<br>\r\n								The comments are : <br>\r\n								$allComments<br><br>\r\n								Regards<br>Support Administrator";}'),
(23, 7, 'Notify Record Owner when Ticket is created from Portal', 'O:11:"VTEmailTask":9:{s:18:"executeImmediately";s:1:"0";s:7:"summary";s:54:"Notify Record Owner when Ticket is created from Portal";s:6:"active";s:1:"1";s:2:"id";s:2:"23";s:10:"workflowId";s:1:"7";s:9:"fromEmail";s:124:"$(contact_id : (Contacts) lastname) $(contact_id : (Contacts) firstname)&lt;$(general : (__VtigerMeta__) supportEmailId)&gt;";s:9:"recepient";s:37:",$(assigned_user_id : (Users) email1)";s:7:"subject";s:93:"[From Portal] $ticket_no [ Ticket Id : $(general : (__VtigerMeta__) recordId) ] $ticket_title";s:7:"content";s:161:"Ticket No : $ticket_no<br>\r\n							  Ticket ID : $(general : (__VtigerMeta__) recordId)<br>\r\n							  Ticket Title : $ticket_title<br><br>\r\n							  $description";}'),
(24, 20, 'Send Email to Record Owner on Ticket Update', 'O:11:"VTEmailTask":9:{s:18:"executeImmediately";s:1:"0";s:7:"summary";s:43:"Send Email to Record Owner on Ticket Update";s:6:"active";s:1:"1";s:2:"id";s:2:"24";s:10:"workflowId";s:2:"20";s:9:"fromEmail";s:93:"$(general : (__VtigerMeta__) supportName)&lt;$(general : (__VtigerMeta__) supportEmailId)&gt;";s:9:"recepient";s:37:",$(assigned_user_id : (Users) email1)";s:7:"subject";s:40:"Ticket Number : $ticket_no $ticket_title";s:7:"content";s:607:"Ticket ID : $(general : (__VtigerMeta__) recordId)<br>Ticket Title : $ticket_title<br><br>\r\n								Dear $(assigned_user_id : (Users) last_name) $(assigned_user_id : (Users) first_name),<br><br>\r\n								The Ticket is replied the details are :<br><br>\r\n								Ticket No : $ticket_no<br>\r\n								Status : $ticketstatus<br>\r\n								Category : $ticketcategories<br>\r\n								Severity : $ticketseverities<br>\r\n								Priority : $ticketpriorities<br><br>\r\n								Description : <br>$description<br><br>\r\n								Solution : <br>$solution\r\n								$allComments<br><br>\r\n								Regards<br>Support Administrator";}'),
(25, 21, 'Ticket Creation From CRM : Send Email to Record Owner', 'O:11:"VTEmailTask":9:{s:18:"executeImmediately";s:1:"0";s:7:"summary";s:53:"Ticket Creation From CRM : Send Email to Record Owner";s:6:"active";s:1:"1";s:2:"id";s:2:"25";s:10:"workflowId";s:2:"21";s:9:"fromEmail";s:93:"$(general : (__VtigerMeta__) supportName)&lt;$(general : (__VtigerMeta__) supportEmailId)&gt;";s:9:"recepient";s:37:",$(assigned_user_id : (Users) email1)";s:7:"subject";s:40:"Ticket Number : $ticket_no $ticket_title";s:7:"content";s:607:"Ticket ID : $(general : (__VtigerMeta__) recordId)<br>Ticket Title : $ticket_title<br><br>\r\n								Dear $(assigned_user_id : (Users) last_name) $(assigned_user_id : (Users) first_name),<br><br>\r\n								The Ticket is replied the details are :<br><br>\r\n								Ticket No : $ticket_no<br>\r\n								Status : $ticketstatus<br>\r\n								Category : $ticketcategories<br>\r\n								Severity : $ticketseverities<br>\r\n								Priority : $ticketpriorities<br><br>\r\n								Description : <br>$description<br><br>\r\n								Solution : <br>$solution\r\n								$allComments<br><br>\r\n								Regards<br>Support Administrator";}'),
(26, 22, 'Send Email to Organization on Ticket Update', 'O:11:"VTEmailTask":9:{s:18:"executeImmediately";s:1:"0";s:7:"summary";s:43:"Send Email to Organization on Ticket Update";s:6:"active";s:1:"1";s:2:"id";s:2:"26";s:9:"fromEmail";s:93:"$(general : (__VtigerMeta__) supportName)&lt;$(general : (__VtigerMeta__) supportEmailId)&gt;";s:9:"recepient";s:33:",$(parent_id : (Accounts) email1)";s:7:"subject";s:79:"$ticket_no [ Ticket Id : $(general : (__VtigerMeta__) recordId) ] $ticket_title";s:7:"content";s:601:"Ticket ID : $(general : (__VtigerMeta__) recordId)<br>Ticket Title : $ticket_title<br><br>\r\n								Dear $(parent_id : (Accounts) accountname),<br><br>\r\n								The Ticket is replied the details are :<br><br>\r\n								Ticket No : $ticket_no<br>\r\n								Status : $ticketstatus<br>\r\n								Category : $ticketcategories<br>\r\n								Severity : $ticketseverities<br>\r\n								Priority : $ticketpriorities<br><br>\r\n								Description : <br>$description<br><br>\r\n								Solution : <br>$solution<br>\r\n								The comments are : <br>\r\n								$allComments<br><br>\r\n								Regards<br>Support Administrator";s:10:"workflowId";s:2:"22";}'),
(27, 23, 'Ticket Creation From CRM : Send Email to Organization', 'O:11:"VTEmailTask":9:{s:18:"executeImmediately";s:1:"0";s:7:"summary";s:53:"Ticket Creation From CRM : Send Email to Organization";s:6:"active";s:1:"1";s:2:"id";s:2:"27";s:9:"fromEmail";s:93:"$(general : (__VtigerMeta__) supportName)&lt;$(general : (__VtigerMeta__) supportEmailId)&gt;";s:9:"recepient";s:33:",$(parent_id : (Accounts) email1)";s:7:"subject";s:79:"$ticket_no [ Ticket Id : $(general : (__VtigerMeta__) recordId) ] $ticket_title";s:7:"content";s:601:"Ticket ID : $(general : (__VtigerMeta__) recordId)<br>Ticket Title : $ticket_title<br><br>\r\n								Dear $(parent_id : (Accounts) accountname),<br><br>\r\n								The Ticket is replied the details are :<br><br>\r\n								Ticket No : $ticket_no<br>\r\n								Status : $ticketstatus<br>\r\n								Category : $ticketcategories<br>\r\n								Severity : $ticketseverities<br>\r\n								Priority : $ticketpriorities<br><br>\r\n								Description : <br>$description<br><br>\r\n								Solution : <br>$solution<br>\r\n								The comments are : <br>\r\n								$allComments<br><br>\r\n								Regards<br>Support Administrator";s:10:"workflowId";s:2:"23";}'),
(28, 24, 'Ticket Creation From CRM : Send Email to Contact', 'O:11:"VTEmailTask":9:{s:18:"executeImmediately";s:1:"0";s:7:"summary";s:48:"Ticket Creation From CRM : Send Email to Contact";s:6:"active";s:1:"1";s:2:"id";s:2:"28";s:9:"fromEmail";s:93:"$(general : (__VtigerMeta__) supportName)&lt;$(general : (__VtigerMeta__) supportEmailId)&gt;";s:9:"recepient";s:33:",$(contact_id : (Contacts) email)";s:7:"subject";s:79:"$ticket_no [ Ticket Id : $(general : (__VtigerMeta__) recordId) ] $ticket_title";s:7:"content";s:636:"Ticket ID : $(general : (__VtigerMeta__) recordId)<br>Ticket Title : $ticket_title<br><br>\r\n								Dear $(contact_id : (Contacts) lastname) $(contact_id : (Contacts) firstname),<br><br>\r\n								The Ticket is replied the details are :<br><br>\r\n								Ticket No : $ticket_no<br>\r\n								Status : $ticketstatus<br>\r\n								Category : $ticketcategories<br>\r\n								Severity : $ticketseverities<br>\r\n								Priority : $ticketpriorities<br><br>\r\n								Description : <br>$description<br><br>\r\n								Solution : <br>$solution<br>\r\n								The comments are : <br>\r\n								$allComments<br><br>\r\n								Regards<br>Support Administrator";s:10:"workflowId";s:2:"24";}');

-- --------------------------------------------------------

--
-- Estructura de tabla para la tabla `com_vtiger_workflowtasks_entitymethod`
--

CREATE TABLE IF NOT EXISTS `com_vtiger_workflowtasks_entitymethod` (
  `workflowtasks_entitymethod_id` int(11) NOT NULL,
  `module_name` varchar(100) DEFAULT NULL,
  `method_name` varchar(100) DEFAULT NULL,
  `function_path` varchar(400) DEFAULT NULL,
  `function_name` varchar(100) DEFAULT NULL
) ENGINE=InnoDB DEFAULT CHARSET=latin1;

--
-- Volcado de datos para la tabla `com_vtiger_workflowtasks_entitymethod`
--

INSERT INTO `com_vtiger_workflowtasks_entitymethod` (`workflowtasks_entitymethod_id`, `module_name`, `method_name`, `function_path`, `function_name`) VALUES
(1, 'SalesOrder', 'UpdateInventory', 'include/InventoryHandler.php', 'handleInventoryProductRel'),
(2, 'Invoice', 'UpdateInventory', 'include/InventoryHandler.php', 'handleInventoryProductRel'),
(3, 'Contacts', 'SendPortalLoginDetails', 'modules/Contacts/ContactsHandler.php', 'Contacts_sendCustomerPortalLoginDetails'),
(4, 'HelpDesk', 'NotifyOnPortalTicketCreation', 'modules/HelpDesk/HelpDeskHandler.php', 'HelpDesk_nofifyOnPortalTicketCreation'),
(5, 'HelpDesk', 'NotifyOnPortalTicketComment', 'modules/HelpDesk/HelpDeskHandler.php', 'HelpDesk_notifyOnPortalTicketComment'),
(6, 'HelpDesk', 'NotifyOwnerOnTicketChange', 'modules/HelpDesk/HelpDeskHandler.php', 'HelpDesk_notifyOwnerOnTicketChange'),
(7, 'HelpDesk', 'NotifyParentOnTicketChange', 'modules/HelpDesk/HelpDeskHandler.php', 'HelpDesk_notifyParentOnTicketChange'),
(8, 'ModComments', 'CustomerCommentFromPortal', 'modules/ModComments/ModCommentsHandler.php', 'CustomerCommentFromPortal'),
(9, 'ModComments', 'TicketOwnerComments', 'modules/ModComments/ModCommentsHandler.php', 'TicketOwnerComments'),
(10, 'PurchaseOrder', 'UpdateInventory', 'include/InventoryHandler.php', 'handleInventoryProductRel');

-- --------------------------------------------------------

--
-- Estructura de tabla para la tabla `com_vtiger_workflowtasks_entitymethod_seq`
--

CREATE TABLE IF NOT EXISTS `com_vtiger_workflowtasks_entitymethod_seq` (
  `id` int(11) NOT NULL
) ENGINE=InnoDB DEFAULT CHARSET=latin1;

--
-- Volcado de datos para la tabla `com_vtiger_workflowtasks_entitymethod_seq`
--

INSERT INTO `com_vtiger_workflowtasks_entitymethod_seq` (`id`) VALUES
(10);

-- --------------------------------------------------------

--
-- Estructura de tabla para la tabla `com_vtiger_workflowtasks_seq`
--

CREATE TABLE IF NOT EXISTS `com_vtiger_workflowtasks_seq` (
  `id` int(11) NOT NULL
) ENGINE=InnoDB DEFAULT CHARSET=latin1;

--
-- Volcado de datos para la tabla `com_vtiger_workflowtasks_seq`
--

INSERT INTO `com_vtiger_workflowtasks_seq` (`id`) VALUES
(28);

-- --------------------------------------------------------

--
-- Estructura de tabla para la tabla `com_vtiger_workflowtask_queue`
--

CREATE TABLE IF NOT EXISTS `com_vtiger_workflowtask_queue` (
  `task_id` int(11) DEFAULT NULL,
  `entity_id` varchar(100) DEFAULT NULL,
  `do_after` int(11) DEFAULT NULL,
  `task_contents` text
) ENGINE=InnoDB DEFAULT CHARSET=latin1;

--
-- Volcado de datos para la tabla `com_vtiger_workflowtask_queue`
--

INSERT INTO `com_vtiger_workflowtask_queue` (`task_id`, `entity_id`, `do_after`, `task_contents`) VALUES
(6, '12x2', 0, '{"fromEmail":"sistemas@cleaner.com.co","fromName":"admin","toEmail":"sistemas@cleaner.com.co","ccEmail":"","bccEmail":"","subject":"Regarding Contact Assignment","content":"An Contact has been assigned to you on vtigerCRM<br>Details of Contact are :<br><br>Contact Id:<b>CON1<\\/b><br>LastName:<b>Cruz<\\/b><br>FirstName:<b>Alejandro<\\/b><br>Lead Source:<b><\\/b><br>Department:<b><\\/b><br>Description:<b><\\/b><br><br><br>And <b>CustomerPortal Login Details<\\/b> is sent to the EmailID :-dalejocruz0404@hotmail.com<br><br>Thank You<br>Admin"}'),
(6, '12x3', 0, '{"fromEmail":"sistemas@cleaner.com.co","fromName":"admin","toEmail":"sistemas@cleaner.com.co","ccEmail":"","bccEmail":"","subject":"Regarding Contact Assignment","content":"An Contact has been assigned to you on vtigerCRM<br>Details of Contact are :<br><br>Contact Id:<b>CON2<\\/b><br>LastName:<b>Fonseca<\\/b><br>FirstName:<b>David<\\/b><br>Lead Source:<b><\\/b><br>Department:<b><\\/b><br>Description:<b><\\/b><br><br><br>And <b>CustomerPortal Login Details<\\/b> is sent to the EmailID :-<br><br>Thank You<br>Admin"}'),
(6, '12x4', 0, '{"fromEmail":"sistemas@cleaner.com.co","fromName":"admin","toEmail":"sistemas@cleaner.com.co","ccEmail":"","bccEmail":"","subject":"Regarding Contact Assignment","content":"An Contact has been assigned to you on vtigerCRM<br>Details of Contact are :<br><br>Contact Id:<b>CON3<\\/b><br>LastName:<b>Cruz<\\/b><br>FirstName:<b>Alejandro<\\/b><br>Lead Source:<b><\\/b><br>Department:<b><\\/b><br>Description:<b><\\/b><br><br><br>And <b>CustomerPortal Login Details<\\/b> is sent to the EmailID :-dalejocruz0404@hotmail.com<br><br>Thank You<br>Admin"}'),
(6, '12x5', 0, '{"fromEmail":"sistemas@cleaner.com.co","fromName":"admin","toEmail":"sistemas@cleaner.com.co","ccEmail":"","bccEmail":"","subject":"Regarding Contact Assignment","content":"An Contact has been assigned to you on vtigerCRM<br>Details of Contact are :<br><br>Contact Id:<b>CON4<\\/b><br>LastName:<b>Castillo<\\/b><br>FirstName:<b>Leonardo<\\/b><br>Lead Source:<b><\\/b><br>Department:<b><\\/b><br>Description:<b><\\/b><br><br><br>And <b>CustomerPortal Login Details<\\/b> is sent to the EmailID :-ljcl79@gmail.com<br><br>Thank You<br>Admin"}'),
(6, '12x5', 0, '{"fromEmail":"sistemas@cleaner.com.co","fromName":"admin","toEmail":"sistemas@cleaner.com.co","ccEmail":"","bccEmail":"","subject":"Regarding Contact Assignment","content":"An Contact has been assigned to you on vtigerCRM<br>Details of Contact are :<br><br>Contact Id:<b>CON4<\\/b><br>LastName:<b>Castillo<\\/b><br>FirstName:<b>Leonardo<\\/b><br>Lead Source:<b><\\/b><br>Department:<b><\\/b><br>Description:<b><\\/b><br><br><br>And <b>CustomerPortal Login Details<\\/b> is sent to the EmailID :-ljcl79@gmail.com<br><br>Thank You<br>Admin"}'),
(6, '12x7', 0, '{"fromEmail":"sistemas@cleaner.com.co","fromName":"admin","toEmail":"sistemas@cleaner.com.co","ccEmail":"","bccEmail":"","subject":"Regarding Contact Assignment","content":"An Contact has been assigned to you on vtigerCRM<br>Details of Contact are :<br><br>Contact Id:<b>CON5<\\/b><br>LastName:<b>Castillo<\\/b><br>FirstName:<b>Leonardo<\\/b><br>Lead Source:<b><\\/b><br>Department:<b><\\/b><br>Description:<b><\\/b><br><br><br>And <b>CustomerPortal Login Details<\\/b> is sent to the EmailID :-leonardo.castillo@otaca.net<br><br>Thank You<br>Admin"}');

-- --------------------------------------------------------

--
-- Estructura de tabla para la tabla `com_vtiger_workflowtemplates`
--

CREATE TABLE IF NOT EXISTS `com_vtiger_workflowtemplates` (
`template_id` int(11) NOT NULL,
  `module_name` varchar(100) DEFAULT NULL,
  `title` varchar(400) DEFAULT NULL,
  `template` text
) ENGINE=InnoDB DEFAULT CHARSET=latin1;

-- --------------------------------------------------------

--
-- Estructura de tabla para la tabla `com_vtiger_workflow_activatedonce`
--

CREATE TABLE IF NOT EXISTS `com_vtiger_workflow_activatedonce` (
  `workflow_id` int(11) NOT NULL,
  `entity_id` int(11) NOT NULL
) ENGINE=InnoDB DEFAULT CHARSET=latin1;

--
-- Volcado de datos para la tabla `com_vtiger_workflow_activatedonce`
--

INSERT INTO `com_vtiger_workflow_activatedonce` (`workflow_id`, `entity_id`) VALUES
(4, 2),
(4, 4),
(4, 5),
(4, 7);

-- --------------------------------------------------------

--
-- Estructura de tabla para la tabla `com_vtiger_workflow_tasktypes`
--

CREATE TABLE IF NOT EXISTS `com_vtiger_workflow_tasktypes` (
  `id` int(11) NOT NULL,
  `tasktypename` varchar(255) NOT NULL,
  `label` varchar(255) DEFAULT NULL,
  `classname` varchar(255) DEFAULT NULL,
  `classpath` varchar(255) DEFAULT NULL,
  `templatepath` varchar(255) DEFAULT NULL,
  `modules` varchar(500) DEFAULT NULL,
  `sourcemodule` varchar(255) DEFAULT NULL
) ENGINE=InnoDB DEFAULT CHARSET=latin1;

--
-- Volcado de datos para la tabla `com_vtiger_workflow_tasktypes`
--

INSERT INTO `com_vtiger_workflow_tasktypes` (`id`, `tasktypename`, `label`, `classname`, `classpath`, `templatepath`, `modules`, `sourcemodule`) VALUES
(1, 'VTEmailTask', 'Send Mail', 'VTEmailTask', 'modules/com_vtiger_workflow/tasks/VTEmailTask.inc', 'com_vtiger_workflow/taskforms/VTEmailTask.tpl', '{"include":[],"exclude":[]}', ''),
(2, 'VTEntityMethodTask', 'Invoke Custom Function', 'VTEntityMethodTask', 'modules/com_vtiger_workflow/tasks/VTEntityMethodTask.inc', 'com_vtiger_workflow/taskforms/VTEntityMethodTask.tpl', '{"include":[],"exclude":[]}', ''),
(3, 'VTCreateTodoTask', 'Create Todo', 'VTCreateTodoTask', 'modules/com_vtiger_workflow/tasks/VTCreateTodoTask.inc', 'com_vtiger_workflow/taskforms/VTCreateTodoTask.tpl', '{"include":["Leads","Accounts","Potentials","Contacts","HelpDesk","Campaigns","Quotes","PurchaseOrder","SalesOrder","Invoice"],"exclude":["Calendar","FAQ","Events"]}', ''),
(4, 'VTCreateEventTask', 'Create Event', 'VTCreateEventTask', 'modules/com_vtiger_workflow/tasks/VTCreateEventTask.inc', 'com_vtiger_workflow/taskforms/VTCreateEventTask.tpl', '{"include":["Leads","Accounts","Potentials","Contacts","HelpDesk","Campaigns"],"exclude":["Calendar","FAQ","Events"]}', ''),
(5, 'VTUpdateFieldsTask', 'Update Fields', 'VTUpdateFieldsTask', 'modules/com_vtiger_workflow/tasks/VTUpdateFieldsTask.inc', 'com_vtiger_workflow/taskforms/VTUpdateFieldsTask.tpl', '{"include":[],"exclude":[]}', ''),
(6, 'VTCreateEntityTask', 'Create Entity', 'VTCreateEntityTask', 'modules/com_vtiger_workflow/tasks/VTCreateEntityTask.inc', 'com_vtiger_workflow/taskforms/VTCreateEntityTask.tpl', '{"include":[],"exclude":[]}', ''),
(7, 'VTSMSTask', 'SMS Task', 'VTSMSTask', 'modules/com_vtiger_workflow/tasks/VTSMSTask.inc', 'com_vtiger_workflow/taskforms/VTSMSTask.tpl', '{"include":[],"exclude":[]}', 'SMSNotifier');

-- --------------------------------------------------------

--
-- Estructura de tabla para la tabla `com_vtiger_workflow_tasktypes_seq`
--

CREATE TABLE IF NOT EXISTS `com_vtiger_workflow_tasktypes_seq` (
  `id` int(11) NOT NULL
) ENGINE=InnoDB DEFAULT CHARSET=latin1;

--
-- Volcado de datos para la tabla `com_vtiger_workflow_tasktypes_seq`
--

INSERT INTO `com_vtiger_workflow_tasktypes_seq` (`id`) VALUES
(7);

-- --------------------------------------------------------

--
-- Estructura de tabla para la tabla `vtiger_account`
--

CREATE TABLE IF NOT EXISTS `vtiger_account` (
  `accountid` int(19) NOT NULL DEFAULT '0',
  `account_no` varchar(100) NOT NULL,
  `accountname` varchar(100) NOT NULL,
  `parentid` int(19) DEFAULT '0',
  `account_type` varchar(200) DEFAULT NULL,
  `industry` varchar(200) DEFAULT NULL,
  `annualrevenue` decimal(25,8) DEFAULT NULL,
  `rating` varchar(200) DEFAULT NULL,
  `ownership` varchar(50) DEFAULT NULL,
  `siccode` varchar(50) DEFAULT NULL,
  `tickersymbol` varchar(30) DEFAULT NULL,
  `phone` varchar(30) DEFAULT NULL,
  `otherphone` varchar(30) DEFAULT NULL,
  `email1` varchar(100) DEFAULT NULL,
  `email2` varchar(100) DEFAULT NULL,
  `website` varchar(100) DEFAULT NULL,
  `fax` varchar(30) DEFAULT NULL,
  `employees` int(10) DEFAULT '0',
  `emailoptout` varchar(3) DEFAULT '0',
  `notify_owner` varchar(3) DEFAULT '0',
  `isconvertedfromlead` varchar(3) DEFAULT '0'
) ENGINE=InnoDB DEFAULT CHARSET=latin1;

--
-- Volcado de datos para la tabla `vtiger_account`
--

INSERT INTO `vtiger_account` (`accountid`, `account_no`, `accountname`, `parentid`, `account_type`, `industry`, `annualrevenue`, `rating`, `ownership`, `siccode`, `tickersymbol`, `phone`, `otherphone`, `email1`, `email2`, `website`, `fax`, `employees`, `emailoptout`, `notify_owner`, `isconvertedfromlead`) VALUES
(6, 'ACC1', 'VtigerVenezuela', 0, '', '', 0.00000000, '', '', '', '', '', '', '', '', '', '', 0, '0', '0', '0');

-- --------------------------------------------------------

--
-- Estructura de tabla para la tabla `vtiger_accountbillads`
--

CREATE TABLE IF NOT EXISTS `vtiger_accountbillads` (
  `accountaddressid` int(19) NOT NULL DEFAULT '0',
  `bill_city` varchar(30) DEFAULT NULL,
  `bill_code` varchar(30) DEFAULT NULL,
  `bill_country` varchar(30) DEFAULT NULL,
  `bill_state` varchar(30) DEFAULT NULL,
  `bill_street` varchar(250) DEFAULT NULL,
  `bill_pobox` varchar(30) DEFAULT NULL
) ENGINE=InnoDB DEFAULT CHARSET=latin1;

--
-- Volcado de datos para la tabla `vtiger_accountbillads`
--

INSERT INTO `vtiger_accountbillads` (`accountaddressid`, `bill_city`, `bill_code`, `bill_country`, `bill_state`, `bill_street`, `bill_pobox`) VALUES
(6, '', '', '', '', '', '');

-- --------------------------------------------------------

--
-- Estructura de tabla para la tabla `vtiger_accountrating`
--

CREATE TABLE IF NOT EXISTS `vtiger_accountrating` (
`accountratingid` int(19) NOT NULL,
  `rating` varchar(200) NOT NULL,
  `sortorderid` int(19) NOT NULL DEFAULT '0',
  `presence` int(1) NOT NULL DEFAULT '1'
) ENGINE=InnoDB DEFAULT CHARSET=latin1;

-- --------------------------------------------------------

--
-- Estructura de tabla para la tabla `vtiger_accountscf`
--

CREATE TABLE IF NOT EXISTS `vtiger_accountscf` (
  `accountid` int(19) NOT NULL DEFAULT '0'
) ENGINE=InnoDB DEFAULT CHARSET=latin1;

--
-- Volcado de datos para la tabla `vtiger_accountscf`
--

INSERT INTO `vtiger_accountscf` (`accountid`) VALUES
(6);

-- --------------------------------------------------------

--
-- Estructura de tabla para la tabla `vtiger_accountshipads`
--

CREATE TABLE IF NOT EXISTS `vtiger_accountshipads` (
  `accountaddressid` int(19) NOT NULL DEFAULT '0',
  `ship_city` varchar(30) DEFAULT NULL,
  `ship_code` varchar(30) DEFAULT NULL,
  `ship_country` varchar(30) DEFAULT NULL,
  `ship_state` varchar(30) DEFAULT NULL,
  `ship_pobox` varchar(30) DEFAULT NULL,
  `ship_street` varchar(250) DEFAULT NULL
) ENGINE=InnoDB DEFAULT CHARSET=latin1;

--
-- Volcado de datos para la tabla `vtiger_accountshipads`
--

INSERT INTO `vtiger_accountshipads` (`accountaddressid`, `ship_city`, `ship_code`, `ship_country`, `ship_state`, `ship_pobox`, `ship_street`) VALUES
(6, '', '', '', '', '', '');

-- --------------------------------------------------------

--
-- Estructura de tabla para la tabla `vtiger_accounttype`
--

CREATE TABLE IF NOT EXISTS `vtiger_accounttype` (
`accounttypeid` int(19) NOT NULL,
  `accounttype` varchar(200) NOT NULL,
  `presence` int(1) NOT NULL DEFAULT '1',
  `picklist_valueid` int(19) NOT NULL DEFAULT '0',
  `sortorderid` int(11) DEFAULT NULL
) ENGINE=InnoDB AUTO_INCREMENT=12 DEFAULT CHARSET=latin1;

--
-- Volcado de datos para la tabla `vtiger_accounttype`
--

INSERT INTO `vtiger_accounttype` (`accounttypeid`, `accounttype`, `presence`, `picklist_valueid`, `sortorderid`) VALUES
(2, 'Analyst', 1, 2, 1),
(3, 'Competitor', 1, 3, 2),
(4, 'Customer', 1, 4, 3),
(5, 'Integrator', 1, 5, 4),
(6, 'Investor', 1, 6, 5),
(7, 'Partner', 1, 7, 6),
(8, 'Press', 1, 8, 7),
(9, 'Prospect', 1, 9, 8),
(10, 'Reseller', 1, 10, 9),
(11, 'Other', 1, 11, 10);

-- --------------------------------------------------------

--
-- Estructura de tabla para la tabla `vtiger_accounttype_seq`
--

CREATE TABLE IF NOT EXISTS `vtiger_accounttype_seq` (
  `id` int(11) NOT NULL
) ENGINE=InnoDB DEFAULT CHARSET=latin1;

--
-- Volcado de datos para la tabla `vtiger_accounttype_seq`
--

INSERT INTO `vtiger_accounttype_seq` (`id`) VALUES
(11);

-- --------------------------------------------------------

--
-- Estructura de tabla para la tabla `vtiger_actionmapping`
--

CREATE TABLE IF NOT EXISTS `vtiger_actionmapping` (
  `actionid` int(19) NOT NULL,
  `actionname` varchar(200) NOT NULL,
  `securitycheck` int(19) DEFAULT NULL
) ENGINE=InnoDB DEFAULT CHARSET=latin1;

--
-- Volcado de datos para la tabla `vtiger_actionmapping`
--

INSERT INTO `vtiger_actionmapping` (`actionid`, `actionname`, `securitycheck`) VALUES
(0, 'Save', 0),
(0, 'SavePriceBook', 1),
(0, 'SaveVendor', 1),
(1, 'DetailViewAjax', 1),
(1, 'EditView', 0),
(1, 'PriceBookEditView', 1),
(1, 'QuickCreate', 1),
(1, 'VendorEditView', 1),
(2, 'Delete', 0),
(2, 'DeletePriceBook', 1),
(2, 'DeleteVendor', 1),
(3, 'index', 0),
(3, 'Popup', 1),
(4, 'DetailView', 0),
(4, 'PriceBookDetailView', 1),
(4, 'TagCloud', 1),
(4, 'VendorDetailView', 1),
(5, 'Import', 0),
(6, 'Export', 0),
(8, 'Merge', 0),
(9, 'ConvertLead', 0),
(10, 'DuplicatesHandling', 0),
(11, 'ReceiveIncomingCalls', 0),
(12, 'MakeOutgoingCalls', 0),
(13, 'Print', 0);

-- --------------------------------------------------------

--
-- Estructura de tabla para la tabla `vtiger_activity`
--

CREATE TABLE IF NOT EXISTS `vtiger_activity` (
  `activityid` int(19) NOT NULL DEFAULT '0',
  `subject` varchar(100) NOT NULL,
  `semodule` varchar(20) DEFAULT NULL,
  `activitytype` varchar(200) NOT NULL,
  `date_start` date NOT NULL,
  `due_date` date DEFAULT NULL,
  `time_start` varchar(50) DEFAULT NULL,
  `time_end` varchar(50) DEFAULT NULL,
  `sendnotification` varchar(3) NOT NULL DEFAULT '0',
  `duration_hours` varchar(200) DEFAULT NULL,
  `duration_minutes` varchar(200) DEFAULT NULL,
  `status` varchar(200) DEFAULT NULL,
  `eventstatus` varchar(200) DEFAULT NULL,
  `priority` varchar(200) DEFAULT NULL,
  `location` varchar(150) DEFAULT NULL,
  `notime` varchar(3) NOT NULL DEFAULT '0',
  `visibility` varchar(50) NOT NULL DEFAULT 'all',
  `recurringtype` varchar(200) DEFAULT NULL
) ENGINE=InnoDB DEFAULT CHARSET=latin1;

-- --------------------------------------------------------

--
-- Estructura de tabla para la tabla `vtiger_activitycf`
--

CREATE TABLE IF NOT EXISTS `vtiger_activitycf` (
  `activityid` int(19) NOT NULL DEFAULT '0'
) ENGINE=InnoDB DEFAULT CHARSET=latin1;

-- --------------------------------------------------------

--
-- Estructura de tabla para la tabla `vtiger_activityproductrel`
--

CREATE TABLE IF NOT EXISTS `vtiger_activityproductrel` (
  `activityid` int(19) NOT NULL DEFAULT '0',
  `productid` int(19) NOT NULL DEFAULT '0'
) ENGINE=InnoDB DEFAULT CHARSET=latin1;

-- --------------------------------------------------------

--
-- Estructura de tabla para la tabla `vtiger_activitytype`
--

CREATE TABLE IF NOT EXISTS `vtiger_activitytype` (
`activitytypeid` int(19) NOT NULL,
  `activitytype` varchar(200) NOT NULL,
  `presence` int(1) NOT NULL DEFAULT '1',
  `picklist_valueid` int(19) NOT NULL DEFAULT '0',
  `sortorderid` int(11) DEFAULT NULL
) ENGINE=InnoDB AUTO_INCREMENT=4 DEFAULT CHARSET=latin1;

--
-- Volcado de datos para la tabla `vtiger_activitytype`
--

INSERT INTO `vtiger_activitytype` (`activitytypeid`, `activitytype`, `presence`, `picklist_valueid`, `sortorderid`) VALUES
(1, 'Call', 0, 12, 0),
(2, 'Meeting', 0, 13, 1),
(3, 'Mobile Call', 0, 295, 1);

-- --------------------------------------------------------

--
-- Estructura de tabla para la tabla `vtiger_activitytype_seq`
--

CREATE TABLE IF NOT EXISTS `vtiger_activitytype_seq` (
  `id` int(11) NOT NULL
) ENGINE=InnoDB DEFAULT CHARSET=latin1;

--
-- Volcado de datos para la tabla `vtiger_activitytype_seq`
--

INSERT INTO `vtiger_activitytype_seq` (`id`) VALUES
(3);

-- --------------------------------------------------------

--
-- Estructura de tabla para la tabla `vtiger_activity_reminder`
--

CREATE TABLE IF NOT EXISTS `vtiger_activity_reminder` (
  `activity_id` int(11) NOT NULL,
  `reminder_time` int(11) NOT NULL,
  `reminder_sent` int(2) NOT NULL,
  `recurringid` int(19) NOT NULL
) ENGINE=InnoDB DEFAULT CHARSET=latin1;

-- --------------------------------------------------------

--
-- Estructura de tabla para la tabla `vtiger_activity_reminder_popup`
--

CREATE TABLE IF NOT EXISTS `vtiger_activity_reminder_popup` (
`reminderid` int(19) NOT NULL,
  `semodule` varchar(100) NOT NULL,
  `recordid` int(19) NOT NULL,
  `date_start` date NOT NULL,
  `time_start` varchar(100) NOT NULL,
  `status` int(2) NOT NULL
) ENGINE=InnoDB DEFAULT CHARSET=latin1;

-- --------------------------------------------------------

--
-- Estructura de tabla para la tabla `vtiger_activity_view`
--

CREATE TABLE IF NOT EXISTS `vtiger_activity_view` (
`activity_viewid` int(19) NOT NULL,
  `activity_view` varchar(200) NOT NULL,
  `sortorderid` int(19) NOT NULL DEFAULT '0',
  `presence` int(1) NOT NULL DEFAULT '1'
) ENGINE=InnoDB AUTO_INCREMENT=5 DEFAULT CHARSET=latin1;

--
-- Volcado de datos para la tabla `vtiger_activity_view`
--

INSERT INTO `vtiger_activity_view` (`activity_viewid`, `activity_view`, `sortorderid`, `presence`) VALUES
(1, 'Today', 0, 1),
(2, 'This Week', 1, 1),
(3, 'This Month', 2, 1),
(4, 'This Year', 3, 1);

-- --------------------------------------------------------

--
-- Estructura de tabla para la tabla `vtiger_activity_view_seq`
--

CREATE TABLE IF NOT EXISTS `vtiger_activity_view_seq` (
  `id` int(11) NOT NULL
) ENGINE=InnoDB DEFAULT CHARSET=latin1;

--
-- Volcado de datos para la tabla `vtiger_activity_view_seq`
--

INSERT INTO `vtiger_activity_view_seq` (`id`) VALUES
(4);

-- --------------------------------------------------------

--
-- Estructura de tabla para la tabla `vtiger_announcement`
--

CREATE TABLE IF NOT EXISTS `vtiger_announcement` (
  `creatorid` int(19) NOT NULL,
  `announcement` text,
  `title` varchar(255) DEFAULT NULL,
  `time` timestamp NOT NULL DEFAULT CURRENT_TIMESTAMP ON UPDATE CURRENT_TIMESTAMP
) ENGINE=InnoDB DEFAULT CHARSET=latin1;

-- --------------------------------------------------------

--
-- Estructura de tabla para la tabla `vtiger_assets`
--

CREATE TABLE IF NOT EXISTS `vtiger_assets` (
  `assetsid` int(11) NOT NULL,
  `asset_no` varchar(30) NOT NULL,
  `account` int(19) DEFAULT NULL,
  `product` int(19) NOT NULL,
  `serialnumber` varchar(200) DEFAULT NULL,
  `datesold` date DEFAULT NULL,
  `dateinservice` date DEFAULT NULL,
  `assetstatus` varchar(200) DEFAULT 'In Service',
  `tagnumber` varchar(300) DEFAULT NULL,
  `invoiceid` int(19) DEFAULT NULL,
  `shippingmethod` varchar(200) DEFAULT NULL,
  `shippingtrackingnumber` varchar(200) DEFAULT NULL,
  `assetname` varchar(100) DEFAULT NULL,
  `contact` int(19) DEFAULT NULL
) ENGINE=InnoDB DEFAULT CHARSET=utf8;

-- --------------------------------------------------------

--
-- Estructura de tabla para la tabla `vtiger_assetscf`
--

CREATE TABLE IF NOT EXISTS `vtiger_assetscf` (
  `assetsid` int(19) NOT NULL
) ENGINE=InnoDB DEFAULT CHARSET=utf8;

-- --------------------------------------------------------

--
-- Estructura de tabla para la tabla `vtiger_assetstatus`
--

CREATE TABLE IF NOT EXISTS `vtiger_assetstatus` (
`assetstatusid` int(11) NOT NULL,
  `assetstatus` varchar(200) NOT NULL,
  `presence` int(1) NOT NULL DEFAULT '1',
  `picklist_valueid` int(11) NOT NULL DEFAULT '0',
  `sortorderid` int(11) DEFAULT '0'
) ENGINE=InnoDB AUTO_INCREMENT=3 DEFAULT CHARSET=utf8;

--
-- Volcado de datos para la tabla `vtiger_assetstatus`
--

INSERT INTO `vtiger_assetstatus` (`assetstatusid`, `assetstatus`, `presence`, `picklist_valueid`, `sortorderid`) VALUES
(1, 'In Service', 1, 286, 1),
(2, 'Out-of-service', 1, 287, 2);

-- --------------------------------------------------------

--
-- Estructura de tabla para la tabla `vtiger_assetstatus_seq`
--

CREATE TABLE IF NOT EXISTS `vtiger_assetstatus_seq` (
  `id` int(11) NOT NULL
) ENGINE=InnoDB DEFAULT CHARSET=latin1;

--
-- Volcado de datos para la tabla `vtiger_assetstatus_seq`
--

INSERT INTO `vtiger_assetstatus_seq` (`id`) VALUES
(2);

-- --------------------------------------------------------

--
-- Estructura de tabla para la tabla `vtiger_asterisk`
--

CREATE TABLE IF NOT EXISTS `vtiger_asterisk` (
  `server` varchar(30) DEFAULT NULL,
  `port` varchar(30) DEFAULT NULL,
  `username` varchar(50) DEFAULT NULL,
  `password` varchar(50) DEFAULT NULL,
  `version` varchar(50) DEFAULT NULL
) ENGINE=InnoDB DEFAULT CHARSET=latin1;

-- --------------------------------------------------------

--
-- Estructura de tabla para la tabla `vtiger_asteriskextensions`
--

CREATE TABLE IF NOT EXISTS `vtiger_asteriskextensions` (
  `userid` int(11) DEFAULT NULL,
  `asterisk_extension` varchar(50) DEFAULT NULL,
  `use_asterisk` varchar(3) DEFAULT NULL
) ENGINE=InnoDB DEFAULT CHARSET=latin1;

--
-- Volcado de datos para la tabla `vtiger_asteriskextensions`
--

INSERT INTO `vtiger_asteriskextensions` (`userid`, `asterisk_extension`, `use_asterisk`) VALUES
(1, NULL, NULL),
(5, NULL, NULL),
(6, NULL, NULL),
(7, NULL, NULL),
(8, NULL, NULL),
(9, NULL, NULL),
(10, NULL, NULL);

-- --------------------------------------------------------

--
-- Estructura de tabla para la tabla `vtiger_asteriskincomingcalls`
--

CREATE TABLE IF NOT EXISTS `vtiger_asteriskincomingcalls` (
  `from_number` varchar(50) DEFAULT NULL,
  `from_name` varchar(50) DEFAULT NULL,
  `to_number` varchar(50) DEFAULT NULL,
  `callertype` varchar(30) DEFAULT NULL,
  `flag` int(19) DEFAULT NULL,
  `timer` int(19) DEFAULT NULL,
  `refuid` varchar(255) DEFAULT NULL
) ENGINE=InnoDB DEFAULT CHARSET=latin1;

-- --------------------------------------------------------

--
-- Estructura de tabla para la tabla `vtiger_asteriskincomingevents`
--

CREATE TABLE IF NOT EXISTS `vtiger_asteriskincomingevents` (
  `uid` varchar(255) NOT NULL,
  `channel` varchar(100) DEFAULT NULL,
  `from_number` bigint(20) DEFAULT NULL,
  `from_name` varchar(100) DEFAULT NULL,
  `to_number` bigint(20) DEFAULT NULL,
  `callertype` varchar(100) DEFAULT NULL,
  `timer` int(20) DEFAULT NULL,
  `flag` varchar(3) DEFAULT NULL,
  `pbxrecordid` int(19) DEFAULT NULL,
  `relcrmid` int(19) DEFAULT NULL
) ENGINE=InnoDB DEFAULT CHARSET=latin1;

-- --------------------------------------------------------

--
-- Estructura de tabla para la tabla `vtiger_attachments`
--

CREATE TABLE IF NOT EXISTS `vtiger_attachments` (
  `attachmentsid` int(19) NOT NULL,
  `name` varchar(255) NOT NULL,
  `description` text,
  `type` varchar(100) DEFAULT NULL,
  `path` text,
  `subject` varchar(255) DEFAULT NULL
) ENGINE=InnoDB DEFAULT CHARSET=latin1;

-- --------------------------------------------------------

--
-- Estructura de tabla para la tabla `vtiger_attachmentsfolder`
--

CREATE TABLE IF NOT EXISTS `vtiger_attachmentsfolder` (
`folderid` int(19) NOT NULL,
  `foldername` varchar(200) NOT NULL,
  `description` varchar(250) DEFAULT NULL,
  `createdby` int(19) NOT NULL,
  `sequence` int(19) DEFAULT NULL
) ENGINE=InnoDB AUTO_INCREMENT=2 DEFAULT CHARSET=latin1;

--
-- Volcado de datos para la tabla `vtiger_attachmentsfolder`
--

INSERT INTO `vtiger_attachmentsfolder` (`folderid`, `foldername`, `description`, `createdby`, `sequence`) VALUES
(1, 'Default', 'This is a Default Folder', 1, 1);

-- --------------------------------------------------------

--
-- Estructura de tabla para la tabla `vtiger_attachmentsfolder_seq`
--

CREATE TABLE IF NOT EXISTS `vtiger_attachmentsfolder_seq` (
  `id` int(11) NOT NULL
) ENGINE=InnoDB DEFAULT CHARSET=latin1;

--
-- Volcado de datos para la tabla `vtiger_attachmentsfolder_seq`
--

INSERT INTO `vtiger_attachmentsfolder_seq` (`id`) VALUES
(1);

-- --------------------------------------------------------

--
-- Estructura de tabla para la tabla `vtiger_audit_trial`
--

CREATE TABLE IF NOT EXISTS `vtiger_audit_trial` (
  `auditid` int(19) NOT NULL,
  `userid` int(19) DEFAULT NULL,
  `module` varchar(255) DEFAULT NULL,
  `action` varchar(255) DEFAULT NULL,
  `recordid` varchar(20) DEFAULT NULL,
  `actiondate` datetime DEFAULT NULL
) ENGINE=InnoDB DEFAULT CHARSET=latin1;

-- --------------------------------------------------------

--
-- Estructura de tabla para la tabla `vtiger_blocks`
--

CREATE TABLE IF NOT EXISTS `vtiger_blocks` (
  `blockid` int(19) NOT NULL,
  `tabid` int(19) NOT NULL,
  `blocklabel` varchar(100) NOT NULL,
  `sequence` int(10) DEFAULT NULL,
  `show_title` int(2) DEFAULT NULL,
  `visible` int(2) NOT NULL DEFAULT '0',
  `create_view` int(2) NOT NULL DEFAULT '0',
  `edit_view` int(2) NOT NULL DEFAULT '0',
  `detail_view` int(2) NOT NULL DEFAULT '0',
  `display_status` int(1) NOT NULL DEFAULT '1',
  `iscustom` int(1) NOT NULL DEFAULT '0'
) ENGINE=InnoDB DEFAULT CHARSET=latin1;

--
-- Volcado de datos para la tabla `vtiger_blocks`
--

INSERT INTO `vtiger_blocks` (`blockid`, `tabid`, `blocklabel`, `sequence`, `show_title`, `visible`, `create_view`, `edit_view`, `detail_view`, `display_status`, `iscustom`) VALUES
(1, 2, 'LBL_OPPORTUNITY_INFORMATION', 1, 0, 0, 0, 0, 0, 1, 0),
(2, 2, 'LBL_CUSTOM_INFORMATION', 2, 0, 0, 0, 0, 0, 1, 0),
(3, 2, 'LBL_DESCRIPTION_INFORMATION', 3, 0, 0, 0, 0, 0, 1, 0),
(4, 4, 'LBL_CONTACT_INFORMATION', 1, 0, 0, 0, 0, 0, 1, 0),
(5, 4, 'LBL_CUSTOM_INFORMATION', 2, 0, 0, 0, 0, 0, 1, 0),
(6, 4, 'LBL_CUSTOMER_PORTAL_INFORMATION', 3, 0, 0, 0, 0, 0, 1, 0),
(7, 4, 'LBL_ADDRESS_INFORMATION', 4, 0, 0, 0, 0, 0, 1, 0),
(8, 4, 'LBL_DESCRIPTION_INFORMATION', 5, 0, 0, 0, 0, 0, 1, 0),
(9, 6, 'LBL_ACCOUNT_INFORMATION', 1, 0, 0, 0, 0, 0, 1, 0),
(10, 6, 'LBL_CUSTOM_INFORMATION', 2, 0, 0, 0, 0, 0, 1, 0),
(11, 6, 'LBL_ADDRESS_INFORMATION', 3, 0, 0, 0, 0, 0, 1, 0),
(12, 6, 'LBL_DESCRIPTION_INFORMATION', 4, 0, 0, 0, 0, 0, 1, 0),
(13, 7, 'LBL_LEAD_INFORMATION', 1, 0, 0, 0, 0, 0, 1, 0),
(14, 7, 'LBL_CUSTOM_INFORMATION', 2, 0, 0, 0, 0, 0, 1, 0),
(15, 7, 'LBL_ADDRESS_INFORMATION', 3, 0, 0, 0, 0, 0, 1, 0),
(16, 7, 'LBL_DESCRIPTION_INFORMATION', 4, 0, 0, 0, 0, 0, 1, 0),
(17, 8, 'LBL_NOTE_INFORMATION', 1, 0, 0, 0, 0, 0, 1, 0),
(18, 8, 'LBL_FILE_INFORMATION', 3, 1, 0, 0, 0, 0, 1, 0),
(19, 9, 'LBL_TASK_INFORMATION', 1, 0, 0, 0, 0, 0, 1, 0),
(20, 9, 'LBL_DESCRIPTION_INFORMATION', 2, 1, 0, 0, 0, 0, 1, 0),
(21, 10, 'LBL_EMAIL_INFORMATION', 1, 0, 0, 0, 0, 0, 1, 0),
(22, 10, 'Emails_Block1', 2, 1, 0, 0, 0, 0, 1, 0),
(23, 10, 'Emails_Block2', 3, 1, 0, 0, 0, 0, 1, 0),
(24, 10, 'Emails_Block3', 4, 1, 0, 0, 0, 0, 1, 0),
(25, 13, 'LBL_TICKET_INFORMATION', 1, 0, 0, 0, 0, 0, 1, 0),
(26, 13, '', 2, 1, 0, 0, 0, 0, 1, 0),
(27, 13, 'LBL_CUSTOM_INFORMATION', 3, 0, 0, 0, 0, 0, 1, 0),
(28, 13, 'LBL_DESCRIPTION_INFORMATION', 4, 0, 0, 0, 0, 0, 1, 0),
(29, 13, 'LBL_TICKET_RESOLUTION', 5, 0, 0, 1, 0, 0, 1, 0),
(30, 13, 'LBL_COMMENTS', 6, 0, 0, 1, 0, 0, 1, 0),
(31, 14, 'LBL_PRODUCT_INFORMATION', 1, 0, 0, 0, 0, 0, 1, 0),
(32, 14, 'LBL_PRICING_INFORMATION', 2, 0, 0, 0, 0, 0, 1, 0),
(33, 14, 'LBL_STOCK_INFORMATION', 3, 0, 0, 0, 0, 0, 1, 0),
(34, 14, 'LBL_CUSTOM_INFORMATION', 4, 0, 0, 0, 0, 0, 1, 0),
(35, 14, 'LBL_IMAGE_INFORMATION', 5, 0, 0, 0, 0, 0, 1, 0),
(36, 14, 'LBL_DESCRIPTION_INFORMATION', 6, 0, 0, 0, 0, 0, 1, 0),
(37, 15, 'LBL_FAQ_INFORMATION', 1, 0, 0, 0, 0, 0, 1, 0),
(38, 15, 'LBL_COMMENT_INFORMATION', 4, 0, 0, 1, 0, 0, 1, 0),
(39, 16, 'LBL_EVENT_INFORMATION', 1, 0, 0, 0, 0, 0, 1, 0),
(40, 16, 'LBL_REMINDER_INFORMATION', 2, 0, 0, 0, 0, 0, 1, 0),
(41, 16, 'LBL_DESCRIPTION_INFORMATION', 5, 0, 0, 0, 0, 0, 1, 0),
(42, 18, 'LBL_VENDOR_INFORMATION', 1, 0, 0, 0, 0, 0, 1, 0),
(43, 18, 'LBL_CUSTOM_INFORMATION', 2, 0, 0, 0, 0, 0, 1, 0),
(44, 18, 'LBL_VENDOR_ADDRESS_INFORMATION', 3, 0, 0, 0, 0, 0, 1, 0),
(45, 18, 'LBL_DESCRIPTION_INFORMATION', 4, 0, 0, 0, 0, 0, 1, 0),
(46, 19, 'LBL_PRICEBOOK_INFORMATION', 1, 0, 0, 0, 0, 0, 1, 0),
(47, 19, 'LBL_CUSTOM_INFORMATION', 2, 0, 0, 0, 0, 0, 1, 0),
(48, 19, 'LBL_DESCRIPTION_INFORMATION', 3, 0, 0, 0, 0, 0, 1, 0),
(49, 20, 'LBL_QUOTE_INFORMATION', 1, 0, 0, 0, 0, 0, 1, 0),
(50, 20, 'LBL_CUSTOM_INFORMATION', 2, 0, 0, 0, 0, 0, 1, 0),
(51, 20, 'LBL_ADDRESS_INFORMATION', 3, 0, 0, 0, 0, 0, 1, 0),
(52, 20, 'LBL_RELATED_PRODUCTS', 4, 0, 0, 0, 0, 0, 1, 0),
(53, 20, 'LBL_TERMS_INFORMATION', 5, 0, 0, 0, 0, 0, 1, 0),
(54, 20, 'LBL_DESCRIPTION_INFORMATION', 6, 0, 0, 0, 0, 0, 1, 0),
(55, 21, 'LBL_PO_INFORMATION', 1, 0, 0, 0, 0, 0, 1, 0),
(56, 21, 'LBL_CUSTOM_INFORMATION', 2, 0, 0, 0, 0, 0, 1, 0),
(57, 21, 'LBL_ADDRESS_INFORMATION', 3, 0, 0, 0, 0, 0, 1, 0),
(58, 21, 'LBL_RELATED_PRODUCTS', 4, 0, 0, 0, 0, 0, 1, 0),
(59, 21, 'LBL_TERMS_INFORMATION', 5, 0, 0, 0, 0, 0, 1, 0),
(60, 21, 'LBL_DESCRIPTION_INFORMATION', 6, 0, 0, 0, 0, 0, 1, 0),
(61, 22, 'LBL_SO_INFORMATION', 1, 0, 0, 0, 0, 0, 1, 0),
(62, 22, 'LBL_CUSTOM_INFORMATION', 3, 0, 0, 0, 0, 0, 1, 0),
(63, 22, 'LBL_ADDRESS_INFORMATION', 4, 0, 0, 0, 0, 0, 1, 0),
(64, 22, 'LBL_RELATED_PRODUCTS', 5, 0, 0, 0, 0, 0, 1, 0),
(65, 22, 'LBL_TERMS_INFORMATION', 6, 0, 0, 0, 0, 0, 1, 0),
(66, 22, 'LBL_DESCRIPTION_INFORMATION', 7, 0, 0, 0, 0, 0, 1, 0),
(67, 23, 'LBL_INVOICE_INFORMATION', 1, 0, 0, 0, 0, 0, 1, 0),
(68, 23, 'LBL_CUSTOM_INFORMATION', 2, 0, 0, 0, 0, 0, 1, 0),
(69, 23, 'LBL_ADDRESS_INFORMATION', 3, 0, 0, 0, 0, 0, 1, 0),
(70, 23, 'LBL_RELATED_PRODUCTS', 4, 0, 0, 0, 0, 0, 1, 0),
(71, 23, 'LBL_TERMS_INFORMATION', 5, 0, 0, 0, 0, 0, 1, 0),
(72, 23, 'LBL_DESCRIPTION_INFORMATION', 6, 0, 0, 0, 0, 0, 1, 0),
(73, 4, 'LBL_IMAGE_INFORMATION', 6, 0, 0, 0, 0, 0, 1, 0),
(74, 26, 'LBL_CAMPAIGN_INFORMATION', 1, 0, 0, 0, 0, 0, 1, 0),
(75, 26, 'LBL_CUSTOM_INFORMATION', 2, 0, 0, 0, 0, 0, 1, 0),
(76, 26, 'LBL_EXPECTATIONS_AND_ACTUALS', 3, 0, 0, 0, 0, 0, 1, 0),
(77, 29, 'LBL_USERLOGIN_ROLE', 1, 0, 0, 0, 0, 0, 1, 0),
(78, 29, 'LBL_CURRENCY_CONFIGURATION', 3, 0, 0, 0, 0, 0, 1, 0),
(79, 29, 'LBL_MORE_INFORMATION', 4, 0, 0, 0, 0, 0, 1, 0),
(80, 29, 'LBL_ADDRESS_INFORMATION', 5, 0, 0, 0, 0, 0, 1, 0),
(81, 26, 'LBL_DESCRIPTION_INFORMATION', 4, 0, 0, 0, 0, 0, 1, 0),
(82, 29, 'LBL_USER_IMAGE_INFORMATION', 5, 0, 0, 0, 0, 0, 1, 0),
(83, 29, 'LBL_USER_ADV_OPTIONS', 6, 0, 0, 0, 0, 0, 1, 0),
(84, 8, 'LBL_DESCRIPTION', 2, 0, 0, 0, 0, 0, 1, 0),
(85, 22, 'Recurring Invoice Information', 2, 0, 0, 0, 0, 0, 1, 0),
(86, 9, 'LBL_CUSTOM_INFORMATION', 3, 0, 0, 0, 0, 0, 1, 0),
(87, 16, 'LBL_CUSTOM_INFORMATION', 6, 0, 0, 0, 0, 0, 1, 0),
(88, 30, 'LBL_SERVICE_CONTRACT_INFORMATION', 1, 0, 0, 0, 0, 0, 1, 0),
(89, 30, 'LBL_CUSTOM_INFORMATION', 2, 0, 0, 0, 0, 0, 1, 0),
(90, 31, 'LBL_SERVICE_INFORMATION', 1, 0, 0, 0, 0, 0, 1, 0),
(91, 31, 'LBL_PRICING_INFORMATION', 2, 0, 0, 0, 0, 0, 1, 0),
(92, 31, 'LBL_CUSTOM_INFORMATION', 3, 0, 0, 0, 0, 0, 1, 0),
(93, 31, 'LBL_DESCRIPTION_INFORMATION', 4, 0, 0, 0, 0, 0, 1, 0),
(94, 36, 'LBL_PBXMANAGER_INFORMATION', 1, 0, 0, 0, 0, 0, 1, 0),
(95, 38, 'LBL_PROJECT_MILESTONE_INFORMATION', 1, 0, 0, 0, 0, 0, 1, 0),
(96, 38, 'LBL_CUSTOM_INFORMATION', 2, 0, 0, 0, 0, 0, 1, 0),
(97, 38, 'LBL_DESCRIPTION_INFORMATION', 3, 0, 0, 0, 0, 0, 1, 0),
(98, 39, 'LBL_PROJECT_TASK_INFORMATION', 1, 0, 0, 0, 0, 0, 1, 0),
(99, 39, 'LBL_CUSTOM_INFORMATION', 2, 0, 0, 0, 0, 0, 1, 0),
(100, 39, 'LBL_DESCRIPTION_INFORMATION', 3, 0, 0, 0, 0, 0, 1, 0),
(101, 40, 'LBL_PROJECT_INFORMATION', 1, 0, 0, 0, 0, 0, 1, 0),
(102, 40, 'LBL_CUSTOM_INFORMATION', 2, 0, 0, 0, 0, 0, 1, 0),
(103, 40, 'LBL_DESCRIPTION_INFORMATION', 3, 0, 0, 0, 0, 0, 1, 0),
(104, 42, 'LBL_ASSET_INFORMATION', 1, 0, 0, 0, 0, 0, 1, 0),
(105, 42, 'LBL_CUSTOM_INFORMATION', 2, 0, 0, 0, 0, 0, 1, 0),
(106, 42, 'LBL_DESCRIPTION_INFORMATION', 3, 0, 0, 0, 0, 0, 1, 0),
(107, 45, 'LBL_MODCOMMENTS_INFORMATION', 1, 0, 0, 0, 0, 0, 1, 0),
(108, 45, 'LBL_OTHER_INFORMATION', 2, 0, 0, 0, 0, 0, 1, 0),
(109, 45, 'LBL_CUSTOM_INFORMATION', 3, 0, 0, 0, 0, 0, 1, 0),
(110, 48, 'LBL_SMSNOTIFIER_INFORMATION', 1, 0, 0, 0, 0, 0, 1, 0),
(111, 48, 'LBL_CUSTOM_INFORMATION', 2, 0, 0, 0, 0, 0, 1, 0),
(112, 48, 'StatusInformation', 3, 0, 0, 0, 0, 0, 1, 0),
(113, 23, 'LBL_ITEM_DETAILS', 5, 0, 0, 0, 0, 0, 1, 0),
(114, 22, 'LBL_ITEM_DETAILS', 5, 0, 0, 0, 0, 0, 1, 0),
(115, 21, 'LBL_ITEM_DETAILS', 5, 0, 0, 0, 0, 0, 1, 0),
(116, 20, 'LBL_ITEM_DETAILS', 5, 0, 0, 0, 0, 0, 1, 0),
(117, 16, 'LBL_RECURRENCE_INFORMATION', 3, 0, 0, 0, 0, 0, 1, 0),
(118, 29, 'LBL_CALENDAR_SETTINGS', 2, 0, 0, 0, 0, 0, 1, 0),
(119, 16, 'LBL_RELATED_TO', 4, 0, 0, 0, 0, 0, 1, 0);

-- --------------------------------------------------------

--
-- Estructura de tabla para la tabla `vtiger_blocks_seq`
--

CREATE TABLE IF NOT EXISTS `vtiger_blocks_seq` (
  `id` int(11) NOT NULL
) ENGINE=InnoDB DEFAULT CHARSET=latin1;

--
-- Volcado de datos para la tabla `vtiger_blocks_seq`
--

INSERT INTO `vtiger_blocks_seq` (`id`) VALUES
(119);

-- --------------------------------------------------------

--
-- Estructura de tabla para la tabla `vtiger_calendarsharedtype`
--

CREATE TABLE IF NOT EXISTS `vtiger_calendarsharedtype` (
`calendarsharedtypeid` int(11) NOT NULL,
  `calendarsharedtype` varchar(200) NOT NULL,
  `sortorderid` int(11) DEFAULT NULL,
  `presence` int(11) NOT NULL DEFAULT '1'
) ENGINE=InnoDB AUTO_INCREMENT=4 DEFAULT CHARSET=utf8;

--
-- Volcado de datos para la tabla `vtiger_calendarsharedtype`
--

INSERT INTO `vtiger_calendarsharedtype` (`calendarsharedtypeid`, `calendarsharedtype`, `sortorderid`, `presence`) VALUES
(1, 'public', 1, 1),
(2, 'private', 2, 1),
(3, 'seletedusers', 3, 1);

-- --------------------------------------------------------

--
-- Estructura de tabla para la tabla `vtiger_calendarsharedtype_seq`
--

CREATE TABLE IF NOT EXISTS `vtiger_calendarsharedtype_seq` (
  `id` int(11) NOT NULL
) ENGINE=InnoDB DEFAULT CHARSET=latin1;

--
-- Volcado de datos para la tabla `vtiger_calendarsharedtype_seq`
--

INSERT INTO `vtiger_calendarsharedtype_seq` (`id`) VALUES
(3);

-- --------------------------------------------------------

--
-- Estructura de tabla para la tabla `vtiger_calendar_default_activitytypes`
--

CREATE TABLE IF NOT EXISTS `vtiger_calendar_default_activitytypes` (
  `id` int(19) NOT NULL,
  `module` varchar(50) DEFAULT NULL,
  `fieldname` varchar(50) DEFAULT NULL,
  `defaultcolor` varchar(50) DEFAULT NULL
) ENGINE=InnoDB DEFAULT CHARSET=latin1;

--
-- Volcado de datos para la tabla `vtiger_calendar_default_activitytypes`
--

INSERT INTO `vtiger_calendar_default_activitytypes` (`id`, `module`, `fieldname`, `defaultcolor`) VALUES
(1, 'Events', 'Events', '#17309A'),
(2, 'Calendar', 'Tasks', '#3A87AD'),
(3, 'Potentials', 'Potentials', '#AA6705'),
(4, 'Contacts', 'support_end_date', '#953B39'),
(5, 'Contacts', 'birthday', '#545252'),
(6, 'Invoice', 'Invoice', '#87865D'),
(7, 'Project', 'Project', '#C71585'),
(8, 'ProjectTask', 'Project Task', '#006400');

-- --------------------------------------------------------

--
-- Estructura de tabla para la tabla `vtiger_calendar_default_activitytypes_seq`
--

CREATE TABLE IF NOT EXISTS `vtiger_calendar_default_activitytypes_seq` (
  `id` int(11) NOT NULL
) ENGINE=InnoDB DEFAULT CHARSET=latin1;

--
-- Volcado de datos para la tabla `vtiger_calendar_default_activitytypes_seq`
--

INSERT INTO `vtiger_calendar_default_activitytypes_seq` (`id`) VALUES
(8);

-- --------------------------------------------------------

--
-- Estructura de tabla para la tabla `vtiger_calendar_user_activitytypes`
--

CREATE TABLE IF NOT EXISTS `vtiger_calendar_user_activitytypes` (
  `id` int(19) NOT NULL,
  `defaultid` int(19) DEFAULT NULL,
  `userid` int(19) DEFAULT NULL,
  `color` varchar(50) DEFAULT NULL,
  `visible` int(19) DEFAULT '1'
) ENGINE=InnoDB DEFAULT CHARSET=latin1;

--
-- Volcado de datos para la tabla `vtiger_calendar_user_activitytypes`
--

INSERT INTO `vtiger_calendar_user_activitytypes` (`id`, `defaultid`, `userid`, `color`, `visible`) VALUES
(1, 1, 1, '#17309A', 1),
(2, 2, 1, '#3A87AD', 1),
(3, 3, 1, '#AA6705', 1),
(4, 4, 1, '#953B39', 1),
(5, 5, 1, '#545252', 1),
(6, 6, 1, '#87865D', 1),
(7, 7, 1, '#C71585', 1),
(8, 8, 1, '#006400', 1),
(9, 1, 5, '#17309A', 1),
(10, 2, 5, '#3A87AD', 1),
(11, 3, 5, '#AA6705', 1),
(12, 4, 5, '#953B39', 1),
(13, 5, 5, '#545252', 1),
(14, 6, 5, '#87865D', 1),
(15, 7, 5, '#C71585', 1),
(16, 8, 5, '#006400', 1),
(17, 1, 6, '#17309A', 1),
(18, 2, 6, '#3A87AD', 1),
(19, 3, 6, '#AA6705', 1),
(20, 4, 6, '#953B39', 1),
(21, 5, 6, '#545252', 1),
(22, 6, 6, '#87865D', 1),
(23, 7, 6, '#C71585', 1),
(24, 8, 6, '#006400', 1),
(25, 1, 7, '#17309A', 1),
(26, 2, 7, '#3A87AD', 1),
(27, 3, 7, '#AA6705', 1),
(28, 4, 7, '#953B39', 1),
(29, 5, 7, '#545252', 1),
(30, 6, 7, '#87865D', 1),
(31, 7, 7, '#C71585', 1),
(32, 8, 7, '#006400', 1),
(33, 1, 8, '#17309A', 1),
(34, 2, 8, '#3A87AD', 1),
(35, 3, 8, '#AA6705', 1),
(36, 4, 8, '#953B39', 1),
(37, 5, 8, '#545252', 1),
(38, 6, 8, '#87865D', 1),
(39, 7, 8, '#C71585', 1),
(40, 8, 8, '#006400', 1),
(41, 1, 9, '#17309A', 1),
(42, 2, 9, '#3A87AD', 1),
(43, 3, 9, '#AA6705', 1),
(44, 4, 9, '#953B39', 1),
(45, 5, 9, '#545252', 1),
(46, 6, 9, '#87865D', 1),
(47, 7, 9, '#C71585', 1),
(48, 8, 9, '#006400', 1),
(49, 1, 10, '#17309A', 1),
(50, 2, 10, '#3A87AD', 1),
(51, 3, 10, '#AA6705', 1),
(52, 4, 10, '#953B39', 1),
(53, 5, 10, '#545252', 1),
(54, 6, 10, '#87865D', 1),
(55, 7, 10, '#C71585', 1),
(56, 8, 10, '#006400', 1);

-- --------------------------------------------------------

--
-- Estructura de tabla para la tabla `vtiger_calendar_user_activitytypes_seq`
--

CREATE TABLE IF NOT EXISTS `vtiger_calendar_user_activitytypes_seq` (
  `id` int(11) NOT NULL
) ENGINE=InnoDB DEFAULT CHARSET=latin1;

--
-- Volcado de datos para la tabla `vtiger_calendar_user_activitytypes_seq`
--

INSERT INTO `vtiger_calendar_user_activitytypes_seq` (`id`) VALUES
(56);

-- --------------------------------------------------------

--
-- Estructura de tabla para la tabla `vtiger_callduration`
--

CREATE TABLE IF NOT EXISTS `vtiger_callduration` (
`calldurationid` int(11) NOT NULL,
  `callduration` varchar(200) NOT NULL,
  `sortorderid` int(11) DEFAULT NULL,
  `presence` int(11) NOT NULL DEFAULT '1'
) ENGINE=InnoDB AUTO_INCREMENT=6 DEFAULT CHARSET=utf8;

--
-- Volcado de datos para la tabla `vtiger_callduration`
--

INSERT INTO `vtiger_callduration` (`calldurationid`, `callduration`, `sortorderid`, `presence`) VALUES
(1, '5', 1, 1),
(2, '10', 2, 1),
(3, '30', 3, 1),
(4, '60', 4, 1),
(5, '120', 5, 1);

-- --------------------------------------------------------

--
-- Estructura de tabla para la tabla `vtiger_callduration_seq`
--

CREATE TABLE IF NOT EXISTS `vtiger_callduration_seq` (
  `id` int(11) NOT NULL
) ENGINE=InnoDB DEFAULT CHARSET=latin1;

--
-- Volcado de datos para la tabla `vtiger_callduration_seq`
--

INSERT INTO `vtiger_callduration_seq` (`id`) VALUES
(5);

-- --------------------------------------------------------

--
-- Estructura de tabla para la tabla `vtiger_campaign`
--

CREATE TABLE IF NOT EXISTS `vtiger_campaign` (
  `campaign_no` varchar(100) NOT NULL,
  `campaignname` varchar(255) DEFAULT NULL,
  `campaigntype` varchar(200) DEFAULT NULL,
  `campaignstatus` varchar(200) DEFAULT NULL,
  `expectedrevenue` decimal(25,8) DEFAULT NULL,
  `budgetcost` decimal(25,8) DEFAULT NULL,
  `actualcost` decimal(25,8) DEFAULT NULL,
  `expectedresponse` varchar(200) DEFAULT NULL,
  `numsent` decimal(11,0) DEFAULT NULL,
  `product_id` int(19) DEFAULT NULL,
  `sponsor` varchar(255) DEFAULT NULL,
  `targetaudience` varchar(255) DEFAULT NULL,
  `targetsize` int(19) DEFAULT NULL,
  `expectedresponsecount` int(19) DEFAULT NULL,
  `expectedsalescount` int(19) DEFAULT NULL,
  `expectedroi` decimal(25,8) DEFAULT NULL,
  `actualresponsecount` int(19) DEFAULT NULL,
  `actualsalescount` int(19) DEFAULT NULL,
  `actualroi` decimal(25,8) DEFAULT NULL,
  `campaignid` int(19) NOT NULL,
  `closingdate` date DEFAULT NULL
) ENGINE=InnoDB DEFAULT CHARSET=latin1;

-- --------------------------------------------------------

--
-- Estructura de tabla para la tabla `vtiger_campaignaccountrel`
--

CREATE TABLE IF NOT EXISTS `vtiger_campaignaccountrel` (
  `campaignid` int(19) DEFAULT NULL,
  `accountid` int(19) DEFAULT NULL,
  `campaignrelstatusid` int(19) DEFAULT NULL
) ENGINE=InnoDB DEFAULT CHARSET=latin1;

-- --------------------------------------------------------

--
-- Estructura de tabla para la tabla `vtiger_campaigncontrel`
--

CREATE TABLE IF NOT EXISTS `vtiger_campaigncontrel` (
  `campaignid` int(19) NOT NULL DEFAULT '0',
  `contactid` int(19) NOT NULL DEFAULT '0',
  `campaignrelstatusid` int(19) NOT NULL DEFAULT '0'
) ENGINE=InnoDB DEFAULT CHARSET=latin1;

-- --------------------------------------------------------

--
-- Estructura de tabla para la tabla `vtiger_campaignleadrel`
--

CREATE TABLE IF NOT EXISTS `vtiger_campaignleadrel` (
  `campaignid` int(19) NOT NULL DEFAULT '0',
  `leadid` int(19) NOT NULL DEFAULT '0',
  `campaignrelstatusid` int(19) NOT NULL DEFAULT '0'
) ENGINE=InnoDB DEFAULT CHARSET=latin1;

-- --------------------------------------------------------

--
-- Estructura de tabla para la tabla `vtiger_campaignrelstatus`
--

CREATE TABLE IF NOT EXISTS `vtiger_campaignrelstatus` (
  `campaignrelstatusid` int(19) DEFAULT NULL,
  `campaignrelstatus` varchar(256) DEFAULT NULL,
  `sortorderid` int(19) DEFAULT NULL,
  `presence` int(19) DEFAULT NULL
) ENGINE=InnoDB DEFAULT CHARSET=latin1;

--
-- Volcado de datos para la tabla `vtiger_campaignrelstatus`
--

INSERT INTO `vtiger_campaignrelstatus` (`campaignrelstatusid`, `campaignrelstatus`, `sortorderid`, `presence`) VALUES
(2, 'Contacted - Successful', 1, 1),
(3, 'Contacted - Unsuccessful', 2, 1),
(4, 'Contacted - Never Contact Again', 3, 1);

-- --------------------------------------------------------

--
-- Estructura de tabla para la tabla `vtiger_campaignrelstatus_seq`
--

CREATE TABLE IF NOT EXISTS `vtiger_campaignrelstatus_seq` (
  `id` int(11) NOT NULL
) ENGINE=InnoDB DEFAULT CHARSET=latin1;

--
-- Volcado de datos para la tabla `vtiger_campaignrelstatus_seq`
--

INSERT INTO `vtiger_campaignrelstatus_seq` (`id`) VALUES
(4);

-- --------------------------------------------------------

--
-- Estructura de tabla para la tabla `vtiger_campaignscf`
--

CREATE TABLE IF NOT EXISTS `vtiger_campaignscf` (
  `campaignid` int(19) NOT NULL DEFAULT '0'
) ENGINE=InnoDB DEFAULT CHARSET=latin1;

-- --------------------------------------------------------

--
-- Estructura de tabla para la tabla `vtiger_campaignstatus`
--

CREATE TABLE IF NOT EXISTS `vtiger_campaignstatus` (
`campaignstatusid` int(19) NOT NULL,
  `campaignstatus` varchar(200) NOT NULL,
  `presence` int(1) NOT NULL DEFAULT '1',
  `picklist_valueid` int(19) NOT NULL DEFAULT '0',
  `sortorderid` int(11) DEFAULT NULL
) ENGINE=InnoDB AUTO_INCREMENT=7 DEFAULT CHARSET=latin1;

--
-- Volcado de datos para la tabla `vtiger_campaignstatus`
--

INSERT INTO `vtiger_campaignstatus` (`campaignstatusid`, `campaignstatus`, `presence`, `picklist_valueid`, `sortorderid`) VALUES
(2, 'Planning', 1, 15, 1),
(3, 'Active', 1, 16, 2),
(4, 'Inactive', 1, 17, 3),
(5, 'Completed', 1, 18, 4),
(6, 'Cancelled', 1, 19, 5);

-- --------------------------------------------------------

--
-- Estructura de tabla para la tabla `vtiger_campaignstatus_seq`
--

CREATE TABLE IF NOT EXISTS `vtiger_campaignstatus_seq` (
  `id` int(11) NOT NULL
) ENGINE=InnoDB DEFAULT CHARSET=latin1;

--
-- Volcado de datos para la tabla `vtiger_campaignstatus_seq`
--

INSERT INTO `vtiger_campaignstatus_seq` (`id`) VALUES
(6);

-- --------------------------------------------------------

--
-- Estructura de tabla para la tabla `vtiger_campaigntype`
--

CREATE TABLE IF NOT EXISTS `vtiger_campaigntype` (
`campaigntypeid` int(19) NOT NULL,
  `campaigntype` varchar(200) NOT NULL,
  `presence` int(1) NOT NULL DEFAULT '1',
  `picklist_valueid` int(19) NOT NULL DEFAULT '0',
  `sortorderid` int(11) DEFAULT NULL
) ENGINE=InnoDB AUTO_INCREMENT=14 DEFAULT CHARSET=latin1;

--
-- Volcado de datos para la tabla `vtiger_campaigntype`
--

INSERT INTO `vtiger_campaigntype` (`campaigntypeid`, `campaigntype`, `presence`, `picklist_valueid`, `sortorderid`) VALUES
(2, 'Conference', 1, 21, 1),
(3, 'Webinar', 1, 22, 2),
(4, 'Trade Show', 1, 23, 3),
(5, 'Public Relations', 1, 24, 4),
(6, 'Partners', 1, 25, 5),
(7, 'Referral Program', 1, 26, 6),
(8, 'Advertisement', 1, 27, 7),
(9, 'Banner Ads', 1, 28, 8),
(10, 'Direct Mail', 1, 29, 9),
(11, 'Email', 1, 30, 10),
(12, 'Telemarketing', 1, 31, 11),
(13, 'Others', 1, 32, 12);

-- --------------------------------------------------------

--
-- Estructura de tabla para la tabla `vtiger_campaigntype_seq`
--

CREATE TABLE IF NOT EXISTS `vtiger_campaigntype_seq` (
  `id` int(11) NOT NULL
) ENGINE=InnoDB DEFAULT CHARSET=latin1;

--
-- Volcado de datos para la tabla `vtiger_campaigntype_seq`
--

INSERT INTO `vtiger_campaigntype_seq` (`id`) VALUES
(13);

-- --------------------------------------------------------

--
-- Estructura de tabla para la tabla `vtiger_carrier`
--

CREATE TABLE IF NOT EXISTS `vtiger_carrier` (
`carrierid` int(19) NOT NULL,
  `carrier` varchar(200) NOT NULL,
  `presence` int(1) NOT NULL DEFAULT '1',
  `picklist_valueid` int(19) NOT NULL DEFAULT '0',
  `sortorderid` int(11) DEFAULT NULL
) ENGINE=InnoDB AUTO_INCREMENT=6 DEFAULT CHARSET=latin1;

--
-- Volcado de datos para la tabla `vtiger_carrier`
--

INSERT INTO `vtiger_carrier` (`carrierid`, `carrier`, `presence`, `picklist_valueid`, `sortorderid`) VALUES
(1, 'FedEx', 1, 33, 0),
(2, 'UPS', 1, 34, 1),
(3, 'USPS', 1, 35, 2),
(4, 'DHL', 1, 36, 3),
(5, 'BlueDart', 1, 37, 4);

-- --------------------------------------------------------

--
-- Estructura de tabla para la tabla `vtiger_carrier_seq`
--

CREATE TABLE IF NOT EXISTS `vtiger_carrier_seq` (
  `id` int(11) NOT NULL
) ENGINE=InnoDB DEFAULT CHARSET=latin1;

--
-- Volcado de datos para la tabla `vtiger_carrier_seq`
--

INSERT INTO `vtiger_carrier_seq` (`id`) VALUES
(5);

-- --------------------------------------------------------

--
-- Estructura de tabla para la tabla `vtiger_cntactivityrel`
--

CREATE TABLE IF NOT EXISTS `vtiger_cntactivityrel` (
  `contactid` int(19) NOT NULL DEFAULT '0',
  `activityid` int(19) NOT NULL DEFAULT '0'
) ENGINE=InnoDB DEFAULT CHARSET=latin1;

-- --------------------------------------------------------

--
-- Estructura de tabla para la tabla `vtiger_contactaddress`
--

CREATE TABLE IF NOT EXISTS `vtiger_contactaddress` (
  `contactaddressid` int(19) NOT NULL DEFAULT '0',
  `mailingcity` varchar(40) DEFAULT NULL,
  `mailingstreet` varchar(250) DEFAULT NULL,
  `mailingcountry` varchar(40) DEFAULT NULL,
  `othercountry` varchar(30) DEFAULT NULL,
  `mailingstate` varchar(30) DEFAULT NULL,
  `mailingpobox` varchar(30) DEFAULT NULL,
  `othercity` varchar(40) DEFAULT NULL,
  `otherstate` varchar(50) DEFAULT NULL,
  `mailingzip` varchar(30) DEFAULT NULL,
  `otherzip` varchar(30) DEFAULT NULL,
  `otherstreet` varchar(250) DEFAULT NULL,
  `otherpobox` varchar(30) DEFAULT NULL
) ENGINE=InnoDB DEFAULT CHARSET=latin1;

--
-- Volcado de datos para la tabla `vtiger_contactaddress`
--

INSERT INTO `vtiger_contactaddress` (`contactaddressid`, `mailingcity`, `mailingstreet`, `mailingcountry`, `othercountry`, `mailingstate`, `mailingpobox`, `othercity`, `otherstate`, `mailingzip`, `otherzip`, `otherstreet`, `otherpobox`) VALUES
(2, '', '', '', '', '', '', '', '', '', '', '', ''),
(3, '', '', '', '', '', '', '', '', '', '', '', ''),
(4, '', '', '', '', '', '', '', '', '', '', '', ''),
(5, '', '', '', '', '', '', '', '', '', '', '', ''),
(7, '', '', '', '', '', '', '', '', '', '', '', '');

-- --------------------------------------------------------

--
-- Estructura de tabla para la tabla `vtiger_contactdetails`
--

CREATE TABLE IF NOT EXISTS `vtiger_contactdetails` (
  `contactid` int(19) NOT NULL DEFAULT '0',
  `contact_no` varchar(100) NOT NULL,
  `accountid` int(19) DEFAULT NULL,
  `salutation` varchar(200) DEFAULT NULL,
  `firstname` varchar(40) DEFAULT NULL,
  `lastname` varchar(80) NOT NULL,
  `email` varchar(100) DEFAULT NULL,
  `phone` varchar(50) DEFAULT NULL,
  `mobile` varchar(50) DEFAULT NULL,
  `title` varchar(50) DEFAULT NULL,
  `department` varchar(30) DEFAULT NULL,
  `fax` varchar(50) DEFAULT NULL,
  `reportsto` varchar(30) DEFAULT NULL,
  `training` varchar(50) DEFAULT NULL,
  `usertype` varchar(50) DEFAULT NULL,
  `contacttype` varchar(50) DEFAULT NULL,
  `otheremail` varchar(100) DEFAULT NULL,
  `secondaryemail` varchar(100) DEFAULT NULL,
  `donotcall` varchar(3) DEFAULT NULL,
  `emailoptout` varchar(3) DEFAULT '0',
  `imagename` varchar(150) DEFAULT NULL,
  `reference` varchar(3) DEFAULT NULL,
  `notify_owner` varchar(3) DEFAULT '0',
  `isconvertedfromlead` varchar(3) DEFAULT '0'
) ENGINE=InnoDB DEFAULT CHARSET=latin1;

--
-- Volcado de datos para la tabla `vtiger_contactdetails`
--

INSERT INTO `vtiger_contactdetails` (`contactid`, `contact_no`, `accountid`, `salutation`, `firstname`, `lastname`, `email`, `phone`, `mobile`, `title`, `department`, `fax`, `reportsto`, `training`, `usertype`, `contacttype`, `otheremail`, `secondaryemail`, `donotcall`, `emailoptout`, `imagename`, `reference`, `notify_owner`, `isconvertedfromlead`) VALUES
(2, 'CON1', 0, '', 'Alejandro', 'Cruz', 'dalejocruz0404@hotmail.com', '', '', '', '', '', '0', NULL, NULL, NULL, NULL, '', '0', '0', '', '0', '0', '0'),
(3, 'CON2', 0, '', 'David', 'Fonseca', '', '', '', '', '', '', '0', NULL, NULL, NULL, NULL, '', '0', '0', '', '0', '0', '0'),
(4, 'CON3', 0, '', 'Alejandro', 'Cruz', 'dalejocruz0404@hotmail.com', '', '', '', '', '', '0', NULL, NULL, NULL, NULL, '', '0', '0', '', '0', '0', '0'),
(5, 'CON4', 6, '', 'Leonardo', 'Castillo', 'ljcl79@gmail.com', '4166730763', '4166730763', '', '', '4166730763', '0', NULL, NULL, NULL, NULL, '', '0', '0', '', '0', '0', '0'),
(7, 'CON5', 6, '', 'Leonardo', 'Castillo', 'leonardo.castillo@otaca.net', '4120649094', '4120649094', '', '', '4120649094', '0', NULL, NULL, NULL, NULL, '', '0', '0', '', '0', '0', '0');

-- --------------------------------------------------------

--
-- Estructura de tabla para la tabla `vtiger_contactscf`
--

CREATE TABLE IF NOT EXISTS `vtiger_contactscf` (
  `contactid` int(19) NOT NULL DEFAULT '0'
) ENGINE=InnoDB DEFAULT CHARSET=latin1;

--
-- Volcado de datos para la tabla `vtiger_contactscf`
--

INSERT INTO `vtiger_contactscf` (`contactid`) VALUES
(2),
(3),
(4),
(5),
(7);

-- --------------------------------------------------------

--
-- Estructura de tabla para la tabla `vtiger_contactsubdetails`
--

CREATE TABLE IF NOT EXISTS `vtiger_contactsubdetails` (
  `contactsubscriptionid` int(19) NOT NULL DEFAULT '0',
  `homephone` varchar(50) DEFAULT NULL,
  `otherphone` varchar(50) DEFAULT NULL,
  `assistant` varchar(30) DEFAULT NULL,
  `assistantphone` varchar(50) DEFAULT NULL,
  `birthday` date DEFAULT NULL,
  `laststayintouchrequest` int(30) DEFAULT '0',
  `laststayintouchsavedate` int(19) DEFAULT '0',
  `leadsource` varchar(200) DEFAULT NULL
) ENGINE=InnoDB DEFAULT CHARSET=latin1;

--
-- Volcado de datos para la tabla `vtiger_contactsubdetails`
--

INSERT INTO `vtiger_contactsubdetails` (`contactsubscriptionid`, `homephone`, `otherphone`, `assistant`, `assistantphone`, `birthday`, `laststayintouchrequest`, `laststayintouchsavedate`, `leadsource`) VALUES
(2, '', '', '', '', NULL, 0, 0, ''),
(3, '', '', '', '', NULL, 0, 0, ''),
(4, '', '', '', '', NULL, 0, 0, ''),
(5, '4166730763', '4166730763', '', '4166730763', NULL, 0, 0, ''),
(7, '4120649094', '4120649094', '', '4120649094', NULL, 0, 0, '');

-- --------------------------------------------------------

--
-- Estructura de tabla para la tabla `vtiger_contpotentialrel`
--

CREATE TABLE IF NOT EXISTS `vtiger_contpotentialrel` (
  `contactid` int(19) NOT NULL DEFAULT '0',
  `potentialid` int(19) NOT NULL DEFAULT '0'
) ENGINE=InnoDB DEFAULT CHARSET=latin1;

-- --------------------------------------------------------

--
-- Estructura de tabla para la tabla `vtiger_contract_priority`
--

CREATE TABLE IF NOT EXISTS `vtiger_contract_priority` (
`contract_priorityid` int(11) NOT NULL,
  `contract_priority` varchar(200) NOT NULL,
  `presence` int(1) NOT NULL DEFAULT '1',
  `picklist_valueid` int(11) NOT NULL DEFAULT '0',
  `sortorderid` int(11) DEFAULT '0'
) ENGINE=InnoDB AUTO_INCREMENT=4 DEFAULT CHARSET=utf8;

--
-- Volcado de datos para la tabla `vtiger_contract_priority`
--

INSERT INTO `vtiger_contract_priority` (`contract_priorityid`, `contract_priority`, `presence`, `picklist_valueid`, `sortorderid`) VALUES
(1, 'Low', 1, 220, 1),
(2, 'Normal', 1, 221, 2),
(3, 'High', 1, 222, 3);

-- --------------------------------------------------------

--
-- Estructura de tabla para la tabla `vtiger_contract_priority_seq`
--

CREATE TABLE IF NOT EXISTS `vtiger_contract_priority_seq` (
  `id` int(11) NOT NULL
) ENGINE=InnoDB DEFAULT CHARSET=latin1;

--
-- Volcado de datos para la tabla `vtiger_contract_priority_seq`
--

INSERT INTO `vtiger_contract_priority_seq` (`id`) VALUES
(3);

-- --------------------------------------------------------

--
-- Estructura de tabla para la tabla `vtiger_contract_status`
--

CREATE TABLE IF NOT EXISTS `vtiger_contract_status` (
`contract_statusid` int(11) NOT NULL,
  `contract_status` varchar(200) NOT NULL,
  `presence` int(1) NOT NULL DEFAULT '1',
  `picklist_valueid` int(11) NOT NULL DEFAULT '0',
  `sortorderid` int(11) DEFAULT '0'
) ENGINE=InnoDB AUTO_INCREMENT=7 DEFAULT CHARSET=utf8;

--
-- Volcado de datos para la tabla `vtiger_contract_status`
--

INSERT INTO `vtiger_contract_status` (`contract_statusid`, `contract_status`, `presence`, `picklist_valueid`, `sortorderid`) VALUES
(1, 'Undefined', 1, 214, 1),
(2, 'In Planning', 1, 215, 2),
(3, 'In Progress', 1, 216, 3),
(4, 'On Hold', 1, 217, 4),
(5, 'Complete', 0, 218, 5),
(6, 'Archived', 1, 219, 6);

-- --------------------------------------------------------

--
-- Estructura de tabla para la tabla `vtiger_contract_status_seq`
--

CREATE TABLE IF NOT EXISTS `vtiger_contract_status_seq` (
  `id` int(11) NOT NULL
) ENGINE=InnoDB DEFAULT CHARSET=latin1;

--
-- Volcado de datos para la tabla `vtiger_contract_status_seq`
--

INSERT INTO `vtiger_contract_status_seq` (`id`) VALUES
(6);

-- --------------------------------------------------------

--
-- Estructura de tabla para la tabla `vtiger_contract_type`
--

CREATE TABLE IF NOT EXISTS `vtiger_contract_type` (
`contract_typeid` int(11) NOT NULL,
  `contract_type` varchar(200) NOT NULL,
  `presence` int(1) NOT NULL DEFAULT '1',
  `picklist_valueid` int(11) NOT NULL DEFAULT '0',
  `sortorderid` int(11) DEFAULT '0'
) ENGINE=InnoDB AUTO_INCREMENT=4 DEFAULT CHARSET=utf8;

--
-- Volcado de datos para la tabla `vtiger_contract_type`
--

INSERT INTO `vtiger_contract_type` (`contract_typeid`, `contract_type`, `presence`, `picklist_valueid`, `sortorderid`) VALUES
(1, 'Support', 1, 223, 1),
(2, 'Services', 1, 224, 2),
(3, 'Administrative', 1, 225, 3);

-- --------------------------------------------------------

--
-- Estructura de tabla para la tabla `vtiger_contract_type_seq`
--

CREATE TABLE IF NOT EXISTS `vtiger_contract_type_seq` (
  `id` int(11) NOT NULL
) ENGINE=InnoDB DEFAULT CHARSET=latin1;

--
-- Volcado de datos para la tabla `vtiger_contract_type_seq`
--

INSERT INTO `vtiger_contract_type_seq` (`id`) VALUES
(3);

-- --------------------------------------------------------

--
-- Estructura de tabla para la tabla `vtiger_convertleadmapping`
--

CREATE TABLE IF NOT EXISTS `vtiger_convertleadmapping` (
`cfmid` int(19) NOT NULL,
  `leadfid` int(19) NOT NULL,
  `accountfid` int(19) DEFAULT NULL,
  `contactfid` int(19) DEFAULT NULL,
  `potentialfid` int(19) DEFAULT NULL,
  `editable` int(19) DEFAULT '1'
) ENGINE=InnoDB AUTO_INCREMENT=32 DEFAULT CHARSET=latin1;

--
-- Volcado de datos para la tabla `vtiger_convertleadmapping`
--

INSERT INTO `vtiger_convertleadmapping` (`cfmid`, `leadfid`, `accountfid`, `contactfid`, `potentialfid`, `editable`) VALUES
(1, 43, 1, 0, 110, 0),
(2, 49, 14, 0, 0, 1),
(3, 40, 3, 69, 0, NULL),
(4, 0, 0, 0, 0, NULL),
(5, 44, 5, 77, 0, 1),
(6, 52, 13, 0, 0, 1),
(7, 46, 9, 80, 0, 0),
(8, 48, 4, 0, 0, 1),
(9, 61, 26, 98, 0, 1),
(10, 60, 30, 0, 0, 1),
(11, 62, 32, 104, 0, 1),
(12, 63, 28, 100, 0, 1),
(13, 59, 24, 96, 0, 1),
(14, 64, 34, 106, 0, 1),
(15, 61, 27, 0, 0, 1),
(16, 60, 31, 0, 0, 1),
(17, 62, 33, 0, 0, 1),
(18, 63, 29, 0, 0, 1),
(19, 59, 25, 0, 0, 1),
(20, 64, 35, 0, 0, 1),
(21, 65, 36, 109, 125, 1),
(22, 37, 0, 66, 0, 1),
(23, 38, 0, 67, 0, 0),
(24, 41, 0, 70, 0, 0),
(25, 42, 0, 71, 0, 1),
(26, 45, 0, 76, 0, 1),
(27, 55, 0, 83, 0, 1),
(28, 47, 0, 74, 117, 1),
(29, 50, 0, 0, 0, 1),
(30, 53, 10, 0, 0, 1),
(31, 51, 17, 0, 0, 1);

-- --------------------------------------------------------

--
-- Estructura de tabla para la tabla `vtiger_crmentity`
--

CREATE TABLE IF NOT EXISTS `vtiger_crmentity` (
  `crmid` int(19) NOT NULL,
  `smcreatorid` int(19) NOT NULL DEFAULT '0',
  `smownerid` int(19) NOT NULL DEFAULT '0',
  `modifiedby` int(19) NOT NULL DEFAULT '0',
  `setype` varchar(30) NOT NULL,
  `description` mediumtext,
  `createdtime` datetime NOT NULL,
  `modifiedtime` datetime NOT NULL,
  `viewedtime` datetime DEFAULT NULL,
  `status` varchar(50) DEFAULT NULL,
  `version` int(19) NOT NULL DEFAULT '0',
  `presence` int(1) DEFAULT '1',
  `deleted` int(1) NOT NULL DEFAULT '0',
  `label` varchar(255) DEFAULT NULL
) ENGINE=InnoDB DEFAULT CHARSET=latin1;

--
-- Volcado de datos para la tabla `vtiger_crmentity`
--

INSERT INTO `vtiger_crmentity` (`crmid`, `smcreatorid`, `smownerid`, `modifiedby`, `setype`, `description`, `createdtime`, `modifiedtime`, `viewedtime`, `status`, `version`, `presence`, `deleted`, `label`) VALUES
(2, 1, 1, 1, 'Contacts', '', '2016-08-24 20:59:45', '2016-08-24 21:08:33', NULL, NULL, 0, 1, 1, 'Alejandro Cruz'),
(3, 1, 1, 1, 'Contacts', '', '2016-08-24 21:00:39', '2016-08-24 21:00:52', NULL, NULL, 0, 1, 1, 'David Fonseca'),
(4, 1, 1, 1, 'Contacts', '', '2016-08-24 21:08:56', '2016-08-24 21:08:56', NULL, NULL, 0, 1, 0, 'Alejandro Cruz'),
(5, 1, 1, 1, 'Contacts', '', '2016-09-04 14:37:32', '2016-09-04 14:38:14', NULL, NULL, 0, 1, 0, 'Leonardo Castillo'),
(6, 1, 1, 1, 'Accounts', '', '2016-09-04 14:38:08', '2016-09-04 14:38:08', NULL, NULL, 0, 1, 0, 'VtigerVenezuela'),
(7, 1, 1, 1, 'Contacts', '', '2016-09-04 14:41:06', '2016-09-04 14:41:06', NULL, NULL, 0, 1, 0, 'Leonardo Castillo'),
(8, 1, 1, 1, 'Products', '', '2016-09-04 15:37:06', '2016-09-04 15:39:45', NULL, NULL, 0, 1, 0, 'TestingProduct'),
(9, 1, 1, 1, 'SalesOrder', '', '2016-09-04 15:39:43', '2016-09-07 23:52:47', NULL, NULL, 0, 1, 0, 'TestSalesOrder'),
(10, 1, 1, 1, 'Invoice', '', '2016-09-04 16:02:35', '2016-09-04 16:02:35', NULL, NULL, 0, 1, 0, 'TestSalesOrder'),
(11, 1, 1, 1, 'Products', '', '2016-09-07 23:46:25', '2016-09-07 23:46:25', NULL, NULL, 0, 1, 0, 'TestingProduct2'),
(12, 1, 1, 1, 'Products', '', '2016-09-08 12:44:54', '2016-09-08 12:44:54', NULL, NULL, 0, 1, 0, 'TestingProduct3'),
(13, 1, 1, 1, 'Products', '', '2016-09-08 22:55:58', '2016-09-08 22:55:58', NULL, NULL, 0, 1, 0, 'ACRILICO PUERTA J 9'),
(14, 1, 1, 1, 'Products', '', '2016-09-08 22:55:58', '2016-09-08 22:55:58', NULL, NULL, 0, 1, 0, 'ACRILICO PUERTA J7'),
(15, 1, 1, 1, 'Products', '', '2016-09-08 22:55:58', '2016-09-08 22:55:58', NULL, NULL, 0, 1, 0, 'BANDEJA DESAGUE DV 60'),
(16, 1, 1, 1, 'Products', '', '2016-09-08 22:55:58', '2016-09-08 22:55:58', NULL, NULL, 0, 1, 0, 'BRACETO J7 / JV9'),
(17, 1, 1, 1, 'Products', '', '2016-09-08 22:55:59', '2016-09-08 22:55:59', NULL, NULL, 0, 1, 0, 'BURLETE PARA DV 60'),
(18, 1, 1, 1, 'Products', '', '2016-09-08 22:55:59', '2016-09-08 22:55:59', NULL, NULL, 0, 1, 0, 'CARRO BARQUILLERA J9 EXTRA'),
(19, 1, 1, 1, 'Products', '', '2016-09-08 22:55:59', '2016-09-08 22:55:59', NULL, NULL, 0, 1, 0, 'CARRO VSJ 625'),
(20, 1, 1, 1, 'Products', '', '2016-09-08 22:55:59', '2016-09-08 22:55:59', NULL, NULL, 0, 1, 0, 'CARRO VSJ 635'),
(21, 1, 1, 1, 'Products', '', '2016-09-08 22:55:59', '2016-09-08 22:55:59', NULL, NULL, 0, 1, 0, 'CARRO VSJ 655'),
(22, 1, 1, 1, 'Products', '', '2016-09-08 22:55:59', '2016-09-08 22:55:59', NULL, NULL, 0, 1, 0, 'CELOSIA FRONTAL VT'),
(23, 1, 1, 1, 'Products', '', '2016-09-08 22:55:59', '2016-09-08 22:55:59', NULL, NULL, 0, 1, 0, 'CELOS'),
(24, 1, 1, 1, 'Products', '', '2016-09-08 22:55:59', '2016-09-08 22:55:59', NULL, NULL, 0, 1, 0, 'CENEFA COMPLETA DV 60'),
(25, 1, 1, 1, 'Products', '', '2016-09-08 22:55:59', '2016-09-08 22:55:59', NULL, NULL, 0, 1, 0, 'Chapa Framec'),
(26, 1, 1, 1, 'Products', '', '2016-09-08 22:55:59', '2016-09-08 22:55:59', NULL, NULL, 0, 1, 0, 'CUBRETUBO DV 60'),
(27, 1, 1, 1, 'Products', '', '2016-09-08 22:55:59', '2016-09-08 22:55:59', NULL, NULL, 0, 1, 0, 'ESQUINERO CALIPSO'),
(28, 1, 1, 1, 'Products', '', '2016-09-08 22:55:59', '2016-09-08 22:55:59', NULL, NULL, 0, 1, 0, 'ESQUINERO INFERIOR FRONTAL J7-'),
(29, 1, 1, 1, 'Products', '', '2016-09-08 22:56:00', '2016-09-08 22:56:00', NULL, NULL, 0, 1, 0, 'ESQUINERO INFERIOR IZQUIERDO J'),
(30, 1, 1, 1, 'Products', '', '2016-09-08 22:56:00', '2016-09-08 22:56:00', NULL, NULL, 0, 1, 0, 'ESQUINERO INFERIOR POSTERIOR J'),
(31, 1, 1, 1, 'Products', '', '2016-09-08 22:56:00', '2016-09-08 22:56:00', NULL, NULL, 0, 1, 0, 'ESQUINERO VT'),
(32, 1, 1, 1, 'Products', '', '2016-09-08 22:56:00', '2016-09-08 22:56:00', NULL, NULL, 0, 1, 0, 'INTERRUPTOR BIPOLAR NEGRO'),
(33, 1, 1, 1, 'Products', '', '2016-09-08 22:56:00', '2016-09-08 22:56:00', NULL, NULL, 0, 1, 0, 'KIT PERNOS CUPULA BARQUILLERA'),
(34, 1, 1, 1, 'Products', '', '2016-09-08 22:56:00', '2016-09-08 22:56:00', NULL, NULL, 0, 1, 0, 'NIVELADORES (BASE PATA)'),
(35, 1, 1, 1, 'Products', '', '2016-09-08 22:56:00', '2016-09-08 22:56:00', NULL, NULL, 0, 1, 0, 'PARRILLA (REJILLA) DV 60'),
(36, 1, 1, 1, 'Products', '', '2016-09-08 22:56:00', '2016-09-08 22:56:00', NULL, NULL, 0, 1, 0, 'PROGRAMADOR C/CAJA ELECT J7/J9'),
(37, 1, 1, 1, 'Products', '', '2016-09-08 22:56:00', '2016-09-08 22:56:00', NULL, NULL, 0, 1, 0, 'RANCO K55'),
(38, 1, 1, 1, 'Products', '', '2016-09-08 22:56:00', '2016-09-08 22:56:00', NULL, NULL, 0, 1, 0, 'REJILLA ANTERIOR'),
(39, 1, 1, 1, 'Products', '', '2016-09-08 22:56:00', '2016-09-08 22:56:00', NULL, NULL, 0, 1, 0, 'REJILLA CHICA J7 / J9'),
(40, 1, 1, 1, 'Products', '', '2016-09-08 22:56:00', '2016-09-08 22:56:00', NULL, NULL, 0, 1, 0, 'REJILLA CUBRE EVAPORADOR J9'),
(41, 1, 1, 1, 'Products', '', '2016-09-08 22:56:01', '2016-09-08 22:56:01', NULL, NULL, 0, 1, 0, 'REJILLA CUBRE MOTOR VT 200'),
(42, 1, 1, 1, 'Products', '', '2016-09-08 22:56:01', '2016-09-08 22:56:01', NULL, NULL, 0, 1, 0, 'REJILLA ESCALERA J9'),
(43, 1, 1, 1, 'Products', '', '2016-09-08 22:56:01', '2016-09-08 22:56:01', NULL, NULL, 0, 1, 0, 'REJILLA TRASERA DV60'),
(44, 1, 1, 1, 'Products', '', '2016-09-08 22:56:01', '2016-09-08 22:56:01', NULL, NULL, 0, 1, 0, 'REJILLA VSJ'),
(45, 1, 1, 1, 'Products', '', '2016-09-08 22:56:01', '2016-09-08 22:56:01', NULL, NULL, 0, 1, 0, 'RUEDA TWIN CASTOR D50'),
(46, 1, 1, 1, 'Products', '', '2016-09-08 22:56:01', '2016-09-08 22:56:01', NULL, NULL, 0, 1, 0, 'SONDA PTC FRAMEC'),
(47, 1, 1, 1, 'Products', '', '2016-09-08 22:56:01', '2016-09-08 22:56:01', NULL, NULL, 0, 1, 0, 'SOPORTE VIGA CANASTILLOS'),
(48, 1, 1, 1, 'Products', '', '2016-09-08 22:56:01', '2016-09-08 22:56:01', NULL, NULL, 0, 1, 0, 'SOPORTES DV 60'),
(49, 1, 1, 1, 'Products', '', '2016-09-08 22:56:01', '2016-09-08 22:56:01', NULL, NULL, 0, 1, 0, 'TAPA BARQUILLERA'),
(50, 1, 1, 1, 'Products', '', '2016-09-08 22:56:01', '2016-09-08 22:56:01', NULL, NULL, 0, 1, 0, 'TAPA INFERIOR VS J 625'),
(51, 1, 1, 1, 'Products', '', '2016-09-08 22:56:01', '2016-09-08 22:56:01', NULL, NULL, 0, 1, 0, 'TAPA INFERIOR VS J 635'),
(52, 1, 1, 1, 'Products', '', '2016-09-08 22:56:02', '2016-09-08 22:56:02', NULL, NULL, 0, 1, 0, 'TAPA INFERIOR VSJ 655'),
(53, 1, 1, 1, 'Products', '', '2016-09-08 22:56:02', '2016-09-08 22:56:02', NULL, NULL, 0, 1, 0, 'TAPA INFERIOR VT 150'),
(54, 1, 1, 1, 'Products', '', '2016-09-08 22:56:02', '2016-09-08 22:56:02', NULL, NULL, 0, 1, 0, 'TAPA INFERIOR VT 200'),
(55, 1, 1, 1, 'Products', '', '2016-09-08 22:56:02', '2016-09-08 22:56:02', NULL, NULL, 0, 1, 0, 'TAPA INFERIOR VT250'),
(56, 1, 1, 1, 'Products', '', '2016-09-08 22:56:02', '2016-09-08 22:56:02', NULL, NULL, 0, 1, 0, 'TAPA SUPERIOR VS J 625'),
(57, 1, 1, 1, 'Products', '', '2016-09-08 22:56:02', '2016-09-08 22:56:02', NULL, NULL, 0, 1, 0, 'TAPA SUPERIOR VT 150'),
(58, 1, 1, 1, 'Products', '', '2016-09-08 22:56:02', '2016-09-08 22:56:02', NULL, NULL, 0, 1, 0, 'TAPA SUPERIOR VT200'),
(59, 1, 1, 1, 'Products', '', '2016-09-08 22:56:02', '2016-09-08 22:56:02', NULL, NULL, 0, 1, 0, 'TAPON DESAGUE FRAMEC'),
(60, 1, 1, 1, 'Products', '', '2016-09-08 22:56:02', '2016-09-08 22:56:02', NULL, NULL, 0, 1, 0, 'TAPON ESQUINERO, DE ROSCA'),
(61, 1, 1, 1, 'Products', '', '2016-09-08 22:56:02', '2016-09-08 22:56:02', NULL, NULL, 0, 1, 0, 'TERMOMETRO RECTANGULAR BRIO'),
(62, 1, 1, 1, 'Products', '', '2016-09-08 22:56:02', '2016-09-08 22:56:02', NULL, NULL, 0, 1, 0, 'TIMER BIGATTI ISLA'),
(63, 1, 1, 1, 'Products', '', '2016-09-08 22:56:02', '2016-09-08 22:56:02', NULL, NULL, 0, 1, 0, 'UNION T PARA CALIPSO'),
(64, 1, 1, 1, 'Products', '', '2016-09-08 22:56:03', '2016-09-08 22:56:03', NULL, NULL, 0, 1, 0, 'VIDRIO FRONTAL NICE PRO 12'),
(65, 1, 1, 1, 'Products', '', '2016-09-08 22:56:03', '2016-09-08 22:56:03', NULL, NULL, 0, 1, 0, 'VIDRIO LATERAL J7 - J9'),
(66, 1, 1, 1, 'Products', '', '2016-09-08 22:56:03', '2016-09-08 22:56:03', NULL, NULL, 0, 1, 0, 'VIDRIO LATERAL NICE PRO 12'),
(67, 1, 1, 1, 'Products', '', '2016-09-08 22:56:03', '2016-09-08 22:56:03', NULL, NULL, 0, 1, 0, '0250 Aislaci'),
(68, 1, 1, 1, 'Products', '', '2016-09-08 22:56:03', '2016-09-08 22:56:03', NULL, NULL, 0, 1, 0, 'ACEROS CUBRE VASCA'),
(69, 1, 1, 1, 'Products', '', '2016-09-08 22:56:03', '2016-09-08 22:56:03', NULL, NULL, 0, 1, 0, 'ACOPLE R PL SS'),
(70, 1, 1, 1, 'Products', '', '2016-09-08 22:56:03', '2016-09-08 22:56:03', NULL, NULL, 0, 1, 0, 'ADAPTADOR MAGNETICO 5-16'),
(71, 1, 1, 1, 'Products', '', '2016-09-08 22:56:03', '2016-09-08 22:56:03', NULL, NULL, 0, 1, 0, 'AISLACION 1/2X3/8 (9X12)'),
(72, 1, 1, 1, 'Products', '', '2016-09-08 22:56:03', '2016-09-08 22:56:03', NULL, NULL, 0, 1, 0, 'Alojamiento Inferior Tapa CV'),
(73, 1, 1, 1, 'Products', '', '2016-09-08 22:56:03', '2016-09-08 22:56:03', NULL, NULL, 0, 1, 0, 'ANGULO 10X10'),
(74, 1, 1, 1, 'Products', '', '2016-09-08 22:56:03', '2016-09-08 22:56:03', NULL, NULL, 0, 1, 0, 'ANGULO 20X10'),
(75, 1, 1, 1, 'Products', '', '2016-09-08 22:56:04', '2016-09-08 22:56:04', NULL, NULL, 0, 1, 0, 'ANGULO ALUM 25X12'),
(76, 1, 1, 1, 'Products', '', '2016-09-08 22:56:04', '2016-09-08 22:56:04', NULL, NULL, 0, 1, 0, 'ANGULO ALUMINIO 13 X 13 MM'),
(77, 1, 1, 1, 'Products', '', '2016-09-08 22:56:04', '2016-09-08 22:56:04', NULL, NULL, 0, 1, 0, 'ANGULO ALUMINIO 20 X 20'),
(78, 1, 1, 1, 'Products', '', '2016-09-08 22:56:04', '2016-09-08 22:56:04', NULL, NULL, 0, 1, 0, 'ANGULO FIERRO 20X3'),
(79, 1, 1, 1, 'Products', '', '2016-09-08 22:56:04', '2016-09-08 22:56:04', NULL, NULL, 0, 1, 0, 'ANTIVIBRADOR 5/8'),
(80, 1, 1, 1, 'Products', '', '2016-09-08 22:56:04', '2016-09-08 22:56:04', NULL, NULL, 0, 1, 0, 'Apendice de Carga'),
(81, 1, 1, 1, 'Products', '', '2016-09-08 22:56:04', '2016-09-08 22:56:04', NULL, NULL, 0, 1, 0, 'ASPA 172MM ASPIRANTE'),
(82, 1, 1, 1, 'Products', '', '2016-09-08 22:56:04', '2016-09-08 22:56:04', NULL, NULL, 0, 1, 0, 'ASPA 200 MM'),
(83, 1, 1, 1, 'Products', '', '2016-09-08 22:56:04', '2016-09-08 22:56:04', NULL, NULL, 0, 1, 0, 'BALLAST 1 X 54W OSRAM'),
(84, 1, 1, 1, 'Products', '', '2016-09-08 22:56:04', '2016-09-08 22:56:04', NULL, NULL, 0, 1, 0, 'Ballast Cascada'),
(85, 1, 1, 1, 'Products', '', '2016-09-08 22:56:04', '2016-09-08 22:56:04', NULL, NULL, 0, 1, 0, 'Ballats 15,18,20,32,36,40w'),
(86, 1, 1, 1, 'Products', '', '2016-09-08 22:56:04', '2016-09-08 22:56:04', NULL, NULL, 0, 1, 0, 'BANDEJAS DESAGUE MILLENIUM'),
(87, 1, 1, 1, 'Products', '', '2016-09-08 22:56:04', '2016-09-08 22:56:04', NULL, NULL, 0, 1, 0, 'BANDEJAS MURAL MD 14'),
(88, 1, 1, 1, 'Products', '', '2016-09-08 22:56:04', '2016-09-08 22:56:04', NULL, NULL, 0, 1, 0, 'BANEJA DESAGUE J7 / J9 CUBILLO'),
(89, 1, 1, 1, 'Products', '', '2016-09-08 22:56:05', '2016-09-08 22:56:05', NULL, NULL, 0, 1, 0, 'Base Partidos Tubo Fluorescentes'),
(90, 1, 1, 1, 'Products', '', '2016-09-08 22:56:05', '2016-09-08 22:56:05', NULL, NULL, 0, 1, 0, 'Base Tubo Fluorescentes'),
(91, 1, 1, 1, 'Products', '', '2016-09-08 22:56:05', '2016-09-08 22:56:05', NULL, NULL, 0, 1, 0, 'BOBINA 018'),
(92, 1, 1, 1, 'Products', '', '2016-09-08 22:56:05', '2016-09-08 22:56:05', NULL, NULL, 0, 1, 0, 'CAJA CHUKI'),
(93, 1, 1, 1, 'Products', '', '2016-09-08 22:56:06', '2016-09-08 22:56:06', NULL, NULL, 0, 1, 0, 'CAJA ESTAMCA 80X80 C/CONO'),
(94, 1, 1, 1, 'Products', '', '2016-09-08 22:56:06', '2016-09-08 22:56:06', NULL, NULL, 0, 1, 0, 'CALEFACTOR DESAGUE W16'),
(95, 1, 1, 1, 'Products', '', '2016-09-08 22:56:06', '2016-09-08 22:56:06', NULL, NULL, 0, 1, 0, 'CANAL UE169 10X10'),
(96, 1, 1, 1, 'Products', '', '2016-09-08 22:56:07', '2016-09-08 22:56:07', NULL, NULL, 0, 1, 0, 'CAPACITOR  PARTIDA 56-70'),
(97, 1, 1, 1, 'Products', '', '2016-09-08 22:56:07', '2016-09-08 22:56:07', NULL, NULL, 0, 1, 0, 'Capacitor 66-77 mF CV200'),
(98, 1, 1, 1, 'Products', '', '2016-09-08 22:56:07', '2016-09-08 22:56:07', NULL, NULL, 0, 1, 0, 'CAPACITOR 88 - 106MFD 330VAC'),
(99, 1, 1, 1, 'Products', '', '2016-09-08 22:56:07', '2016-09-08 22:56:07', NULL, NULL, 0, 1, 0, 'CAPACITOR DE PARTIDA 145-175 M'),
(100, 1, 1, 1, 'Products', '', '2016-09-08 22:56:07', '2016-09-08 22:56:07', NULL, NULL, 0, 1, 0, 'CAPACITOR DE PARTIDA 64-77'),
(101, 1, 1, 1, 'Products', '', '2016-09-08 22:56:07', '2016-09-08 22:56:07', NULL, NULL, 0, 1, 0, 'CAPACITOR MARCHA 10MFD 370'),
(102, 1, 1, 1, 'Products', '', '2016-09-08 22:56:07', '2016-09-08 22:56:07', NULL, NULL, 0, 1, 0, 'Carro'),
(103, 1, 1, 1, 'Products', '', '2016-09-08 22:56:07', '2016-09-08 22:56:07', NULL, NULL, 0, 1, 0, 'Chapa Alternativa'),
(104, 1, 1, 1, 'Products', '', '2016-09-08 22:56:07', '2016-09-08 22:56:07', NULL, NULL, 0, 1, 0, 'CINTA AEROTAPE 9.1 MTS X 50MM'),
(105, 1, 1, 1, 'Products', '', '2016-09-08 22:56:08', '2016-09-08 22:56:08', NULL, NULL, 0, 1, 0, 'COMPRESOR 2416 ZK-2134'),
(106, 1, 1, 1, 'Products', '', '2016-09-08 22:56:08', '2016-09-08 22:56:08', NULL, NULL, 0, 1, 0, 'COMPRESOR 6220'),
(107, 1, 1, 1, 'Products', '', '2016-09-08 22:56:08', '2016-09-08 22:56:08', NULL, NULL, 0, 1, 0, 'COMPRESOR 9232'),
(108, 1, 1, 1, 'Products', '', '2016-09-08 22:56:08', '2016-09-08 22:56:08', NULL, NULL, 0, 1, 0, 'COMPRESOR ASPERA T2168 GK'),
(109, 1, 1, 1, 'Products', '', '2016-09-08 22:56:08', '2016-09-08 22:56:08', NULL, NULL, 0, 1, 0, 'COMPRESOR ASPERA T-2180GK'),
(110, 1, 1, 1, 'Products', '', '2016-09-08 22:56:08', '2016-09-08 22:56:08', NULL, NULL, 0, 1, 0, 'COMPRESOR CA2435  Z'),
(111, 1, 1, 1, 'Products', '', '2016-09-08 22:56:08', '2016-09-08 22:56:08', NULL, NULL, 0, 1, 0, 'COMPRESOR FF-12-HBK'),
(112, 1, 1, 1, 'Products', '', '2016-09-08 22:56:08', '2016-09-08 22:56:08', NULL, NULL, 0, 1, 0, 'COMPRESOR FF80HAK R-134 1118'),
(113, 1, 1, 1, 'Products', '', '2016-09-08 22:56:08', '2016-09-08 22:56:08', NULL, NULL, 0, 1, 0, 'COMPRESOR FG-85-HAK'),
(114, 1, 1, 1, 'Products', '', '2016-09-08 22:56:08', '2016-09-08 22:56:08', NULL, NULL, 0, 1, 0, 'COMPRESOR MS22TB R404/507'),
(115, 1, 1, 1, 'Products', '', '2016-09-08 22:56:08', '2016-09-08 22:56:08', NULL, NULL, 0, 1, 0, 'COMPRESOR MS26TB R404/507'),
(116, 1, 1, 1, 'Products', '', '2016-09-08 22:56:08', '2016-09-08 22:56:08', NULL, NULL, 0, 1, 0, 'COMPRESOR MX21FBA EX 2178GK'),
(117, 1, 1, 1, 'Products', '', '2016-09-08 22:56:08', '2016-09-08 22:56:08', NULL, NULL, 0, 1, 0, 'COMPRESOR NEK 2150 GK'),
(118, 1, 1, 1, 'Products', '', '2016-09-08 22:56:09', '2016-09-08 22:56:09', NULL, NULL, 0, 1, 0, 'COMPRESOR NF10FX SECOP 1/4HP R'),
(119, 1, 1, 1, 'Products', '', '2016-09-08 22:56:09', '2016-09-08 22:56:09', NULL, NULL, 0, 1, 0, 'COMPRESOR NF11FX SECOP 1/3 HP'),
(120, 1, 1, 1, 'Products', '', '2016-09-08 22:56:09', '2016-09-08 22:56:09', NULL, NULL, 0, 1, 0, 'COMPRESOR NF9FX R-134 1/4 HP S'),
(121, 1, 1, 1, 'Products', '', '2016-09-08 22:56:09', '2016-09-08 22:56:09', NULL, NULL, 0, 1, 0, 'COMPRESOR NJ 2192 GK 404'),
(122, 1, 1, 1, 'Products', '', '2016-09-08 22:56:09', '2016-09-08 22:56:09', NULL, NULL, 0, 1, 0, 'COMPRESOR NJ 6226 Z'),
(123, 1, 1, 1, 'Products', '', '2016-09-08 22:56:09', '2016-09-08 22:56:09', NULL, NULL, 0, 1, 0, 'COMPRESOR NJ 9238 GK'),
(124, 1, 1, 1, 'Products', '', '2016-09-08 22:56:09', '2016-09-08 22:56:09', NULL, NULL, 0, 1, 0, 'COMPRESOR NJ2212 GK 1.25 HP R4'),
(125, 1, 1, 1, 'Products', '', '2016-09-08 22:56:09', '2016-09-08 22:56:09', NULL, NULL, 0, 1, 0, 'COMPRESOR NJ9226 GK 1HP R04'),
(126, 1, 1, 1, 'Products', '', '2016-09-08 22:56:09', '2016-09-08 22:56:09', NULL, NULL, 0, 1, 0, 'COMPRESOR NT /  T 2178 GK'),
(127, 1, 1, 1, 'Products', '', '2016-09-08 22:56:10', '2016-09-08 22:56:10', NULL, NULL, 0, 1, 0, 'COMPRESOR SC 12CL, R404'),
(128, 1, 1, 1, 'Products', '', '2016-09-08 22:56:10', '2016-09-08 22:56:10', NULL, NULL, 0, 1, 0, 'COMPRESOR SC12G R-134 1/3HP'),
(129, 1, 1, 1, 'Products', '', '2016-09-08 22:56:10', '2016-09-08 22:56:10', NULL, NULL, 0, 1, 0, 'COMPRESOR WJ 9490 Z'),
(130, 1, 1, 1, 'Products', '', '2016-09-08 22:56:10', '2016-09-08 22:56:10', NULL, NULL, 0, 1, 0, 'COMPRESOR WJ2450ZK SA (NJ2192G'),
(131, 1, 1, 1, 'Products', '', '2016-09-08 22:56:10', '2016-09-08 22:56:10', NULL, NULL, 0, 1, 0, 'CONECTOR INDUSTRIAL HEMBRA'),
(132, 1, 1, 1, 'Products', '', '2016-09-08 22:56:10', '2016-09-08 22:56:10', NULL, NULL, 0, 1, 0, 'CONECTOR MACHO INDURARC'),
(133, 1, 1, 1, 'Products', '', '2016-09-08 22:56:10', '2016-09-08 22:56:10', NULL, NULL, 0, 1, 0, 'Conjunto Reley FFI-12'),
(134, 1, 1, 1, 'Products', '', '2016-09-08 22:56:10', '2016-09-08 22:56:10', NULL, NULL, 0, 1, 0, 'CONTACTOR 25A AC3 220V'),
(135, 1, 1, 1, 'Products', '', '2016-09-08 22:56:10', '2016-09-08 22:56:10', NULL, NULL, 0, 1, 0, 'Control carel con 2 Sondas'),
(136, 1, 1, 1, 'Products', '', '2016-09-08 22:56:10', '2016-09-08 22:56:10', NULL, NULL, 0, 1, 0, 'CONTROLADOR DIXEL XR72 CX'),
(137, 1, 1, 1, 'Products', '', '2016-09-08 22:56:10', '2016-09-08 22:56:10', NULL, NULL, 0, 1, 0, 'CONTROLADOR EKC 102 A 1 RELE 1'),
(138, 1, 1, 1, 'Products', '', '2016-09-08 22:56:10', '2016-09-08 22:56:10', NULL, NULL, 0, 1, 0, 'CORDON 3 X 0.75 NEGRO'),
(139, 1, 1, 1, 'Products', '', '2016-09-08 22:56:11', '2016-09-08 22:56:11', NULL, NULL, 0, 1, 0, 'Cordon 3 x 1,5 (mts)'),
(140, 1, 1, 1, 'Products', '', '2016-09-08 22:56:11', '2016-09-08 22:56:11', NULL, NULL, 0, 1, 0, 'Correa 60'),
(141, 1, 1, 1, 'Products', '', '2016-09-08 22:56:11', '2016-09-08 22:56:11', NULL, NULL, 0, 1, 0, 'Correas A62'),
(142, 1, 1, 1, 'Products', '', '2016-09-08 22:56:11', '2016-09-08 22:56:11', NULL, NULL, 0, 1, 0, 'CUBRE TUBO'),
(143, 1, 1, 1, 'Products', '', '2016-09-08 22:56:11', '2016-09-08 22:56:11', NULL, NULL, 0, 1, 0, 'ENCHUFE 16 AMP HEMBRA, 220V'),
(144, 1, 1, 1, 'Products', '', '2016-09-08 22:56:11', '2016-09-08 22:56:11', NULL, NULL, 0, 1, 0, 'ENCHUFE DE SEGURIDAD LEXO 16 AMP'),
(145, 1, 1, 1, 'Products', '', '2016-09-08 22:56:11', '2016-09-08 22:56:11', NULL, NULL, 0, 1, 0, 'ENCHUFE DINCE'),
(146, 1, 1, 1, 'Products', '', '2016-09-08 22:56:11', '2016-09-08 22:56:11', NULL, NULL, 0, 1, 0, 'ENCHUFE HEMBRA INDUST 32A'),
(147, 1, 1, 1, 'Products', '', '2016-09-08 22:56:11', '2016-09-08 22:56:11', NULL, NULL, 0, 1, 0, 'Enchufe Macho 10 AMP'),
(148, 1, 1, 1, 'Products', '', '2016-09-08 22:56:11', '2016-09-08 22:56:11', NULL, NULL, 0, 1, 0, 'ENCHUFE MACHO DE 16A 220V'),
(149, 1, 1, 1, 'Products', '', '2016-09-08 22:56:11', '2016-09-08 22:56:11', NULL, NULL, 0, 1, 0, 'ENCHUFE MACHO INDUST 32A'),
(150, 1, 1, 1, 'Products', '', '2016-09-08 22:56:11', '2016-09-08 22:56:11', NULL, NULL, 0, 1, 0, 'ESQUINERO DX MESA APOYO BARQUI'),
(151, 1, 1, 1, 'Products', '', '2016-09-08 22:56:11', '2016-09-08 22:56:11', NULL, NULL, 0, 1, 0, 'ESQUINERO INF FRONTAL'),
(152, 1, 1, 1, 'Products', '', '2016-09-08 22:56:12', '2016-09-08 22:56:12', NULL, NULL, 0, 1, 0, 'ESQUINERO IZQ MESA APOYO BARQU'),
(153, 1, 1, 1, 'Products', '', '2016-09-08 22:56:12', '2016-09-08 22:56:12', NULL, NULL, 0, 1, 0, 'FILTRO REVERSIBLE 3/8 163'),
(154, 1, 1, 1, 'Products', '', '2016-09-08 22:56:12', '2016-09-08 22:56:12', NULL, NULL, 0, 1, 0, 'FILTRO SEC 40G R134'),
(155, 1, 1, 1, 'Products', '', '2016-09-08 22:56:12', '2016-09-08 22:56:12', NULL, NULL, 0, 1, 0, 'FILTRO SEC REF 25/3R-134A'),
(156, 1, 1, 1, 'Products', '', '2016-09-08 22:56:12', '2016-09-08 22:56:12', NULL, NULL, 0, 1, 0, 'FILTRO SOLDAR CF-25 1/4X1/4 EV'),
(157, 1, 1, 1, 'Products', '', '2016-09-08 22:56:12', '2016-09-08 22:56:12', NULL, NULL, 0, 1, 0, 'FLEXIBLE AGUA MILLEN'),
(158, 1, 1, 1, 'Products', '', '2016-09-08 22:56:12', '2016-09-08 22:56:12', NULL, NULL, 0, 1, 0, 'FLTRO SECADOR DCL-052 1/4'),
(159, 1, 1, 1, 'Products', '', '2016-09-08 22:56:12', '2016-09-08 22:56:12', NULL, NULL, 0, 1, 0, 'Fluorescente 15w'),
(160, 1, 1, 1, 'Products', '', '2016-09-08 22:56:12', '2016-09-08 22:56:12', NULL, NULL, 0, 1, 0, 'Fluorescente 21 Cascada y 54w'),
(161, 1, 1, 1, 'Products', '', '2016-09-08 22:56:12', '2016-09-08 22:56:12', NULL, NULL, 0, 1, 0, 'FLUORESCENTE 36 W'),
(162, 1, 1, 1, 'Products', '', '2016-09-08 22:56:13', '2016-09-08 22:56:13', NULL, NULL, 0, 1, 0, 'FLUORESCENTE 54WATTS'),
(163, 1, 1, 1, 'Products', '', '2016-09-08 22:56:13', '2016-09-08 22:56:13', NULL, NULL, 0, 1, 0, 'FLUORESCENTE 8WATTS'),
(164, 1, 1, 1, 'Products', '', '2016-09-08 22:56:13', '2016-09-08 22:56:13', NULL, NULL, 0, 1, 0, 'FLUORESCENTE T 5'),
(165, 1, 1, 1, 'Products', '', '2016-09-08 22:56:13', '2016-09-08 22:56:13', NULL, NULL, 0, 1, 0, 'FUSIBLE 500 MA CORTO VIDRIO'),
(166, 1, 1, 1, 'Products', '', '2016-09-08 22:56:13', '2016-09-08 22:56:13', NULL, NULL, 0, 1, 0, 'INT. ROTATIVO TRIF. 16 AMP'),
(167, 1, 1, 1, 'Products', '', '2016-09-08 22:56:13', '2016-09-08 22:56:13', NULL, NULL, 0, 1, 0, 'INTERRUPTOR 2 POS FIJAS LEGRAN'),
(168, 1, 1, 1, 'Products', '', '2016-09-08 22:56:13', '2016-09-08 22:56:13', NULL, NULL, 0, 1, 0, 'INTERRUPTOR NEGRO'),
(169, 1, 1, 1, 'Products', '', '2016-09-08 22:56:13', '2016-09-08 22:56:13', NULL, NULL, 0, 1, 0, 'Juego electrico Voltimetrico ( rele , capacitor de partida y permanente)'),
(170, 1, 1, 1, 'Products', '', '2016-09-08 22:56:13', '2016-09-08 22:56:13', NULL, NULL, 0, 1, 0, 'Kit Alojamiento Lave Metalica'),
(171, 1, 1, 1, 'Products', '', '2016-09-08 22:56:13', '2016-09-08 22:56:13', NULL, NULL, 0, 1, 0, 'Kit Chapa Metalica CC-300'),
(172, 1, 1, 1, 'Products', '', '2016-09-08 22:56:13', '2016-09-08 22:56:13', NULL, NULL, 0, 1, 0, 'KIT ELECTRICO 2134'),
(173, 1, 1, 1, 'Products', '', '2016-09-08 22:56:13', '2016-09-08 22:56:13', NULL, NULL, 0, 1, 0, 'KIT ELECTRICO FFU 130 HA'),
(174, 1, 1, 1, 'Products', '', '2016-09-08 22:56:14', '2016-09-08 22:56:14', NULL, NULL, 0, 1, 0, 'KIT PARTIDA SC18G SC15CL'),
(175, 1, 1, 1, 'Products', '', '2016-09-08 22:56:14', '2016-09-08 22:56:14', NULL, NULL, 0, 1, 0, 'Llave de Agua Mill'),
(176, 1, 1, 1, 'Products', '', '2016-09-08 22:56:14', '2016-09-08 22:56:14', NULL, NULL, 0, 1, 0, 'LLAVE DE PINCHE 1/4 Y 3/8'),
(177, 1, 1, 1, 'Products', '', '2016-09-08 22:56:14', '2016-09-08 22:56:14', NULL, NULL, 0, 1, 0, 'MANGUERA'),
(178, 1, 1, 1, 'Products', '', '2016-09-08 22:56:14', '2016-09-08 22:56:14', NULL, NULL, 0, 1, 0, 'MANGUERA 1/4 130BAR L-4000'),
(179, 1, 1, 1, 'Products', '', '2016-09-08 22:56:14', '2016-09-08 22:56:14', NULL, NULL, 0, 1, 0, 'PANTALLA TUBO'),
(180, 1, 1, 1, 'Products', '', '2016-09-08 22:56:14', '2016-09-08 22:56:14', NULL, NULL, 0, 1, 0, 'Partidor'),
(181, 1, 1, 1, 'Products', '', '2016-09-08 22:56:14', '2016-09-08 22:56:14', NULL, NULL, 0, 1, 0, 'Pegamento poxipol'),
(182, 1, 1, 1, 'Products', '', '2016-09-08 22:56:14', '2016-09-08 22:56:14', NULL, NULL, 0, 1, 0, 'PERFIL ALUMNIO CONSERVADORAS'),
(183, 1, 1, 1, 'Products', '', '2016-09-08 22:56:14', '2016-09-08 22:56:14', NULL, NULL, 0, 1, 0, 'PERNO ANCLAJE 1/2 X 1/4 (CAJA'),
(184, 1, 1, 1, 'Products', '', '2016-09-08 22:56:14', '2016-09-08 22:56:14', NULL, NULL, 0, 1, 0, 'Pila maxell LR 44'),
(185, 1, 1, 1, 'Products', '', '2016-09-08 22:56:14', '2016-09-08 22:56:14', NULL, NULL, 0, 1, 0, 'PORTA PROGRAMADOR Y PORTA BOTO'),
(186, 1, 1, 1, 'Products', '', '2016-09-08 22:56:14', '2016-09-08 22:56:14', NULL, NULL, 0, 1, 0, 'PROTECTOR CABLE DE VIDRIO LAT'),
(187, 1, 1, 1, 'Products', '', '2016-09-08 22:56:15', '2016-09-08 22:56:15', NULL, NULL, 0, 1, 0, 'PROTECTOR LUMINARIA'),
(188, 1, 1, 1, 'Products', '', '2016-09-08 22:56:15', '2016-09-08 22:56:15', NULL, NULL, 0, 1, 0, 'Protector t'),
(189, 1, 1, 1, 'Products', '', '2016-09-08 22:56:15', '2016-09-08 22:56:15', NULL, NULL, 0, 1, 0, 'PROTECTOR TERMICO NEK 2134GK'),
(190, 1, 1, 1, 'Products', '', '2016-09-08 22:56:15', '2016-09-08 22:56:15', NULL, NULL, 0, 1, 0, 'RECTANGULO 50X25'),
(191, 1, 1, 1, 'Products', '', '2016-09-08 22:56:15', '2016-09-08 22:56:15', NULL, NULL, 0, 1, 0, 'REFRIGERANTE R-141b'),
(192, 1, 1, 1, 'Products', '', '2016-09-08 22:56:15', '2016-09-08 22:56:15', NULL, NULL, 0, 1, 0, 'REFRIGERANTE R-22'),
(193, 1, 1, 1, 'Products', '', '2016-09-08 22:56:15', '2016-09-08 22:56:15', NULL, NULL, 0, 1, 0, 'REJILLA DV60'),
(194, 1, 1, 1, 'Products', '', '2016-09-08 22:56:15', '2016-09-08 22:56:15', NULL, NULL, 0, 1, 0, 'REJILLA FRONTAL W-19NF'),
(195, 1, 1, 1, 'Products', '', '2016-09-08 22:56:15', '2016-09-08 22:56:15', NULL, NULL, 0, 1, 0, 'REJILLA W16'),
(196, 1, 1, 1, 'Products', '', '2016-09-08 22:56:15', '2016-09-08 22:56:15', NULL, NULL, 0, 1, 0, 'Rel'),
(197, 1, 1, 1, 'Products', '', '2016-09-08 22:56:15', '2016-09-08 22:56:15', NULL, NULL, 0, 1, 0, 'Repuesto menor'),
(198, 1, 1, 1, 'Products', '', '2016-09-08 22:56:15', '2016-09-08 22:56:15', NULL, NULL, 0, 1, 0, 'RESTANGULAR 50 X25'),
(199, 1, 1, 1, 'Products', '', '2016-09-08 22:56:15', '2016-09-08 22:56:15', NULL, NULL, 0, 1, 0, 'SONDA DE REPTO. PTC 2 MTS,'),
(200, 1, 1, 1, 'Products', '', '2016-09-08 22:56:16', '2016-09-08 22:56:16', NULL, NULL, 0, 1, 0, 'SONDA DE REPUESTO PTC 2 MTS'),
(201, 1, 1, 1, 'Products', '', '2016-09-08 22:56:16', '2016-09-08 22:56:16', NULL, NULL, 0, 1, 0, 'SONDA NTC 2R -50'),
(202, 1, 1, 1, 'Products', '', '2016-09-08 22:56:16', '2016-09-08 22:56:16', NULL, NULL, 0, 1, 0, 'SOPORTE CORTINA'),
(203, 1, 1, 1, 'Products', '', '2016-09-08 22:56:16', '2016-09-08 22:56:16', NULL, NULL, 0, 1, 0, 'SOPORTE DE PARED'),
(204, 1, 1, 1, 'Products', '', '2016-09-08 22:56:16', '2016-09-08 22:56:16', NULL, NULL, 0, 1, 0, 'SOPORTE PARRILLA S/S'),
(205, 1, 1, 1, 'Products', '', '2016-09-08 22:56:16', '2016-09-08 22:56:16', NULL, NULL, 0, 1, 0, 'SOPORTE SUP VIDRIO LATERAL'),
(206, 1, 1, 1, 'Products', '', '2016-09-08 22:56:16', '2016-09-08 22:56:16', NULL, NULL, 0, 1, 0, 'SPRAY ALUMINIO'),
(207, 1, 1, 1, 'Products', '', '2016-09-08 22:56:16', '2016-09-08 22:56:16', NULL, NULL, 0, 1, 0, 'SPRAY AZUL'),
(208, 1, 1, 1, 'Products', '', '2016-09-08 22:56:16', '2016-09-08 22:56:16', NULL, NULL, 0, 1, 0, 'SPRAY BLANCO'),
(209, 1, 1, 1, 'Products', '', '2016-09-08 22:56:16', '2016-09-08 22:56:16', NULL, NULL, 0, 1, 0, 'SPRAY GRIS'),
(210, 1, 1, 1, 'Products', '', '2016-09-08 22:56:17', '2016-09-08 22:56:17', NULL, NULL, 0, 1, 0, 'SPRAY NEGRO'),
(211, 1, 1, 1, 'Products', '', '2016-09-08 22:56:18', '2016-09-08 22:56:18', NULL, NULL, 0, 1, 0, 'SPRAY ROJO'),
(212, 1, 1, 1, 'Products', '', '2016-09-08 22:56:18', '2016-09-08 22:56:18', NULL, NULL, 0, 1, 0, 'Switch de Encendido valor COLDANDINA'),
(213, 1, 1, 1, 'Products', '', '2016-09-08 22:56:18', '2016-09-08 22:56:18', NULL, NULL, 0, 1, 0, 'TAPA CAJA CHUKI'),
(214, 1, 1, 1, 'Products', '', '2016-09-08 22:56:18', '2016-09-08 22:56:18', NULL, NULL, 0, 1, 0, 'TELA CORTINA MURAL'),
(215, 1, 1, 1, 'Products', '', '2016-09-08 22:56:18', '2016-09-08 22:56:18', NULL, NULL, 0, 1, 0, 'TELA PARA CORTINAS'),
(216, 1, 1, 1, 'Products', '', '2016-09-08 22:56:18', '2016-09-08 22:56:18', NULL, NULL, 0, 1, 0, 'TERMETRO DIGITAL'),
(217, 1, 1, 1, 'Products', '', '2016-09-08 22:56:19', '2016-09-08 22:56:19', NULL, NULL, 0, 1, 0, 'TERMOCONTRAILER DE  1/4'),
(218, 1, 1, 1, 'Products', '', '2016-09-08 22:56:19', '2016-09-08 22:56:19', NULL, NULL, 0, 1, 0, 'TERMOCONTRAILER DE 3/8'),
(219, 1, 1, 1, 'Products', '', '2016-09-08 22:56:19', '2016-09-08 22:56:19', NULL, NULL, 0, 1, 0, 'TERMOMETRO HORIZONTAL -25'),
(220, 1, 1, 1, 'Products', '', '2016-09-08 22:56:19', '2016-09-08 22:56:19', NULL, NULL, 0, 1, 0, 'TERMONCTRAILER DE 1/2'),
(221, 1, 1, 1, 'Products', '', '2016-09-08 22:56:19', '2016-09-08 22:56:19', NULL, NULL, 0, 1, 0, 'TERMOSELLADO'),
(222, 1, 1, 1, 'Products', '', '2016-09-08 22:56:20', '2016-09-08 22:56:20', NULL, NULL, 0, 1, 0, 'Termostato Analogo'),
(223, 1, 1, 1, 'Products', '', '2016-09-08 22:56:20', '2016-09-08 22:56:20', NULL, NULL, 0, 1, 0, 'TERMOSTATO CONG. 02 DANFOSS'),
(224, 1, 1, 1, 'Products', '', '2016-09-08 22:56:20', '2016-09-08 22:56:20', NULL, NULL, 0, 1, 0, 'TERMOSTATO EKC 102A 084B-8540'),
(225, 1, 1, 1, 'Products', '', '2016-09-08 22:56:20', '2016-09-08 22:56:20', NULL, NULL, 0, 1, 0, 'TUBERIA COBRE 5/16"'),
(226, 1, 1, 1, 'Products', '', '2016-09-08 22:56:20', '2016-09-08 22:56:20', NULL, NULL, 0, 1, 0, 'TUBERIA REC 1/2"'),
(227, 1, 1, 1, 'Products', '', '2016-09-08 22:56:21', '2016-09-08 22:56:21', NULL, NULL, 0, 1, 0, 'TUBERIA RECOCIDA 1/4"'),
(228, 1, 1, 1, 'Products', '', '2016-09-08 22:56:21', '2016-09-08 22:56:21', NULL, NULL, 0, 1, 0, 'TUBERIA RECOCIDA 3/8"'),
(229, 1, 1, 1, 'Products', '', '2016-09-08 22:56:21', '2016-09-08 22:56:21', NULL, NULL, 0, 1, 0, 'tubo de 18 wtts'),
(230, 1, 1, 1, 'Products', '', '2016-09-08 22:56:21', '2016-09-08 22:56:21', NULL, NULL, 0, 1, 0, 'Tubo de 58 watts'),
(231, 1, 1, 1, 'Products', '', '2016-09-08 22:56:21', '2016-09-08 22:56:21', NULL, NULL, 0, 1, 0, 'Tubo fluorescente 36 w'),
(232, 1, 1, 1, 'Products', '', '2016-09-08 22:56:21', '2016-09-08 22:56:21', NULL, NULL, 0, 1, 0, 'tubos de 40wtts'),
(233, 1, 1, 1, 'Products', '', '2016-09-08 22:56:21', '2016-09-08 22:56:21', NULL, NULL, 0, 1, 0, 'TUERCA 1/4'),
(234, 1, 1, 1, 'Products', '', '2016-09-08 22:56:21', '2016-09-08 22:56:21', NULL, NULL, 0, 1, 0, 'TUERCA FLEK 1/2'),
(235, 1, 1, 1, 'Products', '', '2016-09-08 22:56:22', '2016-09-08 22:56:22', NULL, NULL, 0, 1, 0, 'TUERCA FLEK 5/8'),
(236, 1, 1, 1, 'Products', '', '2016-09-08 22:56:22', '2016-09-08 22:56:22', NULL, NULL, 0, 1, 0, 'UNION 1/4 FLARE X 1/4 FLARE'),
(237, 1, 1, 1, 'Products', '', '2016-09-08 22:56:22', '2016-09-08 22:56:22', NULL, NULL, 0, 1, 0, 'VALVULA 4 VIAS'),
(238, 1, 1, 1, 'Products', '', '2016-09-08 22:56:22', '2016-09-08 22:56:22', NULL, NULL, 0, 1, 0, 'VALVULA DE CARGA 1/4"'),
(239, 1, 1, 1, 'Products', '', '2016-09-08 22:56:22', '2016-09-08 22:56:22', NULL, NULL, 0, 1, 0, 'VALVULA SOLENOIDE 1/4 32F ROSC'),
(240, 1, 1, 1, 'Products', '', '2016-09-08 22:56:22', '2016-09-08 22:56:22', NULL, NULL, 0, 1, 0, 'Ventilador 15W c/aro'),
(241, 1, 1, 1, 'Products', '', '2016-09-08 22:56:22', '2016-09-08 22:56:22', NULL, NULL, 0, 1, 0, 'Ventilador 25w'),
(242, 1, 1, 1, 'Products', '', '2016-09-08 22:56:23', '2016-09-08 22:56:23', NULL, NULL, 0, 1, 0, 'VENTILADOR CENTRIFUGO'),
(243, 1, 1, 1, 'Products', '', '2016-09-08 22:56:23', '2016-09-08 22:56:23', NULL, NULL, 0, 1, 0, 'Ventilador Display'),
(244, 1, 1, 1, 'Products', '', '2016-09-08 22:56:23', '2016-09-08 22:56:23', NULL, NULL, 0, 1, 0, 'ZNC LIS 35X1X2'),
(245, 1, 1, 1, 'Products', '', '2016-09-08 22:56:23', '2016-09-08 22:56:23', NULL, NULL, 0, 1, 0, 'ABRAZADERA CABLE S/TORNILLO'),
(246, 1, 1, 1, 'Products', '', '2016-09-08 22:56:23', '2016-09-08 22:56:23', NULL, NULL, 0, 1, 0, 'ACRILICO EDERA 126'),
(247, 1, 1, 1, 'Products', '', '2016-09-08 22:56:23', '2016-09-08 22:56:23', NULL, NULL, 0, 1, 0, 'ACRILICO FENICE 118'),
(248, 1, 1, 1, 'Products', '', '2016-09-08 22:56:23', '2016-09-08 22:56:23', NULL, NULL, 0, 1, 0, 'ACRILICO FENICE S 7'),
(249, 1, 1, 1, 'Products', '', '2016-09-08 22:56:24', '2016-09-08 22:56:24', NULL, NULL, 0, 1, 0, 'ACRILICO FENICE S13'),
(250, 1, 1, 1, 'Products', '', '2016-09-08 22:56:24', '2016-09-08 22:56:24', NULL, NULL, 0, 1, 0, 'ACRILICO FENICE S9'),
(251, 1, 1, 1, 'Products', '', '2016-09-08 22:56:24', '2016-09-08 22:56:24', NULL, NULL, 0, 1, 0, 'ALUMINIO MANILLA PUERTA'),
(252, 1, 1, 1, 'Products', '', '2016-09-08 22:56:24', '2016-09-08 22:56:24', NULL, NULL, 0, 1, 0, 'ALUMINIO MANILLA PUERTA CUP'),
(253, 1, 1, 1, 'Products', '', '2016-09-08 22:56:24', '2016-09-08 22:56:24', NULL, NULL, 0, 1, 0, 'ANCLAJE PUERTA BODEGA'),
(254, 1, 1, 1, 'Products', '', '2016-09-08 22:56:24', '2016-09-08 22:56:24', NULL, NULL, 0, 1, 0, 'BALLAST 30 W'),
(255, 1, 1, 1, 'Products', '', '2016-09-08 22:56:24', '2016-09-08 22:56:24', NULL, NULL, 0, 1, 0, 'BALLAST 58W'),
(256, 1, 1, 1, 'Products', '', '2016-09-08 22:56:24', '2016-09-08 22:56:24', NULL, NULL, 0, 1, 0, 'BANDEJA EVAPORADORA GEMMA'),
(257, 1, 1, 1, 'Products', '', '2016-09-08 22:56:24', '2016-09-08 22:56:24', NULL, NULL, 0, 1, 0, 'BASE INTERNA EDERA'),
(258, 1, 1, 1, 'Products', '', '2016-09-08 22:56:25', '2016-09-08 22:56:25', NULL, NULL, 0, 1, 0, 'BISAGRA PTA. BODEGA'),
(259, 1, 1, 1, 'Products', '', '2016-09-08 22:56:25', '2016-09-08 22:56:25', NULL, NULL, 0, 1, 0, 'BOLSA DE 20 SOPORTE PARRILLAS AB'),
(260, 1, 1, 1, 'Products', '', '2016-09-08 22:56:25', '2016-09-08 22:56:25', NULL, NULL, 0, 1, 0, 'BRACETO (SOPORTE) PUERTA CUPU'),
(261, 1, 1, 1, 'Products', '', '2016-09-08 22:56:25', '2016-09-08 22:56:25', NULL, NULL, 0, 1, 0, 'BRACETO FENICE'),
(262, 1, 1, 1, 'Products', '', '2016-09-08 22:56:25', '2016-09-08 22:56:25', NULL, NULL, 0, 1, 0, 'BRACETO PUERTA CUP DX'),
(263, 1, 1, 1, 'Products', '', '2016-09-08 22:56:40', '2016-09-08 22:56:40', NULL, NULL, 0, 1, 0, 'BURLETE CUPULA LATERAL'),
(264, 1, 1, 1, 'Products', '', '2016-09-08 22:56:40', '2016-09-08 22:56:40', NULL, NULL, 0, 1, 0, 'BURLETE MAGNETICO AB700'),
(265, 1, 1, 1, 'Products', '', '2016-09-08 22:56:41', '2016-09-08 22:56:41', NULL, NULL, 0, 1, 0, 'BURLETE MANILLA PTA. CUPULA'),
(266, 1, 1, 1, 'Products', '', '2016-09-08 22:56:41', '2016-09-08 22:56:41', NULL, NULL, 0, 1, 0, 'BURLETE PTA BODEGA FENNICE'),
(267, 1, 1, 1, 'Products', '', '2016-09-08 22:56:41', '2016-09-08 22:56:41', NULL, NULL, 0, 1, 0, 'BURLETE SUP CUPULA FENICCE'),
(268, 1, 1, 1, 'Products', '', '2016-09-08 22:56:41', '2016-09-08 22:56:41', NULL, NULL, 0, 1, 0, 'BURLETE VIDRIO FRONTAL CUPULA'),
(269, 1, 1, 1, 'Products', '', '2016-09-08 22:56:41', '2016-09-08 22:56:41', NULL, NULL, 0, 1, 0, 'CERRADURA CONSSERV PV330'),
(270, 1, 1, 1, 'Products', '', '2016-09-08 22:56:41', '2016-09-08 22:56:41', NULL, NULL, 0, 1, 0, 'COMPRESOR EMT2117 GK'),
(271, 1, 1, 1, 'Products', '', '2016-09-08 22:56:41', '2016-09-08 22:56:41', NULL, NULL, 0, 1, 0, 'COMPRESOR NEK 2121GK'),
(272, 1, 1, 1, 'Products', '', '2016-09-08 22:56:41', '2016-09-08 22:56:41', NULL, NULL, 0, 1, 0, 'COMPRESOR NEK 2168GK 220'),
(273, 1, 1, 1, 'Products', '', '2016-09-08 22:56:41', '2016-09-08 22:56:41', NULL, NULL, 0, 1, 0, 'CONDENSADOR 26T 3R'),
(274, 1, 1, 1, 'Products', '', '2016-09-08 22:56:41', '2016-09-08 22:56:41', NULL, NULL, 0, 1, 0, 'CONDENSADOR 6T'),
(275, 1, 1, 1, 'Products', '', '2016-09-08 22:56:42', '2016-09-08 22:56:42', NULL, NULL, 0, 1, 0, 'CONDENSADOR ESTATICO'),
(276, 1, 1, 1, 'Products', '', '2016-09-08 22:56:42', '2016-09-08 22:56:42', NULL, NULL, 0, 1, 0, 'CONDENSADOR STATICO PV330'),
(277, 1, 1, 1, 'Products', '', '2016-09-08 22:56:42', '2016-09-08 22:56:42', NULL, NULL, 0, 1, 0, 'CONTRA IMAN FENN CUERPO BARQU'),
(278, 1, 1, 1, 'Products', '', '2016-09-08 22:56:42', '2016-09-08 22:56:42', NULL, NULL, 0, 1, 0, 'CUBIERTA SWITCH'),
(279, 1, 1, 1, 'Products', '', '2016-09-08 22:56:42', '2016-09-08 22:56:42', NULL, NULL, 0, 1, 0, 'CUBIERTA SWITCH LIGHT'),
(280, 1, 1, 1, 'Products', '', '2016-09-08 22:56:42', '2016-09-08 22:56:42', NULL, NULL, 0, 1, 0, 'CUBRE ANCLAJE PUERTA BODEGA F'),
(281, 1, 1, 1, 'Products', '', '2016-09-08 22:56:42', '2016-09-08 22:56:42', NULL, NULL, 0, 1, 0, 'CUBRE BULBO TERMOMETRO'),
(282, 1, 1, 1, 'Products', '', '2016-09-08 22:56:42', '2016-09-08 22:56:42', NULL, NULL, 0, 1, 0, 'CUBRE CUADRO COMANDO FENNICE'),
(283, 1, 1, 1, 'Products', '', '2016-09-08 22:56:42', '2016-09-08 22:56:42', NULL, NULL, 0, 1, 0, 'CUBRE TUBO FLUORESC CUPULA FE'),
(284, 1, 1, 1, 'Products', '', '2016-09-08 22:56:42', '2016-09-08 22:56:42', NULL, NULL, 0, 1, 0, 'CUPULA EDERA 157'),
(285, 1, 1, 1, 'Products', '', '2016-09-08 22:56:43', '2016-09-08 22:56:43', NULL, NULL, 0, 1, 0, 'DISTANCIADOR ESQUINERO'),
(286, 1, 1, 1, 'Products', '', '2016-09-08 22:56:43', '2016-09-08 22:56:43', NULL, NULL, 0, 1, 0, 'DISTANCIADOR IMAN FENN'),
(287, 1, 1, 1, 'Products', '', '2016-09-08 22:56:43', '2016-09-08 22:56:43', NULL, NULL, 0, 1, 0, 'DISTANCIADOR INSERTO'),
(288, 1, 1, 1, 'Products', '', '2016-09-08 22:56:43', '2016-09-08 22:56:43', NULL, NULL, 0, 1, 0, 'ESQUINERO DX PIANO APOYO FENN'),
(289, 1, 1, 1, 'Products', '', '2016-09-08 22:56:44', '2016-09-08 22:56:44', NULL, NULL, 0, 1, 0, 'ESQUINERO GAMA'),
(290, 1, 1, 1, 'Products', '', '2016-09-08 22:56:44', '2016-09-08 22:56:44', NULL, NULL, 0, 1, 0, 'ESQUINERO PIANO APOYO DX'),
(291, 1, 1, 1, 'Products', '', '2016-09-08 22:56:44', '2016-09-08 22:56:44', NULL, NULL, 0, 1, 0, 'ESQUINERO PIANO APOYO SX'),
(292, 1, 1, 1, 'Products', '', '2016-09-08 22:56:44', '2016-09-08 22:56:44', NULL, NULL, 0, 1, 0, 'ESQUINERO SX PIANO APOYO FENN'),
(293, 1, 1, 1, 'Products', '', '2016-09-08 22:56:44', '2016-09-08 22:56:44', NULL, NULL, 0, 1, 0, 'EVAPORADOR FENNICE'),
(294, 1, 1, 1, 'Products', '', '2016-09-08 22:56:45', '2016-09-08 22:56:45', NULL, NULL, 0, 1, 0, 'FILTRO EMC FNC'),
(295, 1, 1, 1, 'Products', '', '2016-09-08 22:56:45', '2016-09-08 22:56:45', NULL, NULL, 0, 1, 0, 'FILTRO GR 20'),
(296, 1, 1, 1, 'Products', '', '2016-09-08 22:56:45', '2016-09-08 22:56:45', NULL, NULL, 0, 1, 0, 'FILTRO GR20 Fenice'),
(297, 1, 1, 1, 'Products', '', '2016-09-08 22:56:45', '2016-09-08 22:56:45', NULL, NULL, 0, 1, 0, 'FILTRO GR20 GAMA'),
(298, 1, 1, 1, 'Products', '', '2016-09-08 22:56:45', '2016-09-08 22:56:45', NULL, NULL, 0, 1, 0, 'FILTRO MECANICO'),
(299, 1, 1, 1, 'Products', '', '2016-09-08 22:56:45', '2016-09-08 22:56:45', NULL, NULL, 0, 1, 0, 'FILTRO SECADOR EDERA'),
(300, 1, 1, 1, 'Products', '', '2016-09-08 22:56:46', '2016-09-08 22:56:46', NULL, NULL, 0, 1, 0, 'FLUORESCENTE 58W'),
(301, 1, 1, 1, 'Products', '', '2016-09-08 22:56:46', '2016-09-08 22:56:46', NULL, NULL, 0, 1, 0, 'FRONTAL CURVO FENN'),
(302, 1, 1, 1, 'Products', '', '2016-09-08 22:56:46', '2016-09-08 22:56:46', NULL, NULL, 0, 1, 0, 'IMAN PUERTA BODEGA FENN'),
(303, 1, 1, 1, 'Products', '', '2016-09-08 22:56:46', '2016-09-08 22:56:46', NULL, NULL, 0, 1, 0, 'INDICADOR ROJO'),
(304, 1, 1, 1, 'Products', '', '2016-09-08 22:56:46', '2016-09-08 22:56:46', NULL, NULL, 0, 1, 0, 'INSERTO BUMPER GRIS'),
(305, 1, 1, 1, 'Products', '', '2016-09-08 22:56:46', '2016-09-08 22:56:46', NULL, NULL, 0, 1, 0, 'INSERTO BUMPER GRIS Lateral'),
(306, 1, 1, 1, 'Products', '', '2016-09-08 22:56:46', '2016-09-08 22:56:46', NULL, NULL, 0, 1, 0, 'INTERRUPTOR BIP'),
(307, 1, 1, 1, 'Products', '', '2016-09-08 22:56:46', '2016-09-08 22:56:46', NULL, NULL, 0, 1, 0, 'INTERRUPTOR BIPOLAR'),
(308, 1, 1, 1, 'Products', '', '2016-09-08 22:56:46', '2016-09-08 22:56:46', NULL, NULL, 0, 1, 0, 'INTERRUPTOR BLANCO FENN'),
(309, 1, 1, 1, 'Products', '', '2016-09-08 22:56:46', '2016-09-08 22:56:46', NULL, NULL, 0, 1, 0, 'INTERRUPTOR MAGNETICO 16A'),
(310, 1, 1, 1, 'Products', '', '2016-09-08 22:56:46', '2016-09-08 22:56:46', NULL, NULL, 0, 1, 0, 'INTERRUPTOR NEGRO/VERDE FENN'),
(311, 1, 1, 1, 'Products', '', '2016-09-08 22:56:47', '2016-09-08 22:56:47', NULL, NULL, 0, 1, 0, 'INTERRUPTOR ROJO'),
(312, 1, 1, 1, 'Products', '', '2016-09-08 22:56:47', '2016-09-08 22:56:47', NULL, NULL, 0, 1, 0, 'KIT SOPORTE CANASTILLOS G/250'),
(313, 1, 1, 1, 'Products', '', '2016-09-08 22:56:47', '2016-09-08 22:56:47', NULL, NULL, 0, 1, 0, 'KIT SOPORTE CANASTILLOS GAM20'),
(314, 1, 1, 1, 'Products', '', '2016-09-08 22:56:47', '2016-09-08 22:56:47', NULL, NULL, 0, 1, 0, 'KLIXON EDERA 157'),
(315, 1, 1, 1, 'Products', '', '2016-09-08 22:56:47', '2016-09-08 22:56:47', NULL, NULL, 0, 1, 0, 'LATERAL CUPULA DX EDERA'),
(316, 1, 1, 1, 'Products', '', '2016-09-08 22:56:47', '2016-09-08 22:56:47', NULL, NULL, 0, 1, 0, 'LAVAPORCIONADOR CON SOPORTE'),
(317, 1, 1, 1, 'Products', '', '2016-09-08 22:56:47', '2016-09-08 22:56:47', NULL, NULL, 0, 1, 0, 'MANILLA CUPULA'),
(318, 1, 1, 1, 'Products', '', '2016-09-08 22:56:47', '2016-09-08 22:56:47', NULL, NULL, 0, 1, 0, 'MARCO CONTROLES EXT'),
(319, 1, 1, 1, 'Products', '', '2016-09-08 22:56:47', '2016-09-08 22:56:47', NULL, NULL, 0, 1, 0, 'MARCO CONTROLES EXT SUPP'),
(320, 1, 1, 1, 'Products', '', '2016-09-08 22:56:47', '2016-09-08 22:56:47', NULL, NULL, 0, 1, 0, 'MOTOR VENTILADOR CMPLT FENN 3'),
(321, 1, 1, 1, 'Products', '', '2016-09-08 22:56:48', '2016-09-08 22:56:48', NULL, NULL, 0, 1, 0, 'MOTOR VENTILADOR CPLTO. GAM'),
(322, 1, 1, 1, 'Products', '', '2016-09-08 22:56:48', '2016-09-08 22:56:48', NULL, NULL, 0, 1, 0, 'ORING'),
(323, 1, 1, 1, 'Products', '', '2016-09-08 22:56:48', '2016-09-08 22:56:48', NULL, NULL, 0, 1, 0, 'ORING BRACETO CUPULA FENNICE INF'),
(324, 1, 1, 1, 'Products', '', '2016-09-08 22:56:48', '2016-09-08 22:56:48', NULL, NULL, 0, 1, 0, 'ORING BRACETO CUPULA FENNICE SUP'),
(325, 1, 1, 1, 'Products', '', '2016-09-08 22:56:48', '2016-09-08 22:56:48', NULL, NULL, 0, 1, 0, 'ORING MOTOVENTILADOR GAMA'),
(326, 1, 1, 1, 'Products', '', '2016-09-08 22:56:48', '2016-09-08 22:56:48', NULL, NULL, 0, 1, 0, 'ORING VIDRIO LAT CUPULA FENN'),
(327, 1, 1, 1, 'Products', '', '2016-09-08 22:56:48', '2016-09-08 22:56:48', NULL, NULL, 0, 1, 0, 'PANEL ACRILICO'),
(328, 1, 1, 1, 'Products', '', '2016-09-08 22:56:48', '2016-09-08 22:56:48', NULL, NULL, 0, 1, 0, 'PARTE SUPERIOR CUPULA FENNICE'),
(329, 1, 1, 1, 'Products', '', '2016-09-08 22:56:49', '2016-09-08 22:56:49', NULL, NULL, 0, 1, 0, 'PARTIDOR FS11 FENNICE'),
(330, 1, 1, 1, 'Products', '', '2016-09-08 22:56:49', '2016-09-08 22:56:49', NULL, NULL, 0, 1, 0, 'PERFIL GAMMA'),
(331, 1, 1, 1, 'Products', '', '2016-09-08 22:56:49', '2016-09-08 22:56:49', NULL, NULL, 0, 1, 0, 'PERFIL LATERAL 150-200 GAM'),
(332, 1, 1, 1, 'Products', '', '2016-09-08 22:56:49', '2016-09-08 22:56:49', NULL, NULL, 0, 1, 0, 'PERFIL PVC PUERTA INF PV33 DX'),
(333, 1, 1, 1, 'Products', '', '2016-09-08 22:56:49', '2016-09-08 22:56:49', NULL, NULL, 0, 1, 0, 'PERFIL PVC PUERTA INF PV33 SX'),
(334, 1, 1, 1, 'Products', '', '2016-09-08 22:56:49', '2016-09-08 22:56:49', NULL, NULL, 0, 1, 0, 'PERFIL PVC PUERTA SUP PV33 DX'),
(335, 1, 1, 1, 'Products', '', '2016-09-08 22:56:49', '2016-09-08 22:56:49', NULL, NULL, 0, 1, 0, 'PERFIL PVC PUERTA SUP PV33 LAT'),
(336, 1, 1, 1, 'Products', '', '2016-09-08 22:56:49', '2016-09-08 22:56:49', NULL, NULL, 0, 1, 0, 'PERFIL PVC PUERTA SUP PV33 SX'),
(337, 1, 1, 1, 'Products', '', '2016-09-08 22:56:50', '2016-09-08 22:56:50', NULL, NULL, 0, 1, 0, 'PERFIL TAPA INF 150-200'),
(338, 1, 1, 1, 'Products', '', '2016-09-08 22:56:50', '2016-09-08 22:56:50', NULL, NULL, 0, 1, 0, 'PERFIL TAPA INF. LAT GAM200'),
(339, 1, 1, 1, 'Products', '', '2016-09-08 22:56:50', '2016-09-08 22:56:50', NULL, NULL, 0, 1, 0, 'PERFIL TAPA SUP 150-200'),
(340, 1, 1, 1, 'Products', '', '2016-09-08 22:56:50', '2016-09-08 22:56:50', NULL, NULL, 0, 1, 0, 'PERFIL TAPA SUP LAT'),
(341, 1, 1, 1, 'Products', '', '2016-09-08 22:56:50', '2016-09-08 22:56:50', NULL, NULL, 0, 1, 0, 'PERFIL TAPA SUP LAT GA 150'),
(342, 1, 1, 1, 'Products', '', '2016-09-08 22:56:50', '2016-09-08 22:56:50', NULL, NULL, 0, 1, 0, 'PERFIL TAPA SUP LAT GAMA 150'),
(343, 1, 1, 1, 'Products', '', '2016-09-08 22:56:50', '2016-09-08 22:56:50', NULL, NULL, 0, 1, 0, 'PERNO 5X2 MACHO CUPULA'),
(344, 1, 1, 1, 'Products', '', '2016-09-08 22:56:50', '2016-09-08 22:56:50', NULL, NULL, 0, 1, 0, 'PERNO 5X220 MACHO CUPULA'),
(345, 1, 1, 1, 'Products', '', '2016-09-08 22:56:50', '2016-09-08 22:56:50', NULL, NULL, 0, 1, 0, 'PERNO BISAGRA PTA. BODEGA'),
(346, 1, 1, 1, 'Products', '', '2016-09-08 22:56:51', '2016-09-08 22:56:51', NULL, NULL, 0, 1, 0, 'PERNO BRACETO CUP FENNICE'),
(347, 1, 1, 1, 'Products', '', '2016-09-08 22:56:51', '2016-09-08 22:56:51', NULL, NULL, 0, 1, 0, 'PERNO CUPULA M5X13 TC FENN'),
(348, 1, 1, 1, 'Products', '', '2016-09-08 22:56:51', '2016-09-08 22:56:51', NULL, NULL, 0, 1, 0, 'PERNO M5X8 TC CUPULA FENNICE'),
(349, 1, 1, 1, 'Products', '', '2016-09-08 22:56:51', '2016-09-08 22:56:51', NULL, NULL, 0, 1, 0, 'PERNO PORTA LAMPARA'),
(350, 1, 1, 1, 'Products', '', '2016-09-08 22:56:51', '2016-09-08 22:56:51', NULL, NULL, 0, 1, 0, 'PERNO VIDRIO LAT CUPULA FENNI'),
(351, 1, 1, 1, 'Products', '', '2016-09-08 22:56:52', '2016-09-08 22:56:52', NULL, NULL, 0, 1, 0, 'PORTA LAMPARA'),
(352, 1, 1, 1, 'Products', '', '2016-09-08 22:56:52', '2016-09-08 22:56:52', NULL, NULL, 0, 1, 0, 'PORTA PARTIDOR CUPULA FENNICE'),
(353, 1, 1, 1, 'Products', '', '2016-09-08 22:56:52', '2016-09-08 22:56:52', NULL, NULL, 0, 1, 0, 'PORTA TUBO CUPULA FENNICE'),
(354, 1, 1, 1, 'Products', '', '2016-09-08 22:56:52', '2016-09-08 22:56:52', NULL, NULL, 0, 1, 0, 'PORTA TUBO FLUORESC'),
(355, 1, 1, 1, 'Products', '', '2016-09-08 22:56:52', '2016-09-08 22:56:52', NULL, NULL, 0, 1, 0, 'PORTA TUBO FLUORESCENTE'),
(356, 1, 1, 1, 'Products', '', '2016-09-08 22:56:52', '2016-09-08 22:56:52', NULL, NULL, 0, 1, 0, 'PORTATUBO'),
(357, 1, 1, 1, 'Products', '', '2016-09-08 22:56:52', '2016-09-08 22:56:52', NULL, NULL, 0, 1, 0, 'PROLONGADOR DRENAJE'),
(358, 1, 1, 1, 'Products', '', '2016-09-08 22:56:53', '2016-09-08 22:56:53', NULL, NULL, 0, 1, 0, 'PUERTA BODEGA COMPLETA'),
(359, 1, 1, 1, 'Products', '', '2016-09-08 22:56:53', '2016-09-08 22:56:53', NULL, NULL, 0, 1, 0, 'PUERTA BODEGA EDERA'),
(360, 1, 1, 1, 'Products', '', '2016-09-08 22:56:53', '2016-09-08 22:56:53', NULL, NULL, 0, 1, 0, 'RECIBE GOTERA'),
(361, 1, 1, 1, 'Products', '', '2016-09-08 22:56:53', '2016-09-08 22:56:53', NULL, NULL, 0, 1, 0, 'REJILLA CUBRE EVAPORADOR'),
(362, 1, 1, 1, 'Products', '', '2016-09-08 22:56:53', '2016-09-08 22:56:53', NULL, NULL, 0, 1, 0, 'REJILLA CUBRE EVAPORADOR S7'),
(363, 1, 1, 1, 'Products', '', '2016-09-08 22:56:53', '2016-09-08 22:56:53', NULL, NULL, 0, 1, 0, 'REJILLA CUBRE EVAPORADOR S9'),
(364, 1, 1, 1, 'Products', '', '2016-09-08 22:56:53', '2016-09-08 22:56:53', NULL, NULL, 0, 1, 0, 'REJILLA EVAPORADOR EDERA'),
(365, 1, 1, 1, 'Products', '', '2016-09-08 22:56:53', '2016-09-08 22:56:53', NULL, NULL, 0, 1, 0, 'REJILLA FRONTAL EDERA'),
(366, 1, 1, 1, 'Products', '', '2016-09-08 22:56:54', '2016-09-08 22:56:54', NULL, NULL, 0, 1, 0, 'REJILLA LAT IZQUIERDA FENICE'),
(367, 1, 1, 1, 'Products', '', '2016-09-08 22:56:54', '2016-09-08 22:56:54', NULL, NULL, 0, 1, 0, 'REJILLA LATERAL'),
(368, 1, 1, 1, 'Products', '', '2016-09-08 22:56:54', '2016-09-08 22:56:54', NULL, NULL, 0, 1, 0, 'REJILLA LATERAL GAM'),
(369, 1, 1, 1, 'Products', '', '2016-09-08 22:56:54', '2016-09-08 22:56:54', NULL, NULL, 0, 1, 0, 'REJILLA POSTERIOR EDERA'),
(370, 1, 1, 1, 'Products', '', '2016-09-08 22:56:54', '2016-09-08 22:56:54', NULL, NULL, 0, 1, 0, 'REJILLA POSTERIOR FENN'),
(371, 1, 1, 1, 'Products', '', '2016-09-08 22:56:54', '2016-09-08 22:56:54', NULL, NULL, 0, 1, 0, 'REJILLA POSTERIOR FENNICE'),
(372, 1, 1, 1, 'Products', '', '2016-09-08 22:56:54', '2016-09-08 22:56:54', NULL, NULL, 0, 1, 0, 'REJILLA POSTERIOR GAMMA'),
(373, 1, 1, 1, 'Products', '', '2016-09-08 22:56:54', '2016-09-08 22:56:54', NULL, NULL, 0, 1, 0, 'RELAY G7L'),
(374, 1, 1, 1, 'Products', '', '2016-09-08 22:56:54', '2016-09-08 22:56:54', NULL, NULL, 0, 1, 0, 'RESISTENCIA  10W'),
(375, 1, 1, 1, 'Products', '', '2016-09-08 22:56:55', '2016-09-08 22:56:55', NULL, NULL, 0, 1, 0, 'RESISTENCIA  20W'),
(376, 1, 1, 1, 'Products', '', '2016-09-08 22:56:55', '2016-09-08 22:56:55', NULL, NULL, 0, 1, 0, 'RESISTENCIA 10W'),
(377, 1, 1, 1, 'Products', '', '2016-09-08 22:56:55', '2016-09-08 22:56:55', NULL, NULL, 0, 1, 0, 'RESISTENCIA 10W/MT'),
(378, 1, 1, 1, 'Products', '', '2016-09-08 22:56:55', '2016-09-08 22:56:55', NULL, NULL, 0, 1, 0, 'RESISTENCIA 13W'),
(379, 1, 1, 1, 'Products', '', '2016-09-08 22:56:55', '2016-09-08 22:56:55', NULL, NULL, 0, 1, 0, 'RESISTENCIA 13W/MT FENN'),
(380, 1, 1, 1, 'Products', '', '2016-09-08 22:56:55', '2016-09-08 22:56:55', NULL, NULL, 0, 1, 0, 'RESISTENCIA 160W'),
(381, 1, 1, 1, 'Products', '', '2016-09-08 22:56:55', '2016-09-08 22:56:55', NULL, NULL, 0, 1, 0, 'RESISTENCIA EDERA 165W POSTERIOR'),
(382, 1, 1, 1, 'Products', '', '2016-09-08 22:56:55', '2016-09-08 22:56:55', NULL, NULL, 0, 1, 0, 'RESISTENCIA EDERA 165W TRASERA'),
(383, 1, 1, 1, 'Products', '', '2016-09-08 22:56:56', '2016-09-08 22:56:56', NULL, NULL, 0, 1, 0, 'RESISTENCIA EVAP. (CLIXON)'),
(384, 1, 1, 1, 'Products', '', '2016-09-08 22:56:56', '2016-09-08 22:56:56', NULL, NULL, 0, 1, 0, 'RESISTENCIA EVAPORADOR GEMMA'),
(385, 1, 1, 1, 'Products', '', '2016-09-08 22:56:56', '2016-09-08 22:56:56', NULL, NULL, 0, 1, 0, 'RESISTENCIA/EVAPORADOR AGUA'),
(386, 1, 1, 1, 'Products', '', '2016-09-08 22:56:56', '2016-09-08 22:56:56', NULL, NULL, 0, 1, 0, 'RUEDA D.50 BLANCA'),
(387, 1, 1, 1, 'Products', '', '2016-09-08 22:56:56', '2016-09-08 22:56:56', NULL, NULL, 0, 1, 0, 'RUEDA D.60 FENNICE'),
(388, 1, 1, 1, 'Products', '', '2016-09-08 22:56:57', '2016-09-08 22:56:57', NULL, NULL, 0, 1, 0, 'RUEDA D.80'),
(389, 1, 1, 1, 'Products', '', '2016-09-08 22:56:57', '2016-09-08 22:56:57', NULL, NULL, 0, 1, 0, 'RUEDA FENICE'),
(390, 1, 1, 1, 'Products', '', '2016-09-08 22:56:57', '2016-09-08 22:56:57', NULL, NULL, 0, 1, 0, 'SEGURO BISAGRA PTA BODEGA'),
(391, 1, 1, 1, 'Products', '', '2016-09-08 22:56:57', '2016-09-08 22:56:57', NULL, NULL, 0, 1, 0, 'SE'),
(392, 1, 1, 1, 'Products', '', '2016-09-08 22:56:57', '2016-09-08 22:56:57', NULL, NULL, 0, 1, 0, 'SOPORTE'),
(393, 1, 1, 1, 'Products', '', '2016-09-08 22:56:57', '2016-09-08 22:56:57', NULL, NULL, 0, 1, 0, 'SOPORTE BISAGRA PTA.BOD'),
(394, 1, 1, 1, 'Products', '', '2016-09-08 22:56:57', '2016-09-08 22:56:57', NULL, NULL, 0, 1, 0, 'SOPORTE CONTROL'),
(395, 1, 1, 1, 'Products', '', '2016-09-08 22:56:57', '2016-09-08 22:56:57', NULL, NULL, 0, 1, 0, 'SOPORTE CUPULA FRONTAL'),
(396, 1, 1, 1, 'Products', '', '2016-09-08 22:56:58', '2016-09-08 22:56:58', NULL, NULL, 0, 1, 0, 'SOPORTE INDICADOR'),
(397, 1, 1, 1, 'Products', '', '2016-09-08 22:56:58', '2016-09-08 22:56:58', NULL, NULL, 0, 1, 0, 'SOPORTE LAT SX VASCA'),
(398, 1, 1, 1, 'Products', '', '2016-09-08 22:56:58', '2016-09-08 22:56:58', NULL, NULL, 0, 1, 0, 'SOPORTE PUERTAS'),
(399, 1, 1, 1, 'Products', '', '2016-09-08 22:56:58', '2016-09-08 22:56:58', NULL, NULL, 0, 1, 0, 'SOPORTE RESISTENC IA'),
(400, 1, 1, 1, 'Products', '', '2016-09-08 22:56:58', '2016-09-08 22:56:58', NULL, NULL, 0, 1, 0, 'SOPORTE RESISTENCIA (82)'),
(401, 1, 1, 1, 'Products', '', '2016-09-08 22:56:58', '2016-09-08 22:56:58', NULL, NULL, 0, 1, 0, 'SOPORTE RESISTENCIA FENN'),
(402, 1, 1, 1, 'Products', '', '2016-09-08 22:56:59', '2016-09-08 22:56:59', NULL, NULL, 0, 1, 0, 'SOPORTE VASCA LAT DX FENN'),
(403, 1, 1, 1, 'Products', '', '2016-09-08 22:56:59', '2016-09-08 22:56:59', NULL, NULL, 0, 1, 0, 'TACHO ACERO INOX 5 LTS.'),
(404, 1, 1, 1, 'Products', '', '2016-09-08 22:56:59', '2016-09-08 22:56:59', NULL, NULL, 0, 1, 0, 'TAPA  CERRADURA PV33'),
(405, 1, 1, 1, 'Products', '', '2016-09-08 22:56:59', '2016-09-08 22:56:59', NULL, NULL, 0, 1, 0, 'TAPA AZUL UNIDAD PV33'),
(406, 1, 1, 1, 'Products', '', '2016-09-08 22:56:59', '2016-09-08 22:56:59', NULL, NULL, 0, 1, 0, 'TAPA BULBO GAMMA'),
(407, 1, 1, 1, 'Products', '', '2016-09-08 22:56:59', '2016-09-08 22:56:59', NULL, NULL, 0, 1, 0, 'TAPA CIEGA CONTROL GAMA'),
(408, 1, 1, 1, 'Products', '', '2016-09-08 22:56:59', '2016-09-08 22:56:59', NULL, NULL, 0, 1, 0, 'TAPA CONTROL TERMOMETRO'),
(409, 1, 1, 1, 'Products', '', '2016-09-08 22:56:59', '2016-09-08 22:56:59', NULL, NULL, 0, 1, 0, 'TAPA CONTROL TERMOSTATO'),
(410, 1, 1, 1, 'Products', '', '2016-09-08 22:56:59', '2016-09-08 22:56:59', NULL, NULL, 0, 1, 0, 'TAPA CUADRO COMANDO');
INSERT INTO `vtiger_crmentity` (`crmid`, `smcreatorid`, `smownerid`, `modifiedby`, `setype`, `description`, `createdtime`, `modifiedtime`, `viewedtime`, `status`, `version`, `presence`, `deleted`, `label`) VALUES
(411, 1, 1, 1, 'Products', '', '2016-09-08 22:56:59', '2016-09-08 22:56:59', NULL, NULL, 0, 1, 0, 'TAPA EVAPORADOR DX'),
(412, 1, 1, 1, 'Products', '', '2016-09-08 22:57:00', '2016-09-08 22:57:00', NULL, NULL, 0, 1, 0, 'TAPA EVAPORADOR DX EDERA'),
(413, 1, 1, 1, 'Products', '', '2016-09-08 22:57:00', '2016-09-08 22:57:00', NULL, NULL, 0, 1, 0, 'TAPA EVAPORADOR SX'),
(414, 1, 1, 1, 'Products', '', '2016-09-08 22:57:00', '2016-09-08 22:57:00', NULL, NULL, 0, 1, 0, 'TAPA EVAPORADOR SX EDERA'),
(415, 1, 1, 1, 'Products', '', '2016-09-08 22:57:00', '2016-09-08 22:57:00', NULL, NULL, 0, 1, 0, 'TAPA INFERIOR 200'),
(416, 1, 1, 1, 'Products', '', '2016-09-08 22:57:00', '2016-09-08 22:57:00', NULL, NULL, 0, 1, 0, 'TAPA INFERIOR GAM150'),
(417, 1, 1, 1, 'Products', '', '2016-09-08 22:57:00', '2016-09-08 22:57:00', NULL, NULL, 0, 1, 0, 'TAPA MET CUBIERTA CAMARA'),
(418, 1, 1, 1, 'Products', '', '2016-09-08 22:57:01', '2016-09-08 22:57:01', NULL, NULL, 0, 1, 0, 'TAPA SUPERIOR GA200'),
(419, 1, 1, 1, 'Products', '', '2016-09-08 22:57:01', '2016-09-08 22:57:01', NULL, NULL, 0, 1, 0, 'TAPA SUPERIOR GAMMA150'),
(420, 1, 1, 1, 'Products', '', '2016-09-08 22:57:01', '2016-09-08 22:57:01', NULL, NULL, 0, 1, 0, 'TAPA TERMOMETRO EXT'),
(421, 1, 1, 1, 'Products', '', '2016-09-08 22:57:01', '2016-09-08 22:57:01', NULL, NULL, 0, 1, 0, 'TAPA TERMOSTATO'),
(422, 1, 1, 1, 'Products', '', '2016-09-08 22:57:02', '2016-09-08 22:57:02', NULL, NULL, 0, 1, 0, 'TAPA TORNILLO C'),
(423, 1, 1, 1, 'Products', '', '2016-09-08 22:57:02', '2016-09-08 22:57:02', NULL, NULL, 0, 1, 0, 'TAPA TORNILLO PL'),
(424, 1, 1, 1, 'Products', '', '2016-09-08 22:57:02', '2016-09-08 22:57:02', NULL, NULL, 0, 1, 0, 'TAPA UNIDAD ABS AZUL'),
(425, 1, 1, 1, 'Products', '', '2016-09-08 22:57:02', '2016-09-08 22:57:02', NULL, NULL, 0, 1, 0, 'TAPON DESAGUE GAMMA'),
(426, 1, 1, 1, 'Products', '', '2016-09-08 22:57:03', '2016-09-08 22:57:03', NULL, NULL, 0, 1, 0, 'TAPON DRENAJE EXT FENN'),
(427, 1, 1, 1, 'Products', '', '2016-09-08 22:57:03', '2016-09-08 22:57:03', NULL, NULL, 0, 1, 0, 'TAPON DX PERFIL INF CUPULA'),
(428, 1, 1, 1, 'Products', '', '2016-09-08 22:57:03', '2016-09-08 22:57:03', NULL, NULL, 0, 1, 0, 'TAPON INTERNO DRENAJE FENICE'),
(429, 1, 1, 1, 'Products', '', '2016-09-08 22:57:03', '2016-09-08 22:57:03', NULL, NULL, 0, 1, 0, 'TAPON INTERNO DRENAJE GAMA'),
(430, 1, 1, 1, 'Products', '', '2016-09-08 22:57:03', '2016-09-08 22:57:03', NULL, NULL, 0, 1, 0, 'TAPON INTERRUPTOR GAMMA'),
(431, 1, 1, 1, 'Products', '', '2016-09-08 22:57:03', '2016-09-08 22:57:03', NULL, NULL, 0, 1, 0, 'TAPON SX PERFIL INF CUPULA'),
(432, 1, 1, 1, 'Products', '', '2016-09-08 22:57:03', '2016-09-08 22:57:03', NULL, NULL, 0, 1, 0, 'TARJETA ELECTRONICA'),
(433, 1, 1, 1, 'Products', '', '2016-09-08 22:57:03', '2016-09-08 22:57:03', NULL, NULL, 0, 1, 0, 'TERMOMETRO DISCO'),
(434, 1, 1, 1, 'Products', '', '2016-09-08 22:57:03', '2016-09-08 22:57:03', NULL, NULL, 0, 1, 0, 'TERMOMETRO FENICE'),
(435, 1, 1, 1, 'Products', '', '2016-09-08 22:57:04', '2016-09-08 22:57:04', NULL, NULL, 0, 1, 0, 'TERMOMETRO GAMA'),
(436, 1, 1, 1, 'Products', '', '2016-09-08 22:57:04', '2016-09-08 22:57:04', NULL, NULL, 0, 1, 0, 'TERMOMETRO PV33'),
(437, 1, 1, 1, 'Products', '', '2016-09-08 22:57:04', '2016-09-08 22:57:04', NULL, NULL, 0, 1, 0, 'TERMOSTATO'),
(438, 1, 1, 1, 'Products', '', '2016-09-08 22:57:04', '2016-09-08 22:57:04', NULL, NULL, 0, 1, 0, 'TERMOSTATO DANFOSS 077B2397'),
(439, 1, 1, 1, 'Products', '', '2016-09-08 22:57:04', '2016-09-08 22:57:04', NULL, NULL, 0, 1, 0, 'TERMOSTATO K50L3425 C/SOP'),
(440, 1, 1, 1, 'Products', '', '2016-09-08 22:57:04', '2016-09-08 22:57:04', NULL, NULL, 0, 1, 0, 'TERMOSTATO K55 C/SOPORTE'),
(441, 1, 1, 1, 'Products', '', '2016-09-08 22:57:05', '2016-09-08 22:57:05', NULL, NULL, 0, 1, 0, 'TIMER DIGITAL FENICE'),
(442, 1, 1, 1, 'Products', '', '2016-09-08 22:57:05', '2016-09-08 22:57:05', NULL, NULL, 0, 1, 0, 'TIMER FENNICE'),
(443, 1, 1, 1, 'Products', '', '2016-09-08 22:57:05', '2016-09-08 22:57:05', NULL, NULL, 0, 1, 0, 'TUBO EVAPORADOR DX FENN'),
(444, 1, 1, 1, 'Products', '', '2016-09-08 22:57:05', '2016-09-08 22:57:05', NULL, NULL, 0, 1, 0, 'TUBO EVAPORADOR SX FENN'),
(445, 1, 1, 1, 'Products', '', '2016-09-08 22:57:06', '2016-09-08 22:57:06', NULL, NULL, 0, 1, 0, 'TUBO FLUORESCENTE'),
(446, 1, 1, 1, 'Products', '', '2016-09-08 22:57:06', '2016-09-08 22:57:06', NULL, NULL, 0, 1, 0, 'TUBO FLUORESCENTE 18W'),
(447, 1, 1, 1, 'Products', '', '2016-09-08 22:57:06', '2016-09-08 22:57:06', NULL, NULL, 0, 1, 0, 'TUBO FLUORESCENTE FENN'),
(448, 1, 1, 1, 'Products', '', '2016-09-08 22:57:06', '2016-09-08 22:57:06', NULL, NULL, 0, 1, 0, 'TUERCA IMAN PTA.BODG PZA88'),
(449, 1, 1, 1, 'Products', '', '2016-09-08 22:57:06', '2016-09-08 22:57:06', NULL, NULL, 0, 1, 0, 'UNION PUERTA CUPULA (BRACETO)'),
(450, 1, 1, 1, 'Products', '', '2016-09-08 22:57:06', '2016-09-08 22:57:06', NULL, NULL, 0, 1, 0, 'VALVULA SOLENOIDE EVR3 C/BOBI'),
(451, 1, 1, 1, 'Products', '', '2016-09-08 22:57:06', '2016-09-08 22:57:06', NULL, NULL, 0, 1, 0, 'VIDRIO FRONTAL F9'),
(452, 1, 1, 1, 'Products', '', '2016-09-08 22:57:06', '2016-09-08 22:57:06', NULL, NULL, 0, 1, 0, 'VIDRIO FRONTAL FENICE 13'),
(453, 1, 1, 1, 'Products', '', '2016-09-08 22:57:07', '2016-09-08 22:57:07', NULL, NULL, 0, 1, 0, 'VIDRIO LATERAL DERECHO'),
(454, 1, 1, 1, 'Products', '', '2016-09-08 22:57:07', '2016-09-08 22:57:07', NULL, NULL, 0, 1, 0, 'VIDRIO LATERAL DX FENICE 13'),
(455, 1, 1, 1, 'Products', '', '2016-09-08 22:57:07', '2016-09-08 22:57:07', NULL, NULL, 0, 1, 0, 'VIDRIO LATERAL IZQ FENN'),
(456, 1, 1, 1, 'Products', '', '2016-09-08 22:57:07', '2016-09-08 22:57:07', NULL, NULL, 0, 1, 0, 'VIDRIO LATERAL SX FENICE 13'),
(457, 1, 1, 1, 'Products', '', '2016-09-08 22:57:07', '2016-09-08 22:57:07', NULL, NULL, 0, 1, 0, 'ACRILICO  (CONVOGLIATORE MAN'),
(458, 1, 1, 1, 'Products', '', '2016-09-08 22:57:07', '2016-09-08 22:57:07', NULL, NULL, 0, 1, 0, 'ACRILICO CONVOGLIATORE ASPIRAZ'),
(459, 1, 1, 1, 'Products', '', '2016-09-08 22:57:07', '2016-09-08 22:57:07', NULL, NULL, 0, 1, 0, 'ANILLO VENTILADOR NMB471 23TB'),
(460, 1, 1, 1, 'Products', '', '2016-09-08 22:57:07', '2016-09-08 22:57:07', NULL, NULL, 0, 1, 0, 'ASPA MOTOR VENTILADOR'),
(461, 1, 1, 1, 'Products', '', '2016-09-08 22:57:07', '2016-09-08 22:57:07', NULL, NULL, 0, 1, 0, 'ASPA VENTILADOR 230'),
(462, 1, 1, 1, 'Products', '', '2016-09-08 22:57:08', '2016-09-08 22:57:08', NULL, NULL, 0, 1, 0, 'BANDEJA DESAGUE'),
(463, 1, 1, 1, 'Products', '', '2016-09-08 22:57:08', '2016-09-08 22:57:08', NULL, NULL, 0, 1, 0, 'BURLETE'),
(464, 1, 1, 1, 'Products', '', '2016-09-08 22:57:08', '2016-09-08 22:57:08', NULL, NULL, 0, 1, 0, 'CALEFACTOR'),
(465, 1, 1, 1, 'Products', '', '2016-09-08 22:57:08', '2016-09-08 22:57:08', NULL, NULL, 0, 1, 0, 'CARTER LAT BASAM'),
(466, 1, 1, 1, 'Products', '', '2016-09-08 22:57:08', '2016-09-08 22:57:08', NULL, NULL, 0, 1, 0, 'CENTRALINA ELECT ID 971'),
(467, 1, 1, 1, 'Products', '', '2016-09-08 22:57:08', '2016-09-08 22:57:08', NULL, NULL, 0, 1, 0, 'CENTRALINA ELECT ID 974'),
(468, 1, 1, 1, 'Products', '', '2016-09-08 22:57:08', '2016-09-08 22:57:08', NULL, NULL, 0, 1, 0, 'CORTINA CUPULA MN 12'),
(469, 1, 1, 1, 'Products', '', '2016-09-08 22:57:08', '2016-09-08 22:57:08', NULL, NULL, 0, 1, 0, 'CORTINA CUPULA MN 16'),
(470, 1, 1, 1, 'Products', '', '2016-09-08 22:57:08', '2016-09-08 22:57:08', NULL, NULL, 0, 1, 0, 'CORTINA LUZ MILLE 12 07'),
(471, 1, 1, 1, 'Products', '', '2016-09-08 22:57:08', '2016-09-08 22:57:08', NULL, NULL, 0, 1, 0, 'CORTINA LUZ MN 16 07'),
(472, 1, 1, 1, 'Products', '', '2016-09-08 22:57:08', '2016-09-08 22:57:08', NULL, NULL, 0, 1, 0, 'CUBIERTA SX MESA APOYO'),
(473, 1, 1, 1, 'Products', '', '2016-09-08 22:57:08', '2016-09-08 22:57:08', NULL, NULL, 0, 1, 0, 'CUBRE TUBO COMPLETO MN 07012'),
(474, 1, 1, 1, 'Products', '', '2016-09-08 22:57:09', '2016-09-08 22:57:09', NULL, NULL, 0, 1, 0, 'DEFLECTOR LAT'),
(475, 1, 1, 1, 'Products', '', '2016-09-08 22:57:09', '2016-09-08 22:57:09', NULL, NULL, 0, 1, 0, 'DEFLECTOR LATERAL OM 134S'),
(476, 1, 1, 1, 'Products', '', '2016-09-08 22:57:09', '2016-09-08 22:57:09', NULL, NULL, 0, 1, 0, 'ESPACIADOR TACHOS CD 12/12+12'),
(477, 1, 1, 1, 'Products', '', '2016-09-08 22:57:09', '2016-09-08 22:57:09', NULL, NULL, 0, 1, 0, 'FRIDIO FRONTAL MN 16'),
(478, 1, 1, 1, 'Products', '', '2016-09-08 22:57:09', '2016-09-08 22:57:09', NULL, NULL, 0, 1, 0, 'GANCHOS DE CORTINA EN TEFLON'),
(479, 1, 1, 1, 'Products', '', '2016-09-08 22:57:09', '2016-09-08 22:57:09', NULL, NULL, 0, 1, 0, 'INTERRUPTOR BIPOLAR BLANCO MN0'),
(480, 1, 1, 1, 'Products', '', '2016-09-08 22:57:09', '2016-09-08 22:57:09', NULL, NULL, 0, 1, 0, 'Interruptor Mill'),
(481, 1, 1, 1, 'Products', '', '2016-09-08 22:57:09', '2016-09-08 22:57:09', NULL, NULL, 0, 1, 0, 'PANEL FRONTAL  R7037'),
(482, 1, 1, 1, 'Products', '', '2016-09-08 22:57:09', '2016-09-08 22:57:09', NULL, NULL, 0, 1, 0, 'PANEL LATERAL DX EXTERNO'),
(483, 1, 1, 1, 'Products', '', '2016-09-08 22:57:09', '2016-09-08 22:57:09', NULL, NULL, 0, 1, 0, 'PANEL LATERAL EXTERNO'),
(484, 1, 1, 1, 'Products', '', '2016-09-08 22:57:09', '2016-09-08 22:57:09', NULL, NULL, 0, 1, 0, 'PERFIL MANILLA MN 16'),
(485, 1, 1, 1, 'Products', '', '2016-09-08 22:57:09', '2016-09-08 22:57:09', NULL, NULL, 0, 1, 0, 'PERFIL TACHOS GANASCIA MN 12 0'),
(486, 1, 1, 1, 'Products', '', '2016-09-08 22:57:10', '2016-09-08 22:57:10', NULL, NULL, 0, 1, 0, 'PERFIL TERMINAL'),
(487, 1, 1, 1, 'Products', '', '2016-09-08 22:57:10', '2016-09-08 22:57:10', NULL, NULL, 0, 1, 0, 'PLAFONIERA COMPLETA MIN 07 16'),
(488, 1, 1, 1, 'Products', '', '2016-09-08 22:57:10', '2016-09-08 22:57:10', NULL, NULL, 0, 1, 0, 'REJILLA'),
(489, 1, 1, 1, 'Products', '', '2016-09-08 22:57:10', '2016-09-08 22:57:10', NULL, NULL, 0, 1, 0, 'REJILLA ANTERIOR INF MN 12'),
(490, 1, 1, 1, 'Products', '', '2016-09-08 22:57:10', '2016-09-08 22:57:10', NULL, NULL, 0, 1, 0, 'REJILLA ANTERIOR MILLENIUM'),
(491, 1, 1, 1, 'Products', '', '2016-09-08 22:57:11', '2016-09-08 22:57:11', NULL, NULL, 0, 1, 0, 'REJILLA CUBREEVAPORADOR MILLEN 12'),
(492, 1, 1, 1, 'Products', '', '2016-09-08 22:57:11', '2016-09-08 22:57:11', NULL, NULL, 0, 1, 0, 'REJILLA CUBREEVAPORADOR MILLEN 16'),
(493, 1, 1, 1, 'Products', '', '2016-09-08 22:57:11', '2016-09-08 22:57:11', NULL, NULL, 0, 1, 0, 'REJILLA FRONTAL MN 12 07'),
(494, 1, 1, 1, 'Products', '', '2016-09-08 22:57:11', '2016-09-08 22:57:11', NULL, NULL, 0, 1, 0, 'REJILLA INFERIOR OLA 150'),
(495, 1, 1, 1, 'Products', '', '2016-09-08 22:57:11', '2016-09-08 22:57:11', NULL, NULL, 0, 1, 0, 'REJILLA MILLENIUM'),
(496, 1, 1, 1, 'Products', '', '2016-09-08 22:57:11', '2016-09-08 22:57:11', NULL, NULL, 0, 1, 0, 'REJILLA MN 16-18'),
(497, 1, 1, 1, 'Products', '', '2016-09-08 22:57:11', '2016-09-08 22:57:11', NULL, NULL, 0, 1, 0, 'RESISTENCIA 1300 500W'),
(498, 1, 1, 1, 'Products', '', '2016-09-08 22:57:11', '2016-09-08 22:57:11', NULL, NULL, 0, 1, 0, 'RESISTENCIA CORAZZATA 1250X30'),
(499, 1, 1, 1, 'Products', '', '2016-09-08 22:57:11', '2016-09-08 22:57:11', NULL, NULL, 0, 1, 0, 'RETARDADOR RT 123'),
(500, 1, 1, 1, 'Products', '', '2016-09-08 22:57:11', '2016-09-08 22:57:11', NULL, NULL, 0, 1, 0, 'REVESTIMIENTO LX SERV MN 12 07'),
(501, 1, 1, 1, 'Products', '', '2016-09-08 22:57:11', '2016-09-08 22:57:11', NULL, NULL, 0, 1, 0, 'RUEDA 23 NFS - OMEGA 134'),
(502, 1, 1, 1, 'Products', '', '2016-09-08 22:57:12', '2016-09-08 22:57:12', NULL, NULL, 0, 1, 0, 'SONDA NTC 3 M'),
(503, 1, 1, 1, 'Products', '', '2016-09-08 22:57:12', '2016-09-08 22:57:12', NULL, NULL, 0, 1, 0, 'SONDA PTC ISA'),
(504, 1, 1, 1, 'Products', '', '2016-09-08 22:57:12', '2016-09-08 22:57:12', NULL, NULL, 0, 1, 0, 'SOPORTE REJILLA MN 12'),
(505, 1, 1, 1, 'Products', '', '2016-09-08 22:57:12', '2016-09-08 22:57:12', NULL, NULL, 0, 1, 0, 'TERMIANL PROF BATTIC VERDE PETR'),
(506, 1, 1, 1, 'Products', '', '2016-09-08 22:57:12', '2016-09-08 22:57:12', NULL, NULL, 0, 1, 0, 'TERMINAL PERFIL GRIS'),
(507, 1, 1, 1, 'Products', '', '2016-09-08 22:57:12', '2016-09-08 22:57:12', NULL, NULL, 0, 1, 0, 'TERMINAL PERFIL VERDE'),
(508, 1, 1, 1, 'Products', '', '2016-09-08 22:57:12', '2016-09-08 22:57:12', NULL, NULL, 0, 1, 0, 'TERMINAL PROF. BATTIC CAF'),
(509, 1, 1, 1, 'Products', '', '2016-09-08 22:57:12', '2016-09-08 22:57:12', NULL, NULL, 0, 1, 0, 'TERMINAL PROF. BATTIC CAF'),
(510, 1, 1, 1, 'Products', '', '2016-09-08 22:57:12', '2016-09-08 22:57:12', NULL, NULL, 0, 1, 0, 'TERMOMETRO -40 + 40 TR5825'),
(511, 1, 1, 1, 'Products', '', '2016-09-08 22:57:13', '2016-09-08 22:57:13', NULL, NULL, 0, 1, 0, 'TERMOSTATO 1 NTO 01 HTP'),
(512, 1, 1, 1, 'Products', '', '2016-09-08 22:57:13', '2016-09-08 22:57:13', NULL, NULL, 0, 1, 0, 'VALVULA ESP TS2 ODS'),
(513, 1, 1, 1, 'Products', '', '2016-09-08 22:57:27', '2016-09-08 22:57:27', NULL, NULL, 0, 1, 0, 'VENTILADOR 230V'),
(514, 1, 1, 1, 'Products', '', '2016-09-08 22:57:28', '2016-09-08 22:57:28', NULL, NULL, 0, 1, 0, 'VENTILADOR BET 3C05   CAVO L-3'),
(515, 1, 1, 1, 'Products', '', '2016-09-08 22:57:28', '2016-09-08 22:57:28', NULL, NULL, 0, 1, 0, 'VENTILADOR N16/30'),
(516, 1, 1, 1, 'Products', '', '2016-09-08 22:57:28', '2016-09-08 22:57:28', NULL, NULL, 0, 1, 0, 'VENTILADOR NET3 CAVO L3000 OME'),
(517, 1, 1, 1, 'Products', '', '2016-09-08 22:57:28', '2016-09-08 22:57:28', NULL, NULL, 0, 1, 0, 'VENTILADOR NET3C10 CAVO L-100'),
(518, 1, 1, 1, 'Products', '', '2016-09-08 22:57:28', '2016-09-08 22:57:28', NULL, NULL, 0, 1, 0, 'VENTILADOR NMB471 23TB'),
(519, 1, 1, 1, 'Products', '', '2016-09-08 22:57:28', '2016-09-08 22:57:28', NULL, NULL, 0, 1, 0, 'VENTILADOR NT3C16PVCCAVO L-100'),
(520, 1, 1, 1, 'Products', '', '2016-09-08 22:57:29', '2016-09-08 22:57:29', NULL, NULL, 0, 1, 0, 'VIDRIO 1149.3 X 523 OM 134S'),
(521, 1, 1, 1, 'Products', '', '2016-09-08 22:57:29', '2016-09-08 22:57:29', NULL, NULL, 0, 1, 0, 'VIDRIO CURVO 1342X254.5 OM134S'),
(522, 1, 1, 1, 'Products', '', '2016-09-08 22:57:29', '2016-09-08 22:57:29', NULL, NULL, 0, 1, 0, 'VIDRIO FRONTAL 646X1116 MN12'),
(523, 1, 1, 1, 'Products', '', '2016-09-08 22:57:29', '2016-09-08 22:57:29', NULL, NULL, 0, 1, 0, 'VIDRIO FRONTAL 646X1476 MN 16'),
(524, 1, 1, 1, 'Products', '', '2016-09-08 22:57:29', '2016-09-08 22:57:29', NULL, NULL, 0, 1, 0, 'VIDRIO FRONTAL MN 12'),
(525, 1, 1, 1, 'Products', '', '2016-09-08 22:57:29', '2016-09-08 22:57:29', NULL, NULL, 0, 1, 0, 'VIDRIO INTERIOR 844X173.5 NS/E'),
(526, 1, 1, 1, 'Products', '', '2016-09-08 22:57:29', '2016-09-08 22:57:29', NULL, NULL, 0, 1, 0, 'VIDRIO INTERIOR NS EN 150'),
(527, 1, 1, 1, 'Products', '', '2016-09-08 22:57:29', '2016-09-08 22:57:29', NULL, NULL, 0, 1, 0, 'VIDRIO LATERAL DX 890X476 ML'),
(528, 1, 1, 1, 'Products', '', '2016-09-08 22:57:29', '2016-09-08 22:57:29', NULL, NULL, 0, 1, 0, 'VIDRIO LATERAL DX MN 07'),
(529, 1, 1, 1, 'Products', '', '2016-09-08 22:57:29', '2016-09-08 22:57:29', NULL, NULL, 0, 1, 0, 'VIDRIO LATERAL SX 890X476 ML'),
(530, 1, 1, 1, 'Products', '', '2016-09-08 22:57:29', '2016-09-08 22:57:29', NULL, NULL, 0, 1, 0, 'VIDRIO LATERAL SX MN 07'),
(531, 1, 1, 1, 'Products', '', '2016-09-08 22:57:30', '2016-09-08 22:57:30', NULL, NULL, 0, 1, 0, 'VIDRO LATERAL SX 890X476'),
(532, 1, 1, 1, 'Products', '', '2016-09-08 22:57:30', '2016-09-08 22:57:30', NULL, NULL, 0, 1, 0, 'CARRO EFI 2003'),
(533, 1, 1, 1, 'Products', '', '2016-09-08 22:57:30', '2016-09-08 22:57:30', NULL, NULL, 0, 1, 0, 'CARRO EFI 2703'),
(534, 1, 1, 1, 'Products', '', '2016-09-08 22:57:30', '2016-09-08 22:57:30', NULL, NULL, 0, 1, 0, 'CARRO EFI 3403'),
(535, 1, 1, 1, 'Products', '', '2016-09-08 22:57:31', '2016-09-08 22:57:31', NULL, NULL, 0, 1, 0, 'CARRO EFI 4803'),
(536, 1, 1, 1, 'Products', '', '2016-09-08 22:57:31', '2016-09-08 22:57:31', NULL, NULL, 0, 1, 0, 'CARRO EFI 5503'),
(537, 1, 1, 1, 'Products', '', '2016-09-08 22:57:31', '2016-09-08 22:57:31', NULL, NULL, 0, 1, 0, 'CELOSIA EFI'),
(538, 1, 1, 1, 'Products', '', '2016-09-08 22:57:31', '2016-09-08 22:57:31', NULL, NULL, 0, 1, 0, 'CELOSIA MANTENEDORES EFI'),
(539, 1, 1, 1, 'Products', '', '2016-09-08 22:57:31', '2016-09-08 22:57:31', NULL, NULL, 0, 1, 0, 'Chapa kit Cerradura EFI'),
(540, 1, 1, 1, 'Products', '', '2016-09-08 22:57:31', '2016-09-08 22:57:31', NULL, NULL, 0, 1, 0, 'JUEGO DE TOPES PUERTAS CONSERV'),
(541, 1, 1, 1, 'Products', '', '2016-09-08 22:57:31', '2016-09-08 22:57:31', NULL, NULL, 0, 1, 0, 'RELE 3403 - 2703'),
(542, 1, 1, 1, 'Products', '', '2016-09-08 22:57:31', '2016-09-08 22:57:31', NULL, NULL, 0, 1, 0, 'RELE 4803'),
(543, 1, 1, 1, 'Products', '', '2016-09-08 22:57:31', '2016-09-08 22:57:31', NULL, NULL, 0, 1, 0, 'RELE 5503'),
(544, 1, 1, 1, 'Products', '', '2016-09-08 22:57:32', '2016-09-08 22:57:32', NULL, NULL, 0, 1, 0, 'TAPA INFERIOR EFI 2703'),
(545, 1, 1, 1, 'Products', '', '2016-09-08 22:57:32', '2016-09-08 22:57:32', NULL, NULL, 0, 1, 0, 'TAPA INFERIOR EFI 3403'),
(546, 1, 1, 1, 'Products', '', '2016-09-08 22:57:32', '2016-09-08 22:57:32', NULL, NULL, 0, 1, 0, 'TAPA INFERIOR EFI 4803'),
(547, 1, 1, 1, 'Products', '', '2016-09-08 22:57:32', '2016-09-08 22:57:32', NULL, NULL, 0, 1, 0, 'TAPA INFERIOR EFI 5503'),
(548, 1, 1, 1, 'Products', '', '2016-09-08 22:57:32', '2016-09-08 22:57:32', NULL, NULL, 0, 1, 0, 'TAPA SUPERIOR EFE3403'),
(549, 1, 1, 1, 'Products', '', '2016-09-08 22:57:32', '2016-09-08 22:57:32', NULL, NULL, 0, 1, 0, 'TAPA SUPERIOR EFI 2703'),
(550, 1, 1, 1, 'Products', '', '2016-09-08 22:57:32', '2016-09-08 22:57:32', NULL, NULL, 0, 1, 0, 'TAPA SUPERIOR EFI 4803'),
(551, 1, 1, 1, 'Products', '', '2016-09-08 22:57:32', '2016-09-08 22:57:32', NULL, NULL, 0, 1, 0, 'TAPA SUPERIOR EFI 5503'),
(552, 1, 1, 1, 'Products', '', '2016-09-08 22:57:32', '2016-09-08 22:57:32', NULL, NULL, 0, 1, 0, 'TAPON DESAGUE EFI'),
(553, 1, 1, 1, 'Products', '', '2016-09-08 22:57:32', '2016-09-08 22:57:32', NULL, NULL, 0, 1, 0, 'TERMOSTATO AO10828'),
(554, 1, 1, 1, 'Products', '', '2016-09-08 22:57:32', '2016-09-08 22:57:32', NULL, NULL, 0, 1, 0, 'VENTILADOR COMPLETO EBM IQ3608'),
(555, 1, 1, 1, 'Products', '', '2016-09-08 22:57:33', '2016-09-08 22:57:33', NULL, NULL, 0, 1, 0, 'VENTILADOR COMPLETO FD-F611A'),
(556, 1, 1, 1, 'Products', '', '2016-09-08 22:57:33', '2016-09-08 22:57:33', NULL, NULL, 0, 1, 0, 'abrazaderas'),
(557, 1, 1, 1, 'Products', '', '2016-09-08 22:57:33', '2016-09-08 22:57:33', NULL, NULL, 0, 1, 0, 'ASPA VENTILADOR 230-28" (HELIC'),
(558, 1, 1, 1, 'Products', '', '2016-09-08 22:57:33', '2016-09-08 22:57:33', NULL, NULL, 0, 1, 0, 'BALLAST WH-230 L'),
(559, 1, 1, 1, 'Products', '', '2016-09-08 22:57:33', '2016-09-08 22:57:33', NULL, NULL, 0, 1, 0, 'BARRA TORSION PUERTA'),
(560, 1, 1, 1, 'Products', '', '2016-09-08 22:57:33', '2016-09-08 22:57:33', NULL, NULL, 0, 1, 0, 'BASE TUBO FLUORESCENTE'),
(561, 1, 1, 1, 'Products', '', '2016-09-08 22:57:33', '2016-09-08 22:57:33', NULL, NULL, 0, 1, 0, 'Bisagra Conj Display'),
(562, 1, 1, 1, 'Products', '', '2016-09-08 22:57:33', '2016-09-08 22:57:33', NULL, NULL, 0, 1, 0, 'CALEFACTOR 350W 220V'),
(563, 1, 1, 1, 'Products', '', '2016-09-08 22:57:33', '2016-09-08 22:57:33', NULL, NULL, 0, 1, 0, 'CALEFACTOR DESAGUE VV16BTF'),
(564, 1, 1, 1, 'Products', '', '2016-09-08 22:57:33', '2016-09-08 22:57:33', NULL, NULL, 0, 1, 0, 'CANASTILLOS INCL CV200 Y CV 35'),
(565, 1, 1, 1, 'Products', '', '2016-09-08 22:57:34', '2016-09-08 22:57:34', NULL, NULL, 0, 1, 0, 'CAPACITOR 220 50-60 38-46F'),
(566, 1, 1, 1, 'Products', '', '2016-09-08 22:57:34', '2016-09-08 22:57:34', NULL, NULL, 0, 1, 0, 'Capacitor 88-108 mF CV350'),
(567, 1, 1, 1, 'Products', '', '2016-09-08 22:57:34', '2016-09-08 22:57:34', NULL, NULL, 0, 1, 0, 'CARRO CASCADA 300CC'),
(568, 1, 1, 1, 'Products', '', '2016-09-08 22:57:34', '2016-09-08 22:57:34', NULL, NULL, 0, 1, 0, 'CARRO CV 100'),
(569, 1, 1, 1, 'Products', '', '2016-09-08 22:57:34', '2016-09-08 22:57:34', NULL, NULL, 0, 1, 0, 'CARRO CV 200'),
(570, 1, 1, 1, 'Products', '', '2016-09-08 22:57:34', '2016-09-08 22:57:34', NULL, NULL, 0, 1, 0, 'CARRO CV 350'),
(571, 1, 1, 1, 'Products', '', '2016-09-08 22:57:36', '2016-09-08 22:57:36', NULL, NULL, 0, 1, 0, 'CARRO CV 580'),
(572, 1, 1, 1, 'Products', '', '2016-09-08 22:57:37', '2016-09-08 22:57:37', NULL, NULL, 0, 1, 0, 'Celocia Chica'),
(573, 1, 1, 1, 'Products', '', '2016-09-08 22:57:37', '2016-09-08 22:57:37', NULL, NULL, 0, 1, 0, 'Celocia Grande'),
(574, 1, 1, 1, 'Products', '', '2016-09-08 22:57:37', '2016-09-08 22:57:37', NULL, NULL, 0, 1, 0, 'CELOS{IA VV-8 / 12 S/PLA'),
(575, 1, 1, 1, 'Products', '', '2016-09-08 22:57:37', '2016-09-08 22:57:37', NULL, NULL, 0, 1, 0, 'CELOSIA FRONTAL VV 16'),
(576, 1, 1, 1, 'Products', '', '2016-09-08 22:57:37', '2016-09-08 22:57:37', NULL, NULL, 0, 1, 0, 'CELOSIA LATERAL'),
(577, 1, 1, 1, 'Products', '', '2016-09-08 22:57:37', '2016-09-08 22:57:37', NULL, NULL, 0, 1, 0, 'CELOSIA TRASERA'),
(578, 1, 1, 1, 'Products', '', '2016-09-08 22:57:37', '2016-09-08 22:57:37', NULL, NULL, 0, 1, 0, 'CELOSIA VV16BTF NEGRO'),
(579, 1, 1, 1, 'Products', '', '2016-09-08 22:57:37', '2016-09-08 22:57:37', NULL, NULL, 0, 1, 0, 'CELOSIA VV16NF'),
(580, 1, 1, 1, 'Products', '', '2016-09-08 22:57:37', '2016-09-08 22:57:37', NULL, NULL, 0, 1, 0, 'Chapa Inferior Cascada'),
(581, 1, 1, 1, 'Products', '', '2016-09-08 22:57:37', '2016-09-08 22:57:37', NULL, NULL, 0, 1, 0, 'Chapa kit Cerradura'),
(582, 1, 1, 1, 'Products', '', '2016-09-08 22:57:38', '2016-09-08 22:57:38', NULL, NULL, 0, 1, 0, 'Chapa VV-16'),
(583, 1, 1, 1, 'Products', '', '2016-09-08 22:57:38', '2016-09-08 22:57:38', NULL, NULL, 0, 1, 0, 'CINTA AEROTAPE 9.1 MTSX50MM'),
(584, 1, 1, 1, 'Products', '', '2016-09-08 22:57:38', '2016-09-08 22:57:38', NULL, NULL, 0, 1, 0, 'CJTO BISAGRA IZQUIERDA'),
(585, 1, 1, 1, 'Products', '', '2016-09-08 22:57:38', '2016-09-08 22:57:38', NULL, NULL, 0, 1, 0, 'CJTO. MARCO LETRERO VV16BTF N'),
(586, 1, 1, 1, 'Products', '', '2016-09-08 22:57:38', '2016-09-08 22:57:38', NULL, NULL, 0, 1, 0, 'CJTO. MARCO LETRERO VV16BTF NE'),
(587, 1, 1, 1, 'Products', '', '2016-09-08 22:57:38', '2016-09-08 22:57:38', NULL, NULL, 0, 1, 0, 'CJTO. MARCO LETRERO VV19NF'),
(588, 1, 1, 1, 'Products', '', '2016-09-08 22:57:38', '2016-09-08 22:57:38', NULL, NULL, 0, 1, 0, 'COMPRESOR ASPERA NJ 9238 GK'),
(589, 1, 1, 1, 'Products', '', '2016-09-08 22:57:38', '2016-09-08 22:57:38', NULL, NULL, 0, 1, 0, 'COMPRESOR ASPERA T2180 GK 404'),
(590, 1, 1, 1, 'Products', '', '2016-09-08 22:57:38', '2016-09-08 22:57:38', NULL, NULL, 0, 1, 0, 'COMPRESOR CAP 220/50-60 EI60 H'),
(591, 1, 1, 1, 'Products', '', '2016-09-08 22:57:38', '2016-09-08 22:57:38', NULL, NULL, 0, 1, 0, 'COMPRESOR CAP FG85HK EMB 220V'),
(592, 1, 1, 1, 'Products', '', '2016-09-08 22:57:39', '2016-09-08 22:57:39', NULL, NULL, 0, 1, 0, 'Compresor CS-18G CV580'),
(593, 1, 1, 1, 'Products', '', '2016-09-08 22:57:39', '2016-09-08 22:57:39', NULL, NULL, 0, 1, 0, 'COMPRESOR DANFOSS SC21G'),
(594, 1, 1, 1, 'Products', '', '2016-09-08 22:57:39', '2016-09-08 22:57:39', NULL, NULL, 0, 1, 0, 'COMPRESOR FFI 10 HAK 220V'),
(595, 1, 1, 1, 'Products', '', '2016-09-08 22:57:39', '2016-09-08 22:57:39', NULL, NULL, 0, 1, 0, 'Compresor FFU-130 CV350'),
(596, 1, 1, 1, 'Products', '', '2016-09-08 22:57:39', '2016-09-08 22:57:39', NULL, NULL, 0, 1, 0, 'Compresor FG-75 CV200'),
(597, 1, 1, 1, 'Products', '', '2016-09-08 22:57:39', '2016-09-08 22:57:39', NULL, NULL, 0, 1, 0, 'COMPRESOR NE 2134GK'),
(598, 1, 1, 1, 'Products', '', '2016-09-08 22:57:39', '2016-09-08 22:57:39', NULL, NULL, 0, 1, 0, 'COMPRESOR NT6222 GK'),
(599, 1, 1, 1, 'Products', '', '2016-09-08 22:57:39', '2016-09-08 22:57:39', NULL, NULL, 0, 1, 0, 'COMPRESOR SC18CL DANFOSS'),
(600, 1, 1, 1, 'Products', '', '2016-09-08 22:57:39', '2016-09-08 22:57:39', NULL, NULL, 0, 1, 0, 'COMPRESOR SC-21CL R404 DANFOSS'),
(601, 1, 1, 1, 'Products', '', '2016-09-08 22:57:39', '2016-09-08 22:57:39', NULL, NULL, 0, 1, 0, 'CONTROL DIGITAL CAREL MODL PJE'),
(602, 1, 1, 1, 'Products', '', '2016-09-08 22:57:39', '2016-09-08 22:57:39', NULL, NULL, 0, 1, 0, 'CONTROLADOR PZD3COPO 2 SONDAS'),
(603, 1, 1, 1, 'Products', '', '2016-09-08 22:57:39', '2016-09-08 22:57:39', NULL, NULL, 0, 1, 0, 'CUBRE TUBO CC 300'),
(604, 1, 1, 1, 'Products', '', '2016-09-08 22:57:39', '2016-09-08 22:57:39', NULL, NULL, 0, 1, 0, 'CUERPO DESAGUE IPA BLANC'),
(605, 1, 1, 1, 'Products', '', '2016-09-08 22:57:40', '2016-09-08 22:57:40', NULL, NULL, 0, 1, 0, 'CUERPO VALVULA COMPENS VV15BT'),
(606, 1, 1, 1, 'Products', '', '2016-09-08 22:57:40', '2016-09-08 22:57:40', NULL, NULL, 0, 1, 0, 'ESCUADRA CORTAFRIO INF IZQUIER'),
(607, 1, 1, 1, 'Products', '', '2016-09-08 22:57:40', '2016-09-08 22:57:40', NULL, NULL, 0, 1, 0, 'Esquinero'),
(608, 1, 1, 1, 'Products', '', '2016-09-08 22:57:40', '2016-09-08 22:57:40', NULL, NULL, 0, 1, 0, 'FILTRO SEC DML 052 1/4 SOLDAR'),
(609, 1, 1, 1, 'Products', '', '2016-09-08 22:57:40', '2016-09-08 22:57:40', NULL, NULL, 0, 1, 0, 'FILTRO SEC RF 25/3 R-134'),
(610, 1, 1, 1, 'Products', '', '2016-09-08 22:57:40', '2016-09-08 22:57:40', NULL, NULL, 0, 1, 0, 'FILTRO SECADOR DCL 083 3/8" SO'),
(611, 1, 1, 1, 'Products', '', '2016-09-08 22:57:40', '2016-09-08 22:57:40', NULL, NULL, 0, 1, 0, 'Filtro Secador GR-25'),
(612, 1, 1, 1, 'Products', '', '2016-09-08 22:57:41', '2016-09-08 22:57:41', NULL, NULL, 0, 1, 0, 'FUNDENTE PLATA ARGENTA 50 GRS.'),
(613, 1, 1, 1, 'Products', '', '2016-09-08 22:57:41', '2016-09-08 22:57:41', NULL, NULL, 0, 1, 0, 'GUIA DESAGUE IPA BLANC'),
(614, 1, 1, 1, 'Products', '', '2016-09-08 22:57:41', '2016-09-08 22:57:41', NULL, NULL, 0, 1, 0, 'HELICE 20 -28'),
(615, 1, 1, 1, 'Products', '', '2016-09-08 22:57:41', '2016-09-08 22:57:41', NULL, NULL, 0, 1, 0, 'HELICE 230-31 PLASTICA ELCO'),
(616, 1, 1, 1, 'Products', '', '2016-09-08 22:57:42', '2016-09-08 22:57:42', NULL, NULL, 0, 1, 0, 'HELICE A-172 ELCO'),
(617, 1, 1, 1, 'Products', '', '2016-09-08 22:57:42', '2016-09-08 22:57:42', NULL, NULL, 0, 1, 0, 'INTERRUPTOR DE PUERTA VV16BTF'),
(618, 1, 1, 1, 'Products', '', '2016-09-08 22:57:42', '2016-09-08 22:57:42', NULL, NULL, 0, 1, 0, 'Interruptor display Arcolet'),
(619, 1, 1, 1, 'Products', '', '2016-09-08 22:57:42', '2016-09-08 22:57:42', NULL, NULL, 0, 1, 0, 'Interruptor H8 Display'),
(620, 1, 1, 1, 'Products', '', '2016-09-08 22:57:42', '2016-09-08 22:57:42', NULL, NULL, 0, 1, 0, 'INTERRUPTOR MAGNETICO 2020-196'),
(621, 1, 1, 1, 'Products', '', '2016-09-08 22:57:43', '2016-09-08 22:57:43', NULL, NULL, 0, 1, 0, 'INTERRUPTOR TIMBRE'),
(622, 1, 1, 1, 'Products', '', '2016-09-08 22:57:43', '2016-09-08 22:57:43', NULL, NULL, 0, 1, 0, 'INTERRUPTOR VV16 BTF'),
(623, 1, 1, 1, 'Products', '', '2016-09-08 22:57:43', '2016-09-08 22:57:43', NULL, NULL, 0, 1, 0, 'KIT LLAVE METALICA NVO MODELO'),
(624, 1, 1, 1, 'Products', '', '2016-09-08 22:57:43', '2016-09-08 22:57:43', NULL, NULL, 0, 1, 0, 'LATERAL DISPLAY DERECHO'),
(625, 1, 1, 1, 'Products', '', '2016-09-08 22:57:43', '2016-09-08 22:57:43', NULL, NULL, 0, 1, 0, 'LATERAL DISPLAY IZQUIERDO'),
(626, 1, 1, 1, 'Products', '', '2016-09-08 22:57:43', '2016-09-08 22:57:43', NULL, NULL, 0, 1, 0, 'LLAVE KIT CERRADURA 404 AMSTRO'),
(627, 1, 1, 1, 'Products', '', '2016-09-08 22:57:44', '2016-09-08 22:57:44', NULL, NULL, 0, 1, 0, 'LLAVE METALIC CERRADURA CC300'),
(628, 1, 1, 1, 'Products', '', '2016-09-08 22:57:44', '2016-09-08 22:57:44', NULL, NULL, 0, 1, 0, 'MANILLA CURVA VV'),
(629, 1, 1, 1, 'Products', '', '2016-09-08 22:57:44', '2016-09-08 22:57:44', NULL, NULL, 0, 1, 0, 'MARCO BURLETE VV12 1250X555'),
(630, 1, 1, 1, 'Products', '', '2016-09-08 22:57:44', '2016-09-08 22:57:44', NULL, NULL, 0, 1, 0, 'MARCO BURLETE VV19'),
(631, 1, 1, 1, 'Products', '', '2016-09-08 22:57:44', '2016-09-08 22:57:44', NULL, NULL, 0, 1, 0, 'ORIFICIO DANFOSS 02'),
(632, 1, 1, 1, 'Products', '', '2016-09-08 22:57:44', '2016-09-08 22:57:44', NULL, NULL, 0, 1, 0, 'PANTALLA CC300'),
(633, 1, 1, 1, 'Products', '', '2016-09-08 22:57:44', '2016-09-08 22:57:44', NULL, NULL, 0, 1, 0, 'PANTALLA FLUOR STAD'),
(634, 1, 1, 1, 'Products', '', '2016-09-08 22:57:45', '2016-09-08 22:57:45', NULL, NULL, 0, 1, 0, 'PARRILLA (REJILLA) VV 16'),
(635, 1, 1, 1, 'Products', '', '2016-09-08 22:57:45', '2016-09-08 22:57:45', NULL, NULL, 0, 1, 0, 'PARRILLA LATERAL CASCADA'),
(636, 1, 1, 1, 'Products', '', '2016-09-08 22:57:46', '2016-09-08 22:57:46', NULL, NULL, 0, 1, 0, 'PARTIDOR UNIVERSAL S10 PHILIPS'),
(637, 1, 1, 1, 'Products', '', '2016-09-08 22:57:46', '2016-09-08 22:57:46', NULL, NULL, 0, 1, 0, 'PATIN REGULABLE 1/2"'),
(638, 1, 1, 1, 'Products', '', '2016-09-08 22:57:46', '2016-09-08 22:57:46', NULL, NULL, 0, 1, 0, 'PATIN REGULABLE VV16'),
(639, 1, 1, 1, 'Products', '', '2016-09-08 22:57:47', '2016-09-08 22:57:47', NULL, NULL, 0, 1, 0, 'PETG LECH X225X667 MM VV19'),
(640, 1, 1, 1, 'Products', '', '2016-09-08 22:57:48', '2016-09-08 22:57:48', NULL, NULL, 0, 1, 0, 'PORTA CHAPA SUPERIOR'),
(641, 1, 1, 1, 'Products', '', '2016-09-08 22:57:48', '2016-09-08 22:57:48', NULL, NULL, 0, 1, 0, 'PORTACERRADURA INFERIOR IPA GR'),
(642, 1, 1, 1, 'Products', '', '2016-09-08 22:57:48', '2016-09-08 22:57:48', NULL, NULL, 0, 1, 0, 'PORTACERRADURA SUPERIOR IPA GR'),
(643, 1, 1, 1, 'Products', '', '2016-09-08 22:57:48', '2016-09-08 22:57:48', NULL, NULL, 0, 1, 0, 'QUICIO INFERIOR VV16BTFN'),
(644, 1, 1, 1, 'Products', '', '2016-09-08 22:57:49', '2016-09-08 22:57:49', NULL, NULL, 0, 1, 0, 'QUICIO SUPERIOR DERECHO VV16BT'),
(645, 1, 1, 1, 'Products', '', '2016-09-08 22:57:49', '2016-09-08 22:57:49', NULL, NULL, 0, 1, 0, 'REFRIGERANTE R-134A'),
(646, 1, 1, 1, 'Products', '', '2016-09-08 22:57:49', '2016-09-08 22:57:49', NULL, NULL, 0, 1, 0, 'REFRIGERANTE R-22 MIMET'),
(647, 1, 1, 1, 'Products', '', '2016-09-08 22:57:49', '2016-09-08 22:57:49', NULL, NULL, 0, 1, 0, 'REFRIGERANTE R-507 (11.3)'),
(648, 1, 1, 1, 'Products', '', '2016-09-08 22:57:49', '2016-09-08 22:57:49', NULL, NULL, 0, 1, 0, 'REJILLA BLANCA CONS CC-300'),
(649, 1, 1, 1, 'Products', '', '2016-09-08 22:57:49', '2016-09-08 22:57:49', NULL, NULL, 0, 1, 0, 'RELE OMROM G7L-1A-TUBJ CB'),
(650, 1, 1, 1, 'Products', '', '2016-09-08 22:57:49', '2016-09-08 22:57:49', NULL, NULL, 0, 1, 0, 'RODILLO VV-15BT'),
(651, 1, 1, 1, 'Products', '', '2016-09-08 22:57:50', '2016-09-08 22:57:50', NULL, NULL, 0, 1, 0, 'Rueda THN-50'),
(652, 1, 1, 1, 'Products', '', '2016-09-08 22:57:50', '2016-09-08 22:57:50', NULL, NULL, 0, 1, 0, 'Sonda NTC carell'),
(653, 1, 1, 1, 'Products', '', '2016-09-08 22:57:50', '2016-09-08 22:57:50', NULL, NULL, 0, 1, 0, 'SOPORTE PARRILLA S/S MIMET'),
(654, 1, 1, 1, 'Products', '', '2016-09-08 22:57:50', '2016-09-08 22:57:50', NULL, NULL, 0, 1, 0, 'TAPA DE VIDRIO INFERIOR  CC300'),
(655, 1, 1, 1, 'Products', '', '2016-09-08 22:57:50', '2016-09-08 22:57:50', NULL, NULL, 0, 1, 0, 'TAPA VALVULA VV15 BT'),
(656, 1, 1, 1, 'Products', '', '2016-09-08 22:57:50', '2016-09-08 22:57:50', NULL, NULL, 0, 1, 0, 'Tapa Vidrio Inclinada Inf CV 350 IAN'),
(657, 1, 1, 1, 'Products', '', '2016-09-08 22:57:50', '2016-09-08 22:57:50', NULL, NULL, 0, 1, 0, 'Tapa Vidrio Inclinada Inf CV 580 AN'),
(658, 1, 1, 1, 'Products', '', '2016-09-08 22:57:51', '2016-09-08 22:57:51', NULL, NULL, 0, 1, 0, 'Tapa Vidrio Inclinada Sup CV 350 IAN'),
(659, 1, 1, 1, 'Products', '', '2016-09-08 22:57:51', '2016-09-08 22:57:51', NULL, NULL, 0, 1, 0, 'Tapa Vidrio Inclinada Sup CV 580 AN'),
(660, 1, 1, 1, 'Products', '', '2016-09-08 22:57:51', '2016-09-08 22:57:51', NULL, NULL, 0, 1, 0, 'TAPA VIDRIO INF. CV-580 A'),
(661, 1, 1, 1, 'Products', '', '2016-09-08 22:57:51', '2016-09-08 22:57:51', NULL, NULL, 0, 1, 0, 'TAPA VIDRIO INFERIOR CV200AN,'),
(662, 1, 1, 1, 'Products', '', '2016-09-08 22:57:51', '2016-09-08 22:57:51', NULL, NULL, 0, 1, 0, 'Tapa Vidrio Recta Inf CV 200'),
(663, 1, 1, 1, 'Products', '', '2016-09-08 22:57:51', '2016-09-08 22:57:51', NULL, NULL, 0, 1, 0, 'Tapa Vidrio Recta Inf CV 350 AN'),
(664, 1, 1, 1, 'Products', '', '2016-09-08 22:57:51', '2016-09-08 22:57:51', NULL, NULL, 0, 1, 0, 'Tapa Vidrio Recta Sup CV 200'),
(665, 1, 1, 1, 'Products', '', '2016-09-08 22:57:52', '2016-09-08 22:57:52', NULL, NULL, 0, 1, 0, 'Tapa Vidrio Recta Sup CV 350 AN'),
(666, 1, 1, 1, 'Products', '', '2016-09-08 22:57:52', '2016-09-08 22:57:52', NULL, NULL, 0, 1, 0, 'TAPA VIDRIO SUP. CV-580 A'),
(667, 1, 1, 1, 'Products', '', '2016-09-08 22:57:52', '2016-09-08 22:57:52', NULL, NULL, 0, 1, 0, 'TAPA VIDRIO SUPERIOR CC300'),
(668, 1, 1, 1, 'Products', '', '2016-09-08 22:57:52', '2016-09-08 22:57:52', NULL, NULL, 0, 1, 0, 'TAPA VIDRIO SUPERIOR CV200AN'),
(669, 1, 1, 1, 'Products', '', '2016-09-08 22:57:52', '2016-09-08 22:57:52', NULL, NULL, 0, 1, 0, 'Tap'),
(670, 1, 1, 1, 'Products', '', '2016-09-08 22:57:53', '2016-09-08 22:57:53', NULL, NULL, 0, 1, 0, 'TAPON EXTERNO DESAGUE CVP'),
(671, 1, 1, 1, 'Products', '', '2016-09-08 22:57:53', '2016-09-08 22:57:53', NULL, NULL, 0, 1, 0, 'TAPON EXTERNO DESAGUE IPA BLA'),
(672, 1, 1, 1, 'Products', '', '2016-09-08 22:57:53', '2016-09-08 22:57:53', NULL, NULL, 0, 1, 0, 'TAPON INTERNO DESAGUE CVP'),
(673, 1, 1, 1, 'Products', '', '2016-09-08 22:57:53', '2016-09-08 22:57:53', NULL, NULL, 0, 1, 0, 'Termometro Ref-88'),
(674, 1, 1, 1, 'Products', '', '2016-09-08 22:57:54', '2016-09-08 22:57:54', NULL, NULL, 0, 1, 0, 'TERMOSTATO DANFOSS 077B1125'),
(675, 1, 1, 1, 'Products', '', '2016-09-08 22:57:54', '2016-09-08 22:57:54', NULL, NULL, 0, 1, 0, 'Termostato Danfoss Congelado'),
(676, 1, 1, 1, 'Products', '', '2016-09-08 22:57:54', '2016-09-08 22:57:54', NULL, NULL, 0, 1, 0, 'Tope Plastico Recto'),
(677, 1, 1, 1, 'Products', '', '2016-09-08 22:57:54', '2016-09-08 22:57:54', NULL, NULL, 0, 1, 0, 'TRANSFORMADOR LEDS LVP35-12'),
(678, 1, 1, 1, 'Products', '', '2016-09-08 22:57:54', '2016-09-08 22:57:54', NULL, NULL, 0, 1, 0, 'TRANSFORMADOR PUERTA VV16BTF'),
(679, 1, 1, 1, 'Products', '', '2016-09-08 22:57:54', '2016-09-08 22:57:54', NULL, NULL, 0, 1, 0, 'TUBERIA REC 1/2" MIMET'),
(680, 1, 1, 1, 'Products', '', '2016-09-08 22:57:54', '2016-09-08 22:57:54', NULL, NULL, 0, 1, 0, 'TUBERIA RECOCIDA 1/4" MIMET'),
(681, 1, 1, 1, 'Products', '', '2016-09-08 22:57:54', '2016-09-08 22:57:54', NULL, NULL, 0, 1, 0, 'TUBERIA RECOCIDA 3/8" MIMET'),
(682, 1, 1, 1, 'Products', '', '2016-09-08 22:57:55', '2016-09-08 22:57:55', NULL, NULL, 0, 1, 0, 'TUBO COBRE 5/16"'),
(683, 1, 1, 1, 'Products', '', '2016-09-08 22:57:55', '2016-09-08 22:57:55', NULL, NULL, 0, 1, 0, 'TUBO CU REC  3/8"'),
(684, 1, 1, 1, 'Products', '', '2016-09-08 22:57:55', '2016-09-08 22:57:55', NULL, NULL, 0, 1, 0, 'TUBO CU REC 05 ESP 1/4'),
(685, 1, 1, 1, 'Products', '', '2016-09-08 22:57:55', '2016-09-08 22:57:55', NULL, NULL, 0, 1, 0, 'TUBO CU REC 5/16"'),
(686, 1, 1, 1, 'Products', '', '2016-09-08 22:57:55', '2016-09-08 22:57:55', NULL, NULL, 0, 1, 0, 'TUBO FLUORESCENTE 15W'),
(687, 1, 1, 1, 'Products', '', '2016-09-08 22:57:55', '2016-09-08 22:57:55', NULL, NULL, 0, 1, 0, 'TUBO FLUORESCENTE 30W'),
(688, 1, 1, 1, 'Products', '', '2016-09-08 22:57:55', '2016-09-08 22:57:55', NULL, NULL, 0, 1, 0, 'TUBO FLUORESCENTE 36W'),
(689, 1, 1, 1, 'Products', '', '2016-09-08 22:57:55', '2016-09-08 22:57:55', NULL, NULL, 0, 1, 0, 'TUBO FLUORESCENTE F21T5/841'),
(690, 1, 1, 1, 'Products', '', '2016-09-08 22:57:55', '2016-09-08 22:57:55', NULL, NULL, 0, 1, 0, 'TUBO LEDS 120 CMS X 18LEDS'),
(691, 1, 1, 1, 'Products', '', '2016-09-08 22:57:55', '2016-09-08 22:57:55', NULL, NULL, 0, 1, 0, 'TUBO LEDS 120CMS X36 LEDS'),
(692, 1, 1, 1, 'Products', '', '2016-09-08 22:57:56', '2016-09-08 22:57:56', NULL, NULL, 0, 1, 0, 'TUBO LEDS 60 CM X 18 LED 12V'),
(693, 1, 1, 1, 'Products', '', '2016-09-08 22:57:56', '2016-09-08 22:57:56', NULL, NULL, 0, 1, 0, 'TUERCA FLARE 1/2 BRONCE'),
(694, 1, 1, 1, 'Products', '', '2016-09-08 22:57:56', '2016-09-08 22:57:56', NULL, NULL, 0, 1, 0, 'TUERCA FLARE 3/8 BRONCE'),
(695, 1, 1, 1, 'Products', '', '2016-09-08 22:57:56', '2016-09-08 22:57:56', NULL, NULL, 0, 1, 0, 'VALVULA DE CARGA 1/4" MIMET'),
(696, 1, 1, 1, 'Products', '', '2016-09-08 22:57:56', '2016-09-08 22:57:56', NULL, NULL, 0, 1, 0, 'VALVULA EXPANSION TS2'),
(697, 1, 1, 1, 'Products', '', '2016-09-08 22:57:56', '2016-09-08 22:57:56', NULL, NULL, 0, 1, 0, 'Ventilador 10w'),
(698, 1, 1, 1, 'Products', '', '2016-09-08 22:57:56', '2016-09-08 22:57:56', NULL, NULL, 0, 1, 0, 'Ventilador 18w'),
(699, 1, 1, 1, 'Products', '', '2016-09-08 22:57:56', '2016-09-08 22:57:56', NULL, NULL, 0, 1, 0, 'Ventilador 5 Watt'),
(700, 1, 1, 1, 'Products', '', '2016-09-08 22:57:56', '2016-09-08 22:57:56', NULL, NULL, 0, 1, 0, 'VENTILADOR EBM 18W'),
(701, 1, 1, 1, 'Products', '', '2016-09-08 22:57:57', '2016-09-08 22:57:57', NULL, NULL, 0, 1, 0, 'CELOSIA CHICA PV-330'),
(702, 1, 1, 1, 'Products', '', '2016-09-08 22:57:57', '2016-09-08 22:57:57', NULL, NULL, 0, 1, 0, 'CELOSIA GRANDE PV-330'),
(703, 1, 1, 1, 'Products', '', '2016-09-08 22:57:57', '2016-09-08 22:57:57', NULL, NULL, 0, 1, 0, 'TAPA INF PV-330 IARP'),
(704, 1, 1, 1, 'Products', '', '2016-09-08 22:57:57', '2016-09-08 22:57:57', NULL, NULL, 0, 1, 0, 'TAPA SUP PV-330 IARP'),
(705, 1, 1, 1, 'SalesOrder', 'Testing', '2016-09-09 13:48:49', '2016-09-09 13:51:06', NULL, NULL, 0, 1, 1, 'Testing'),
(706, 1, 1, 1, 'SalesOrder', 'Testing', '2016-09-09 13:52:44', '2016-09-09 14:08:17', NULL, NULL, 0, 1, 1, 'Testing'),
(707, 1, 1, 1, 'SalesOrder', 'Testing', '2016-09-09 13:53:39', '2016-09-09 14:08:17', NULL, NULL, 0, 1, 1, 'Testing'),
(708, 1, 1, 1, 'SalesOrder', 'Testing', '2016-09-09 14:07:19', '2016-09-09 14:08:17', NULL, NULL, 0, 1, 1, 'Testing'),
(709, 1, 1, 1, 'SalesOrder', 'Testing', '2016-09-09 14:08:26', '2016-09-09 14:08:26', NULL, NULL, 0, 1, 0, 'Testing'),
(710, 1, 1, 1, 'SalesOrder', 'tester', '2016-09-09 14:40:59', '2016-09-09 14:40:59', NULL, NULL, 0, 1, 0, 'TEste'),
(711, 1, 1, 1, 'ModComments', NULL, '2016-10-01 13:22:20', '2016-10-01 13:22:20', NULL, NULL, 0, 1, 0, 'Este es un comentario desde el CRM'),
(712, 1, 1, 1, 'ModComments', NULL, '2016-10-01 13:22:39', '2016-10-01 13:22:39', NULL, NULL, 0, 1, 0, 'Otro comentario más'),
(713, 1, 1, 1, 'ModComments', NULL, '2016-10-01 13:22:53', '2016-10-01 13:22:53', NULL, NULL, 0, 1, 0, 'Comentario con respuesta'),
(714, 1, 1, 1, 'ModComments', NULL, '2016-10-01 14:35:04', '2016-10-01 14:35:04', NULL, NULL, 0, 1, 0, 'Tercera Respuesta\n'),
(715, 6, 6, 6, 'ModComments', NULL, '2016-10-01 14:41:48', '2016-10-01 14:41:48', NULL, NULL, 0, 1, 0, 'Prueba de otro usuario'),
(716, 6, 6, 6, 'ModComments', NULL, '2016-10-01 14:42:16', '2016-10-01 14:42:16', NULL, NULL, 0, 1, 0, 'Segunda respuesta'),
(717, 6, 6, 6, 'ModComments', NULL, '2016-10-01 14:42:27', '2016-10-01 14:42:27', NULL, NULL, 0, 1, 0, 'Cuarta respuesta'),
(718, 6, 6, 6, 'ModComments', NULL, '2016-10-01 14:42:38', '2016-10-01 14:42:38', NULL, NULL, 0, 1, 0, 'Comentario propio');

-- --------------------------------------------------------

--
-- Estructura de tabla para la tabla `vtiger_crmentityrel`
--

CREATE TABLE IF NOT EXISTS `vtiger_crmentityrel` (
  `crmid` int(11) NOT NULL,
  `module` varchar(100) NOT NULL,
  `relcrmid` int(11) NOT NULL,
  `relmodule` varchar(100) NOT NULL
) ENGINE=InnoDB DEFAULT CHARSET=latin1;

--
-- Volcado de datos para la tabla `vtiger_crmentityrel`
--

INSERT INTO `vtiger_crmentityrel` (`crmid`, `module`, `relcrmid`, `relmodule`) VALUES
(8, 'Products', 9, 'SalesOrder');

-- --------------------------------------------------------

--
-- Estructura de tabla para la tabla `vtiger_crmentity_seq`
--

CREATE TABLE IF NOT EXISTS `vtiger_crmentity_seq` (
  `id` int(11) NOT NULL
) ENGINE=InnoDB DEFAULT CHARSET=latin1;

--
-- Volcado de datos para la tabla `vtiger_crmentity_seq`
--

INSERT INTO `vtiger_crmentity_seq` (`id`) VALUES
(718);

-- --------------------------------------------------------

--
-- Estructura de tabla para la tabla `vtiger_crmsetup`
--

CREATE TABLE IF NOT EXISTS `vtiger_crmsetup` (
  `userid` int(11) DEFAULT NULL,
  `setup_status` int(2) DEFAULT NULL
) ENGINE=InnoDB DEFAULT CHARSET=latin1;

--
-- Volcado de datos para la tabla `vtiger_crmsetup`
--

INSERT INTO `vtiger_crmsetup` (`userid`, `setup_status`) VALUES
(1, 1),
(6, 1);

-- --------------------------------------------------------

--
-- Estructura de tabla para la tabla `vtiger_cron_task`
--

CREATE TABLE IF NOT EXISTS `vtiger_cron_task` (
`id` int(11) NOT NULL,
  `name` varchar(100) DEFAULT NULL,
  `handler_file` varchar(100) DEFAULT NULL,
  `frequency` int(11) DEFAULT NULL,
  `laststart` int(11) unsigned DEFAULT NULL,
  `lastend` int(11) unsigned DEFAULT NULL,
  `status` int(11) DEFAULT NULL,
  `module` varchar(100) DEFAULT NULL,
  `sequence` int(11) DEFAULT NULL,
  `description` text
) ENGINE=InnoDB AUTO_INCREMENT=8 DEFAULT CHARSET=utf8;

--
-- Volcado de datos para la tabla `vtiger_cron_task`
--

INSERT INTO `vtiger_cron_task` (`id`, `name`, `handler_file`, `frequency`, `laststart`, `lastend`, `status`, `module`, `sequence`, `description`) VALUES
(1, 'Workflow', 'cron/modules/com_vtiger_workflow/com_vtiger_workflow.service', 900, NULL, NULL, 1, 'com_vtiger_workflow', 1, 'Recommended frequency for Workflow is 15 mins'),
(2, 'RecurringInvoice', 'cron/modules/SalesOrder/RecurringInvoice.service', 43200, NULL, NULL, 1, 'SalesOrder', 2, 'Recommended frequency for RecurringInvoice is 12 hours'),
(3, 'SendReminder', 'cron/SendReminder.service', 900, NULL, NULL, 1, 'Calendar', 3, 'Recommended frequency for SendReminder is 15 mins'),
(5, 'MailScanner', 'cron/MailScanner.service', 900, NULL, NULL, 1, 'Settings', 5, 'Recommended frequency for MailScanner is 15 mins'),
(6, 'Scheduled Import', 'cron/modules/Import/ScheduledImport.service', 900, NULL, NULL, 0, 'Import', 6, 'Recommended frequency for MailScanner is 15 mins'),
(7, 'ScheduleReports', 'cron/modules/Reports/ScheduleReports.service', 900, NULL, NULL, 1, 'Reports', 7, 'Recommended frequency for ScheduleReports is 15 mins');

-- --------------------------------------------------------

--
-- Estructura de tabla para la tabla `vtiger_currencies`
--

CREATE TABLE IF NOT EXISTS `vtiger_currencies` (
`currencyid` int(19) NOT NULL,
  `currency_name` varchar(200) DEFAULT NULL,
  `currency_code` varchar(50) DEFAULT NULL,
  `currency_symbol` varchar(11) DEFAULT NULL
) ENGINE=InnoDB AUTO_INCREMENT=139 DEFAULT CHARSET=latin1;

--
-- Volcado de datos para la tabla `vtiger_currencies`
--

INSERT INTO `vtiger_currencies` (`currencyid`, `currency_name`, `currency_code`, `currency_symbol`) VALUES
(1, 'Albania, Leke', 'ALL', 'Lek'),
(2, 'Argentina, Pesos', 'ARS', '$'),
(3, 'Aruba, Guilders', 'AWG', 'ƒ'),
(4, 'Australia, Dollars', 'AUD', '$'),
(5, 'Azerbaijan, New Manats', 'AZN', '???'),
(6, 'Bahamas, Dollars', 'BSD', '$'),
(7, 'Bahrain, Dinar', 'BHD', 'BD'),
(8, 'Barbados, Dollars', 'BBD', '$'),
(9, 'Belarus, Rubles', 'BYR', 'p.'),
(10, 'Belize, Dollars', 'BZD', 'BZ$'),
(11, 'Bermuda, Dollars', 'BMD', '$'),
(12, 'Bolivia, Bolivianos', 'BOB', '$b'),
(13, 'China, Yuan Renminbi', 'CNY', '¥'),
(14, 'Convertible Marka', 'BAM', 'KM'),
(15, 'Botswana, Pulas', 'BWP', 'P'),
(16, 'Bulgaria, Leva', 'BGN', '??'),
(17, 'Brazil, Reais', 'BRL', 'R$'),
(18, 'Great Britain Pounds', 'GBP', '£'),
(19, 'Brunei Darussalam, Dollars', 'BND', '$'),
(20, 'Canada, Dollars', 'CAD', '$'),
(21, 'Cayman Islands, Dollars', 'KYD', '$'),
(22, 'Chile, Pesos', 'CLP', '$'),
(23, 'Colombia, Pesos', 'COP', '$'),
(24, 'Costa Rica, Colón', 'CRC', '?'),
(25, 'Croatia, Kuna', 'HRK', 'kn'),
(26, 'Cuba, Pesos', 'CUP', '?'),
(27, 'Czech Republic, Koruny', 'CZK', 'K?'),
(28, 'Cyprus, Pounds', 'CYP', '£'),
(29, 'Denmark, Kroner', 'DKK', 'kr'),
(30, 'Dominican Republic, Pesos', 'DOP', 'RD$'),
(31, 'East Caribbean, Dollars', 'XCD', '$'),
(32, 'Egypt, Pounds', 'EGP', '£'),
(33, 'El Salvador, Colón', 'SVC', '?'),
(34, 'England, Pounds', 'GBP', '£'),
(35, 'Estonia, Krooni', 'EEK', 'kr'),
(36, 'Euro', 'EUR', '€'),
(37, 'Falkland Islands, Pounds', 'FKP', '£'),
(38, 'Fiji, Dollars', 'FJD', '$'),
(39, 'Ghana, Cedis', 'GHC', '¢'),
(40, 'Gibraltar, Pounds', 'GIP', '£'),
(41, 'Guatemala, Quetzales', 'GTQ', 'Q'),
(42, 'Guernsey, Pounds', 'GGP', '£'),
(43, 'Guyana, Dollars', 'GYD', '$'),
(44, 'Honduras, Lempiras', 'HNL', 'L'),
(45, 'Hong Kong, Dollars', 'HKD', 'HK$'),
(46, 'Hungary, Forint', 'HUF', 'Ft'),
(47, 'Iceland, Krona', 'ISK', 'kr'),
(48, 'India, Rupees', 'INR', '?'),
(49, 'Indonesia, Rupiahs', 'IDR', 'Rp'),
(50, 'Iran, Rials', 'IRR', '?'),
(51, 'Isle of Man, Pounds', 'IMP', '£'),
(52, 'Israel, New Shekels', 'ILS', '?'),
(53, 'Jamaica, Dollars', 'JMD', 'J$'),
(54, 'Japan, Yen', 'JPY', '¥'),
(55, 'Jersey, Pounds', 'JEP', '£'),
(56, 'Jordan, Dinar', 'JOD', 'JOD'),
(57, 'Kazakhstan, Tenge', 'KZT', '?'),
(58, 'Kenya, Shilling', 'KES', 'KES'),
(59, 'Korea (North), Won', 'KPW', '?'),
(60, 'Korea (South), Won', 'KRW', '?'),
(61, 'Kuwait, Dinar', 'KWD', 'KWD'),
(62, 'Kyrgyzstan, Soms', 'KGS', '??'),
(63, 'Laos, Kips', 'LAK', '?'),
(64, 'Latvia, Lati', 'LVL', 'Ls'),
(65, 'Lebanon, Pounds', 'LBP', '£'),
(66, 'Liberia, Dollars', 'LRD', '$'),
(67, 'Switzerland Francs', 'CHF', 'CHF'),
(68, 'Lithuania, Litai', 'LTL', 'Lt'),
(69, 'MADAGASCAR, Malagasy Ariary', 'MGA', 'MGA'),
(70, 'Macedonia, Denars', 'MKD', '???'),
(71, 'Malaysia, Ringgits', 'MYR', 'RM'),
(72, 'Malta, Liri', 'MTL', '?'),
(73, 'Mauritius, Rupees', 'MUR', '?'),
(74, 'Mexico, Pesos', 'MXN', '$'),
(75, 'Mongolia, Tugriks', 'MNT', '?'),
(76, 'Mozambique, Meticais', 'MZN', 'MT'),
(77, 'Namibia, Dollars', 'NAD', '$'),
(78, 'Nepal, Rupees', 'NPR', '?'),
(79, 'Netherlands Antilles, Guilders', 'ANG', 'ƒ'),
(80, 'New Zealand, Dollars', 'NZD', '$'),
(81, 'Nicaragua, Cordobas', 'NIO', 'C$'),
(82, 'Nigeria, Nairas', 'NGN', '?'),
(83, 'North Korea, Won', 'KPW', '?'),
(84, 'Norway, Krone', 'NOK', 'kr'),
(85, 'Oman, Rials', 'OMR', '?'),
(86, 'Pakistan, Rupees', 'PKR', '?'),
(87, 'Panama, Balboa', 'PAB', 'B/.'),
(88, 'Paraguay, Guarani', 'PYG', 'Gs'),
(89, 'Peru, Nuevos Soles', 'PEN', 'S/.'),
(90, 'Philippines, Pesos', 'PHP', 'Php'),
(91, 'Poland, Zlotych', 'PLN', 'z?'),
(92, 'Qatar, Rials', 'QAR', '?'),
(93, 'Romania, New Lei', 'RON', 'lei'),
(94, 'Russia, Rubles', 'RUB', '???'),
(95, 'Saint Helena, Pounds', 'SHP', '£'),
(96, 'Saudi Arabia, Riyals', 'SAR', '?'),
(97, 'Serbia, Dinars', 'RSD', '???.'),
(98, 'Seychelles, Rupees', 'SCR', '?'),
(99, 'Singapore, Dollars', 'SGD', '$'),
(100, 'Solomon Islands, Dollars', 'SBD', '$'),
(101, 'Somalia, Shillings', 'SOS', 'S'),
(102, 'South Africa, Rand', 'ZAR', 'R'),
(103, 'South Korea, Won', 'KRW', '?'),
(104, 'Sri Lanka, Rupees', 'LKR', '?'),
(105, 'Sweden, Kronor', 'SEK', 'kr'),
(106, 'Switzerland, Francs', 'CHF', 'CHF'),
(107, 'Suriname, Dollars', 'SRD', '$'),
(108, 'Syria, Pounds', 'SYP', '£'),
(109, 'Taiwan, New Dollars', 'TWD', 'NT$'),
(110, 'Thailand, Baht', 'THB', '?'),
(111, 'Trinidad and Tobago, Dollars', 'TTD', 'TT$'),
(112, 'Turkey, New Lira', 'TRY', 'YTL'),
(113, 'Turkey, Liras', 'TRL', '?'),
(114, 'Tuvalu, Dollars', 'TVD', '$'),
(115, 'Ukraine, Hryvnia', 'UAH', '?'),
(116, 'United Arab Emirates, Dirham', 'AED', 'AED'),
(117, 'United Kingdom, Pounds', 'GBP', '£'),
(118, 'United Republic of Tanzania, Shilling', 'TZS', 'TZS'),
(119, 'USA, Dollars', 'USD', '$'),
(120, 'Uruguay, Pesos', 'UYU', '$U'),
(121, 'Uzbekistan, Sums', 'UZS', '??'),
(122, 'Venezuela, Bolivares Fuertes', 'VEF', 'Bs'),
(123, 'Vietnam, Dong', 'VND', '?'),
(124, 'Zambia, Kwacha', 'ZMK', 'ZMK'),
(125, 'Yemen, Rials', 'YER', '?'),
(126, 'Zimbabwe Dollars', 'ZWD', 'Z$'),
(127, 'Malawi, Kwacha', 'MWK', 'MK'),
(128, 'Tunisian, Dinar', 'TD', 'TD'),
(129, 'Moroccan, Dirham', 'MAD', 'DH'),
(130, 'Iraqi Dinar', 'IQD', 'ID'),
(131, 'Maldivian Ruffiya', 'MVR', 'MVR'),
(132, 'Ugandan Shilling', 'UGX', 'Sh'),
(133, 'Sudanese Pound', 'SDG', '£'),
(134, 'CFA Franc BCEAO', 'XOF', 'CFA'),
(135, 'CFA Franc BEAC', 'XAF', 'CFA'),
(136, 'Haiti, Gourde', 'HTG', 'G'),
(137, 'Libya, Dinar', 'LYD', 'LYD'),
(138, 'CFP Franc', 'XPF', 'F');

-- --------------------------------------------------------

--
-- Estructura de tabla para la tabla `vtiger_currencies_seq`
--

CREATE TABLE IF NOT EXISTS `vtiger_currencies_seq` (
  `id` int(11) NOT NULL
) ENGINE=InnoDB DEFAULT CHARSET=latin1;

--
-- Volcado de datos para la tabla `vtiger_currencies_seq`
--

INSERT INTO `vtiger_currencies_seq` (`id`) VALUES
(138);

-- --------------------------------------------------------

--
-- Estructura de tabla para la tabla `vtiger_currency`
--

CREATE TABLE IF NOT EXISTS `vtiger_currency` (
`currencyid` int(19) NOT NULL,
  `currency` varchar(200) NOT NULL,
  `sortorderid` int(19) NOT NULL DEFAULT '0',
  `presence` int(1) NOT NULL DEFAULT '1'
) ENGINE=InnoDB DEFAULT CHARSET=latin1;

-- --------------------------------------------------------

--
-- Estructura de tabla para la tabla `vtiger_currency_decimal_separator`
--

CREATE TABLE IF NOT EXISTS `vtiger_currency_decimal_separator` (
`currency_decimal_separatorid` int(19) NOT NULL,
  `currency_decimal_separator` varchar(2) NOT NULL,
  `sortorderid` int(19) NOT NULL DEFAULT '0',
  `presence` int(1) NOT NULL DEFAULT '1'
) ENGINE=InnoDB AUTO_INCREMENT=6 DEFAULT CHARSET=latin1;

--
-- Volcado de datos para la tabla `vtiger_currency_decimal_separator`
--

INSERT INTO `vtiger_currency_decimal_separator` (`currency_decimal_separatorid`, `currency_decimal_separator`, `sortorderid`, `presence`) VALUES
(1, '.', 0, 1),
(2, ',', 1, 1),
(3, '''', 2, 1),
(4, ' ', 3, 1),
(5, '$', 4, 1);

-- --------------------------------------------------------

--
-- Estructura de tabla para la tabla `vtiger_currency_decimal_separator_seq`
--

CREATE TABLE IF NOT EXISTS `vtiger_currency_decimal_separator_seq` (
  `id` int(11) NOT NULL
) ENGINE=InnoDB DEFAULT CHARSET=latin1;

--
-- Volcado de datos para la tabla `vtiger_currency_decimal_separator_seq`
--

INSERT INTO `vtiger_currency_decimal_separator_seq` (`id`) VALUES
(5);

-- --------------------------------------------------------

--
-- Estructura de tabla para la tabla `vtiger_currency_grouping_pattern`
--

CREATE TABLE IF NOT EXISTS `vtiger_currency_grouping_pattern` (
`currency_grouping_patternid` int(19) NOT NULL,
  `currency_grouping_pattern` varchar(200) NOT NULL,
  `sortorderid` int(19) NOT NULL DEFAULT '0',
  `presence` int(1) NOT NULL DEFAULT '1'
) ENGINE=InnoDB AUTO_INCREMENT=5 DEFAULT CHARSET=latin1;

--
-- Volcado de datos para la tabla `vtiger_currency_grouping_pattern`
--

INSERT INTO `vtiger_currency_grouping_pattern` (`currency_grouping_patternid`, `currency_grouping_pattern`, `sortorderid`, `presence`) VALUES
(1, '123,456,789', 0, 1),
(2, '123456789', 1, 1),
(3, '123456,789', 2, 1),
(4, '12,34,56,789', 3, 1);

-- --------------------------------------------------------

--
-- Estructura de tabla para la tabla `vtiger_currency_grouping_pattern_seq`
--

CREATE TABLE IF NOT EXISTS `vtiger_currency_grouping_pattern_seq` (
  `id` int(11) NOT NULL
) ENGINE=InnoDB DEFAULT CHARSET=latin1;

--
-- Volcado de datos para la tabla `vtiger_currency_grouping_pattern_seq`
--

INSERT INTO `vtiger_currency_grouping_pattern_seq` (`id`) VALUES
(4);

-- --------------------------------------------------------

--
-- Estructura de tabla para la tabla `vtiger_currency_grouping_separator`
--

CREATE TABLE IF NOT EXISTS `vtiger_currency_grouping_separator` (
`currency_grouping_separatorid` int(19) NOT NULL,
  `currency_grouping_separator` varchar(2) NOT NULL,
  `sortorderid` int(19) NOT NULL DEFAULT '0',
  `presence` int(1) NOT NULL DEFAULT '1'
) ENGINE=InnoDB AUTO_INCREMENT=6 DEFAULT CHARSET=latin1;

--
-- Volcado de datos para la tabla `vtiger_currency_grouping_separator`
--

INSERT INTO `vtiger_currency_grouping_separator` (`currency_grouping_separatorid`, `currency_grouping_separator`, `sortorderid`, `presence`) VALUES
(1, '.', 0, 1),
(2, ',', 1, 1),
(3, '''', 2, 1),
(4, ' ', 3, 1),
(5, '$', 4, 1);

-- --------------------------------------------------------

--
-- Estructura de tabla para la tabla `vtiger_currency_grouping_separator_seq`
--

CREATE TABLE IF NOT EXISTS `vtiger_currency_grouping_separator_seq` (
  `id` int(11) NOT NULL
) ENGINE=InnoDB DEFAULT CHARSET=latin1;

--
-- Volcado de datos para la tabla `vtiger_currency_grouping_separator_seq`
--

INSERT INTO `vtiger_currency_grouping_separator_seq` (`id`) VALUES
(5);

-- --------------------------------------------------------

--
-- Estructura de tabla para la tabla `vtiger_currency_info`
--

CREATE TABLE IF NOT EXISTS `vtiger_currency_info` (
`id` int(11) NOT NULL,
  `currency_name` varchar(100) DEFAULT NULL,
  `currency_code` varchar(100) DEFAULT NULL,
  `currency_symbol` varchar(30) DEFAULT NULL,
  `conversion_rate` decimal(12,5) DEFAULT NULL,
  `currency_status` varchar(25) DEFAULT NULL,
  `defaultid` varchar(10) NOT NULL DEFAULT '0',
  `deleted` int(1) NOT NULL DEFAULT '0'
) ENGINE=InnoDB AUTO_INCREMENT=2 DEFAULT CHARSET=latin1;

--
-- Volcado de datos para la tabla `vtiger_currency_info`
--

INSERT INTO `vtiger_currency_info` (`id`, `currency_name`, `currency_code`, `currency_symbol`, `conversion_rate`, `currency_status`, `defaultid`, `deleted`) VALUES
(1, 'Colombia, Pesos', 'COP', '$', 1.00000, 'Active', '-11', 0);

-- --------------------------------------------------------

--
-- Estructura de tabla para la tabla `vtiger_currency_info_seq`
--

CREATE TABLE IF NOT EXISTS `vtiger_currency_info_seq` (
  `id` int(11) NOT NULL
) ENGINE=InnoDB DEFAULT CHARSET=latin1;

--
-- Volcado de datos para la tabla `vtiger_currency_info_seq`
--

INSERT INTO `vtiger_currency_info_seq` (`id`) VALUES
(1);

-- --------------------------------------------------------

--
-- Estructura de tabla para la tabla `vtiger_currency_symbol_placement`
--

CREATE TABLE IF NOT EXISTS `vtiger_currency_symbol_placement` (
`currency_symbol_placementid` int(19) NOT NULL,
  `currency_symbol_placement` varchar(30) NOT NULL,
  `sortorderid` int(19) NOT NULL DEFAULT '0',
  `presence` int(1) NOT NULL DEFAULT '1'
) ENGINE=InnoDB AUTO_INCREMENT=3 DEFAULT CHARSET=latin1;

--
-- Volcado de datos para la tabla `vtiger_currency_symbol_placement`
--

INSERT INTO `vtiger_currency_symbol_placement` (`currency_symbol_placementid`, `currency_symbol_placement`, `sortorderid`, `presence`) VALUES
(1, '$1.0', 0, 1),
(2, '1.0$', 1, 1);

-- --------------------------------------------------------

--
-- Estructura de tabla para la tabla `vtiger_currency_symbol_placement_seq`
--

CREATE TABLE IF NOT EXISTS `vtiger_currency_symbol_placement_seq` (
  `id` int(11) NOT NULL
) ENGINE=InnoDB DEFAULT CHARSET=latin1;

--
-- Volcado de datos para la tabla `vtiger_currency_symbol_placement_seq`
--

INSERT INTO `vtiger_currency_symbol_placement_seq` (`id`) VALUES
(2);

-- --------------------------------------------------------

--
-- Estructura de tabla para la tabla `vtiger_customaction`
--

CREATE TABLE IF NOT EXISTS `vtiger_customaction` (
  `cvid` int(19) NOT NULL,
  `subject` varchar(250) NOT NULL,
  `module` varchar(50) NOT NULL,
  `content` text
) ENGINE=InnoDB DEFAULT CHARSET=latin1;

-- --------------------------------------------------------

--
-- Estructura de tabla para la tabla `vtiger_customerdetails`
--

CREATE TABLE IF NOT EXISTS `vtiger_customerdetails` (
  `customerid` int(19) NOT NULL,
  `portal` varchar(3) DEFAULT NULL,
  `support_start_date` date DEFAULT NULL,
  `support_end_date` date DEFAULT NULL
) ENGINE=InnoDB DEFAULT CHARSET=latin1;

--
-- Volcado de datos para la tabla `vtiger_customerdetails`
--

INSERT INTO `vtiger_customerdetails` (`customerid`, `portal`, `support_start_date`, `support_end_date`) VALUES
(2, '0', NULL, NULL),
(3, '0', NULL, NULL),
(4, '1', '2016-08-24', '2017-08-25'),
(5, '1', '2016-09-04', '2017-09-04'),
(7, '1', '2016-09-04', '2017-09-04');

-- --------------------------------------------------------

--
-- Estructura de tabla para la tabla `vtiger_customerportal_fields`
--

CREATE TABLE IF NOT EXISTS `vtiger_customerportal_fields` (
  `tabid` int(19) NOT NULL,
  `fieldid` int(19) DEFAULT NULL,
  `visible` int(1) DEFAULT NULL
) ENGINE=InnoDB DEFAULT CHARSET=utf8;

-- --------------------------------------------------------

--
-- Estructura de tabla para la tabla `vtiger_customerportal_prefs`
--

CREATE TABLE IF NOT EXISTS `vtiger_customerportal_prefs` (
  `tabid` int(19) NOT NULL,
  `prefkey` varchar(100) NOT NULL,
  `prefvalue` int(20) DEFAULT NULL
) ENGINE=InnoDB DEFAULT CHARSET=latin1;

--
-- Volcado de datos para la tabla `vtiger_customerportal_prefs`
--

INSERT INTO `vtiger_customerportal_prefs` (`tabid`, `prefkey`, `prefvalue`) VALUES
(0, 'defaultassignee', 1),
(0, 'userid', 1),
(4, 'showrelatedinfo', 1),
(6, 'showrelatedinfo', 1),
(8, 'showrelatedinfo', 1),
(13, 'showrelatedinfo', 1),
(14, 'showrelatedinfo', 1),
(15, 'showrelatedinfo', 1),
(20, 'showrelatedinfo', 1),
(22, 'showrelatedinfo', 1),
(23, 'showrelatedinfo', 1),
(31, 'showrelatedinfo', 1),
(38, 'showrelatedinfo', 1),
(39, 'showrelatedinfo', 1),
(40, 'showrelatedinfo', 1),
(42, 'showrelatedinfo', 1);

-- --------------------------------------------------------

--
-- Estructura de tabla para la tabla `vtiger_customerportal_tabs`
--

CREATE TABLE IF NOT EXISTS `vtiger_customerportal_tabs` (
  `tabid` int(19) NOT NULL,
  `visible` int(1) DEFAULT '1',
  `sequence` int(1) DEFAULT NULL
) ENGINE=InnoDB DEFAULT CHARSET=latin1;

--
-- Volcado de datos para la tabla `vtiger_customerportal_tabs`
--

INSERT INTO `vtiger_customerportal_tabs` (`tabid`, `visible`, `sequence`) VALUES
(4, 1, 9),
(6, 1, 10),
(8, 1, 8),
(13, 1, 2),
(14, 1, 6),
(15, 1, 3),
(20, 1, 5),
(22, 1, 1),
(23, 1, 4),
(31, 1, 7),
(38, 1, 13),
(39, 1, 12),
(40, 1, 11),
(42, 1, 14);

-- --------------------------------------------------------

--
-- Estructura de tabla para la tabla `vtiger_customview`
--

CREATE TABLE IF NOT EXISTS `vtiger_customview` (
  `cvid` int(19) NOT NULL,
  `viewname` varchar(100) NOT NULL,
  `setdefault` int(1) DEFAULT '0',
  `setmetrics` int(1) DEFAULT '0',
  `entitytype` varchar(25) NOT NULL,
  `status` int(1) DEFAULT '1',
  `userid` int(19) DEFAULT '1'
) ENGINE=InnoDB DEFAULT CHARSET=latin1;

--
-- Volcado de datos para la tabla `vtiger_customview`
--

INSERT INTO `vtiger_customview` (`cvid`, `viewname`, `setdefault`, `setmetrics`, `entitytype`, `status`, `userid`) VALUES
(1, 'All', 1, 0, 'Leads', 0, 1),
(2, 'Hot Leads', 0, 1, 'Leads', 3, 1),
(3, 'This Month Leads', 0, 0, 'Leads', 3, 1),
(4, 'All', 1, 0, 'Accounts', 0, 1),
(5, 'Prospect Accounts', 0, 1, 'Accounts', 3, 1),
(6, 'New This Week', 0, 0, 'Accounts', 3, 1),
(7, 'All', 1, 0, 'Contacts', 0, 1),
(8, 'Contacts Address', 0, 0, 'Contacts', 3, 1),
(9, 'Todays Birthday', 0, 0, 'Contacts', 3, 1),
(10, 'All', 1, 0, 'Potentials', 0, 1),
(11, 'Potentials Won', 0, 1, 'Potentials', 3, 1),
(12, 'Prospecting', 0, 0, 'Potentials', 3, 1),
(13, 'All', 1, 0, 'HelpDesk', 0, 1),
(14, 'Open Tickets', 0, 1, 'HelpDesk', 3, 1),
(15, 'High Prioriy Tickets', 0, 0, 'HelpDesk', 3, 1),
(16, 'All', 1, 0, 'Quotes', 0, 1),
(17, 'Open Quotes', 0, 1, 'Quotes', 3, 1),
(18, 'Rejected Quotes', 0, 0, 'Quotes', 3, 1),
(19, 'All', 1, 0, 'Calendar', 0, 1),
(20, 'All', 1, 0, 'Emails', 0, 1),
(21, 'All', 1, 0, 'Invoice', 0, 1),
(22, 'All', 1, 0, 'Documents', 0, 1),
(23, 'All', 1, 0, 'PriceBooks', 0, 1),
(24, 'All', 1, 0, 'Products', 0, 1),
(25, 'All', 1, 0, 'PurchaseOrder', 0, 1),
(26, 'All', 1, 0, 'SalesOrder', 0, 1),
(27, 'All', 1, 0, 'Vendors', 0, 1),
(28, 'All', 1, 0, 'Faq', 0, 1),
(29, 'All', 1, 0, 'Campaigns', 0, 1),
(30, 'All', 1, 0, 'Webmails', 0, 1),
(31, 'Drafted FAQ', 0, 0, 'Faq', 3, 1),
(32, 'Published FAQ', 0, 0, 'Faq', 3, 1),
(33, 'Open Purchase Orders', 0, 0, 'PurchaseOrder', 3, 1),
(34, 'Received Purchase Orders', 0, 0, 'PurchaseOrder', 3, 1),
(35, 'Open Invoices', 0, 0, 'Invoice', 3, 1),
(36, 'Paid Invoices', 0, 0, 'Invoice', 3, 1),
(37, 'Pending Sales Orders', 0, 0, 'SalesOrder', 3, 1),
(38, 'All', 1, 0, 'ServiceContracts', 0, 1),
(39, 'All', 1, 0, 'Services', 0, 1),
(40, 'All', 1, 0, 'PBXManager', 0, 1),
(44, 'All', 1, 0, 'Assets', 0, 1),
(45, 'All', 0, 0, 'ModComments', 0, 1),
(46, 'All', 0, 0, 'SMSNotifier', 0, 1),
(47, 'All', 1, 0, 'ProjectMilestone', 0, 1),
(48, 'All', 1, 0, 'ProjectTask', 0, 1),
(49, 'All', 1, 0, 'Project', 0, 1);

-- --------------------------------------------------------

--
-- Estructura de tabla para la tabla `vtiger_customview_seq`
--

CREATE TABLE IF NOT EXISTS `vtiger_customview_seq` (
  `id` int(11) NOT NULL
) ENGINE=InnoDB DEFAULT CHARSET=latin1;

--
-- Volcado de datos para la tabla `vtiger_customview_seq`
--

INSERT INTO `vtiger_customview_seq` (`id`) VALUES
(49);

-- --------------------------------------------------------

--
-- Estructura de tabla para la tabla `vtiger_cvadvfilter`
--

CREATE TABLE IF NOT EXISTS `vtiger_cvadvfilter` (
  `cvid` int(19) NOT NULL,
  `columnindex` int(11) NOT NULL,
  `columnname` varchar(250) DEFAULT '',
  `comparator` varchar(20) DEFAULT NULL,
  `value` varchar(512) DEFAULT NULL,
  `groupid` int(11) DEFAULT '1',
  `column_condition` varchar(255) DEFAULT 'and'
) ENGINE=InnoDB DEFAULT CHARSET=latin1;

--
-- Volcado de datos para la tabla `vtiger_cvadvfilter`
--

INSERT INTO `vtiger_cvadvfilter` (`cvid`, `columnindex`, `columnname`, `comparator`, `value`, `groupid`, `column_condition`) VALUES
(2, 0, 'vtiger_leaddetails:leadstatus:leadstatus:Leads_Lead_Status:V', 'e', 'Hot', 1, 'and'),
(5, 0, 'vtiger_account:account_type:accounttype:Accounts_Type:V', 'e', 'Prospect', 1, 'and'),
(11, 0, 'vtiger_potential:sales_stage:sales_stage:Potentials_Sales_Stage:V', 'e', 'Closed Won', 1, 'and'),
(12, 0, 'vtiger_potential:sales_stage:sales_stage:Potentials_Sales_Stage:V', 'e', 'Prospecting', 1, 'and'),
(14, 0, 'vtiger_troubletickets:status:ticketstatus:HelpDesk_Status:V', 'n', 'Closed', 1, 'and'),
(15, 0, 'vtiger_troubletickets:priority:ticketpriorities:HelpDesk_Priority:V', 'e', 'High', 1, 'and'),
(17, 0, 'vtiger_quotes:quotestage:quotestage:Quotes_Quote_Stage:V', 'n', 'Accepted', 1, 'and'),
(17, 1, 'vtiger_quotes:quotestage:quotestage:Quotes_Quote_Stage:V', 'n', 'Rejected', 1, 'and'),
(18, 0, 'vtiger_quotes:quotestage:quotestage:Quotes_Quote_Stage:V', 'e', 'Rejected', 1, 'and'),
(31, 0, 'vtiger_faq:status:faqstatus:Faq_Status:V', 'e', 'Draft', 1, 'and'),
(32, 0, 'vtiger_faq:status:faqstatus:Faq_Status:V', 'e', 'Published', 1, 'and'),
(33, 0, 'vtiger_purchaseorder:postatus:postatus:PurchaseOrder_Status:V', 'e', 'Created, Approved, Delivered', 1, 'and'),
(34, 0, 'vtiger_purchaseorder:postatus:postatus:PurchaseOrder_Status:V', 'e', 'Received Shipment', 1, 'and'),
(35, 0, 'vtiger_invoice:invoicestatus:invoicestatus:Invoice_Status:V', 'e', 'Created, Approved, Sent', 1, 'and'),
(36, 0, 'vtiger_invoice:invoicestatus:invoicestatus:Invoice_Status:V', 'e', 'Paid', 1, 'and'),
(37, 0, 'vtiger_salesorder:sostatus:sostatus:SalesOrder_Status:V', 'e', 'Created, Approved', 1, 'and');

-- --------------------------------------------------------

--
-- Estructura de tabla para la tabla `vtiger_cvadvfilter_grouping`
--

CREATE TABLE IF NOT EXISTS `vtiger_cvadvfilter_grouping` (
  `groupid` int(11) NOT NULL,
  `cvid` int(19) NOT NULL,
  `group_condition` varchar(255) DEFAULT NULL,
  `condition_expression` text
) ENGINE=InnoDB DEFAULT CHARSET=latin1;

--
-- Volcado de datos para la tabla `vtiger_cvadvfilter_grouping`
--

INSERT INTO `vtiger_cvadvfilter_grouping` (`groupid`, `cvid`, `group_condition`, `condition_expression`) VALUES
(1, 2, '', ''),
(1, 5, '', ''),
(1, 11, '', ''),
(1, 12, '', ''),
(1, 14, '', ''),
(1, 15, '', ''),
(1, 17, '', ''),
(1, 18, '', ''),
(1, 31, '', ''),
(1, 32, '', ''),
(1, 33, '', ''),
(1, 34, '', ''),
(1, 35, '', ''),
(1, 36, '', ''),
(1, 37, '', '');

-- --------------------------------------------------------

--
-- Estructura de tabla para la tabla `vtiger_cvcolumnlist`
--

CREATE TABLE IF NOT EXISTS `vtiger_cvcolumnlist` (
  `cvid` int(19) NOT NULL,
  `columnindex` int(11) NOT NULL,
  `columnname` varchar(250) DEFAULT ''
) ENGINE=InnoDB DEFAULT CHARSET=latin1;

--
-- Volcado de datos para la tabla `vtiger_cvcolumnlist`
--

INSERT INTO `vtiger_cvcolumnlist` (`cvid`, `columnindex`, `columnname`) VALUES
(1, 1, 'vtiger_leaddetails:firstname:firstname:Leads_First_Name:V'),
(1, 2, 'vtiger_leaddetails:lastname:lastname:Leads_Last_Name:V'),
(1, 3, 'vtiger_leaddetails:company:company:Leads_Company:V'),
(1, 4, 'vtiger_leadaddress:phone:phone:Leads_Phone:V'),
(1, 5, 'vtiger_leadsubdetails:website:website:Leads_Website:V'),
(1, 6, 'vtiger_leaddetails:email:email:Leads_Email:V'),
(1, 7, 'vtiger_crmentity:smownerid:assigned_user_id:Leads_Assigned_To:V'),
(2, 0, 'vtiger_leaddetails:firstname:firstname:Leads_First_Name:V'),
(2, 1, 'vtiger_leaddetails:lastname:lastname:Leads_Last_Name:V'),
(2, 2, 'vtiger_leaddetails:company:company:Leads_Company:V'),
(2, 3, 'vtiger_leaddetails:leadsource:leadsource:Leads_Lead_Source:V'),
(2, 4, 'vtiger_leadsubdetails:website:website:Leads_Website:V'),
(2, 5, 'vtiger_leaddetails:email:email:Leads_Email:V'),
(3, 0, 'vtiger_leaddetails:firstname:firstname:Leads_First_Name:V'),
(3, 1, 'vtiger_leaddetails:lastname:lastname:Leads_Last_Name:V'),
(3, 2, 'vtiger_leaddetails:company:company:Leads_Company:V'),
(3, 3, 'vtiger_leaddetails:leadsource:leadsource:Leads_Lead_Source:V'),
(3, 4, 'vtiger_leadsubdetails:website:website:Leads_Website:V'),
(3, 5, 'vtiger_leaddetails:email:email:Leads_Email:V'),
(4, 1, 'vtiger_account:accountname:accountname:Accounts_Account_Name:V'),
(4, 2, 'vtiger_accountbillads:bill_city:bill_city:Accounts_City:V'),
(4, 3, 'vtiger_account:website:website:Accounts_Website:V'),
(4, 4, 'vtiger_account:phone:phone:Accounts_Phone:V'),
(4, 5, 'vtiger_crmentity:smownerid:assigned_user_id:Accounts_Assigned_To:V'),
(5, 0, 'vtiger_account:accountname:accountname:Accounts_Account_Name:V'),
(5, 1, 'vtiger_account:phone:phone:Accounts_Phone:V'),
(5, 2, 'vtiger_account:website:website:Accounts_Website:V'),
(5, 3, 'vtiger_account:rating:rating:Accounts_Rating:V'),
(5, 4, 'vtiger_crmentity:smownerid:assigned_user_id:Accounts_Assigned_To:V'),
(6, 0, 'vtiger_account:accountname:accountname:Accounts_Account_Name:V'),
(6, 1, 'vtiger_account:phone:phone:Accounts_Phone:V'),
(6, 2, 'vtiger_account:website:website:Accounts_Website:V'),
(6, 3, 'vtiger_accountbillads:bill_city:bill_city:Accounts_City:V'),
(6, 4, 'vtiger_crmentity:smownerid:assigned_user_id:Accounts_Assigned_To:V'),
(7, 1, 'vtiger_contactdetails:firstname:firstname:Contacts_First_Name:V'),
(7, 2, 'vtiger_contactdetails:lastname:lastname:Contacts_Last_Name:V'),
(7, 3, 'vtiger_contactdetails:title:title:Contacts_Title:V'),
(7, 4, 'vtiger_contactdetails:accountid:account_id:Contacts_Account_Name:V'),
(7, 5, 'vtiger_contactdetails:email:email:Contacts_Email:V'),
(7, 6, 'vtiger_contactdetails:phone:phone:Contacts_Office_Phone:V'),
(7, 7, 'vtiger_crmentity:smownerid:assigned_user_id:Contacts_Assigned_To:V'),
(8, 0, 'vtiger_contactdetails:firstname:firstname:Contacts_First_Name:V'),
(8, 1, 'vtiger_contactdetails:lastname:lastname:Contacts_Last_Name:V'),
(8, 2, 'vtiger_contactaddress:mailingstreet:mailingstreet:Contacts_Mailing_Street:V'),
(8, 3, 'vtiger_contactaddress:mailingcity:mailingcity:Contacts_Mailing_City:V'),
(8, 4, 'vtiger_contactaddress:mailingstate:mailingstate:Contacts_Mailing_State:V'),
(8, 5, 'vtiger_contactaddress:mailingzip:mailingzip:Contacts_Mailing_Zip:V'),
(8, 6, 'vtiger_contactaddress:mailingcountry:mailingcountry:Contacts_Mailing_Country:V'),
(9, 0, 'vtiger_contactdetails:firstname:firstname:Contacts_First_Name:V'),
(9, 1, 'vtiger_contactdetails:lastname:lastname:Contacts_Last_Name:V'),
(9, 2, 'vtiger_contactdetails:title:title:Contacts_Title:V'),
(9, 3, 'vtiger_contactdetails:accountid:account_id:Contacts_Account_Name:V'),
(9, 4, 'vtiger_contactdetails:email:email:Contacts_Email:V'),
(9, 5, 'vtiger_contactsubdetails:otherphone:otherphone:Contacts_Other_Phone:V'),
(9, 6, 'vtiger_crmentity:smownerid:assigned_user_id:Contacts_Assigned_To:V'),
(10, 1, 'vtiger_potential:potentialname:potentialname:Potentials_Potential_Name:V'),
(10, 2, 'vtiger_potential:related_to:related_to:Potentials_Related_To:V'),
(10, 3, 'vtiger_potential:sales_stage:sales_stage:Potentials_Sales_Stage:V'),
(10, 4, 'vtiger_potential:leadsource:leadsource:Potentials_Lead_Source:V'),
(10, 5, 'vtiger_potential:closingdate:closingdate:Potentials_Expected_Close_Date:D'),
(10, 6, 'vtiger_potential:amount:amount:Potentials_Amount:N'),
(10, 7, 'vtiger_crmentity:smownerid:assigned_user_id:Potentials_Assigned_To:V'),
(10, 8, 'vtiger_potential:contact_id:contact_id:Potentials_Contact_Name:V'),
(11, 0, 'vtiger_potential:potentialname:potentialname:Potentials_Potential_Name:V'),
(11, 1, 'vtiger_potential:related_to:related_to:Potentials_Related_To:V'),
(11, 2, 'vtiger_potential:amount:amount:Potentials_Amount:N'),
(11, 3, 'vtiger_potential:closingdate:closingdate:Potentials_Expected_Close_Date:D'),
(11, 4, 'vtiger_crmentity:smownerid:assigned_user_id:Potentials_Assigned_To:V'),
(11, 5, 'vtiger_potential:contact_id:contact_id:Potentials_Contact_Name:V'),
(12, 0, 'vtiger_potential:potentialname:potentialname:Potentials_Potential_Name:V'),
(12, 1, 'vtiger_potential:related_to:related_to:Potentials_Related_To:V'),
(12, 2, 'vtiger_potential:amount:amount:Potentials_Amount:N'),
(12, 3, 'vtiger_potential:leadsource:leadsource:Potentials_Lead_Source:V'),
(12, 4, 'vtiger_potential:closingdate:closingdate:Potentials_Expected_Close_Date:D'),
(12, 5, 'vtiger_crmentity:smownerid:assigned_user_id:Potentials_Assigned_To:V'),
(12, 6, 'vtiger_potential:contact_id:contact_id:Potentials_Contact_Name:V'),
(13, 1, 'vtiger_troubletickets:title:ticket_title:HelpDesk_Title:V'),
(13, 2, 'vtiger_troubletickets:parent_id:parent_id:HelpDesk_Related_To:V'),
(13, 3, 'vtiger_troubletickets:status:ticketstatus:HelpDesk_Status:V'),
(13, 4, 'vtiger_troubletickets:priority:ticketpriorities:HelpDesk_Priority:V'),
(13, 5, 'vtiger_crmentity:smownerid:assigned_user_id:HelpDesk_Assigned_To:V'),
(13, 6, 'vtiger_troubletickets:contact_id:contact_id:HelpDesk_Contact_Name:V'),
(14, 0, 'vtiger_troubletickets:title:ticket_title:HelpDesk_Title:V'),
(14, 1, 'vtiger_troubletickets:parent_id:parent_id:HelpDesk_Related_To:V'),
(14, 2, 'vtiger_troubletickets:priority:ticketpriorities:HelpDesk_Priority:V'),
(14, 3, 'vtiger_troubletickets:product_id:product_id:HelpDesk_Product_Name:V'),
(14, 4, 'vtiger_crmentity:smownerid:assigned_user_id:HelpDesk_Assigned_To:V'),
(14, 5, 'vtiger_troubletickets:contact_id:contact_id:HelpDesk_Contact_Name:V'),
(15, 0, 'vtiger_troubletickets:title:ticket_title:HelpDesk_Title:V'),
(15, 1, 'vtiger_troubletickets:parent_id:parent_id:HelpDesk_Related_To:V'),
(15, 2, 'vtiger_troubletickets:status:ticketstatus:HelpDesk_Status:V'),
(15, 3, 'vtiger_troubletickets:product_id:product_id:HelpDesk_Product_Name:V'),
(15, 4, 'vtiger_crmentity:smownerid:assigned_user_id:HelpDesk_Assigned_To:V'),
(15, 5, 'vtiger_troubletickets:contact_id:contact_id:HelpDesk_Contact_Name:V'),
(16, 1, 'vtiger_quotes:subject:subject:Quotes_Subject:V'),
(16, 2, 'vtiger_quotes:quotestage:quotestage:Quotes_Quote_Stage:V'),
(16, 3, 'vtiger_quotes:potentialid:potential_id:Quotes_Potential_Name:V'),
(16, 4, 'vtiger_quotes:accountid:account_id:Quotes_Account_Name:V'),
(16, 5, 'vtiger_quotes:total:hdnGrandTotal:Quotes_Total:V'),
(16, 6, 'vtiger_crmentity:smownerid:assigned_user_id:Quotes_Assigned_To:V'),
(17, 0, 'vtiger_quotes:subject:subject:Quotes_Subject:V'),
(17, 1, 'vtiger_quotes:quotestage:quotestage:Quotes_Quote_Stage:V'),
(17, 2, 'vtiger_quotes:potentialid:potential_id:Quotes_Potential_Name:V'),
(17, 3, 'vtiger_quotes:accountid:account_id:Quotes_Account_Name:V'),
(17, 4, 'vtiger_quotes:validtill:validtill:Quotes_Valid_Till:D'),
(17, 5, 'vtiger_crmentity:smownerid:assigned_user_id:Quotes_Assigned_To:V'),
(18, 0, 'vtiger_quotes:subject:subject:Quotes_Subject:V'),
(18, 1, 'vtiger_quotes:potentialid:potential_id:Quotes_Potential_Name:V'),
(18, 2, 'vtiger_quotes:accountid:account_id:Quotes_Account_Name:V'),
(18, 3, 'vtiger_quotes:validtill:validtill:Quotes_Valid_Till:D'),
(18, 4, 'vtiger_crmentity:smownerid:assigned_user_id:Quotes_Assigned_To:V'),
(19, 0, 'vtiger_activity:status:taskstatus:Calendar_Status:V'),
(19, 1, 'vtiger_activity:activitytype:activitytype:Calendar_Type:V'),
(19, 2, 'vtiger_activity:subject:subject:Calendar_Subject:V'),
(19, 3, 'vtiger_seactivityrel:crmid:parent_id:Calendar_Related_to:V'),
(19, 4, 'vtiger_activity:date_start:date_start:Calendar_Start_Date:D'),
(19, 5, 'vtiger_activity:due_date:due_date:Calendar_End_Date:D'),
(19, 6, 'vtiger_crmentity:smownerid:assigned_user_id:Calendar_Assigned_To:V'),
(20, 0, 'vtiger_activity:subject:subject:Emails_Subject:V'),
(20, 1, 'vtiger_emaildetails:to_email:saved_toid:Emails_To:V'),
(20, 2, 'vtiger_activity:date_start:date_start:Emails_Date_Sent:D'),
(21, 1, 'vtiger_invoice:subject:subject:Invoice_Subject:V'),
(21, 2, 'vtiger_invoice:salesorderid:salesorder_id:Invoice_Sales_Order:V'),
(21, 3, 'vtiger_invoice:invoicestatus:invoicestatus:Invoice_Status:V'),
(21, 4, 'vtiger_invoice:total:hdnGrandTotal:Invoice_Total:V'),
(21, 5, 'vtiger_crmentity:smownerid:assigned_user_id:Invoice_Assigned_To:V'),
(22, 1, 'vtiger_notes:title:notes_title:Notes_Title:V'),
(22, 2, 'vtiger_notes:filename:filename:Notes_File:V'),
(22, 3, 'vtiger_crmentity:modifiedtime:modifiedtime:Notes_Modified_Time:DT'),
(22, 4, 'vtiger_crmentity:smownerid:assigned_user_id:Notes_Assigned_To:V'),
(23, 1, 'vtiger_pricebook:bookname:bookname:PriceBooks_Price_Book_Name:V'),
(23, 2, 'vtiger_pricebook:active:active:PriceBooks_Active:V'),
(23, 3, 'vtiger_pricebook:currency_id:currency_id:PriceBooks_Currency:V'),
(24, 1, 'vtiger_products:productname:productname:Products_Product_Name:V'),
(24, 2, 'vtiger_products:productcode:productcode:Products_Part_Number:V'),
(24, 3, 'vtiger_products:commissionrate:commissionrate:Products_Commission_Rate:V'),
(24, 4, 'vtiger_products:qtyinstock:qtyinstock:Products_Quantity_In_Stock:V'),
(24, 5, 'vtiger_products:qty_per_unit:qty_per_unit:Products_Qty/Unit:V'),
(24, 6, 'vtiger_products:unit_price:unit_price:Products_Unit_Price:V'),
(25, 1, 'vtiger_purchaseorder:subject:subject:PurchaseOrder_Subject:V'),
(25, 2, 'vtiger_purchaseorder:vendorid:vendor_id:PurchaseOrder_Vendor_Name:V'),
(25, 3, 'vtiger_purchaseorder:tracking_no:tracking_no:PurchaseOrder_Tracking_Number:V'),
(25, 4, 'vtiger_purchaseorder:total:hdnGrandTotal:PurchaseOrder_Total:V'),
(25, 5, 'vtiger_crmentity:smownerid:assigned_user_id:PurchaseOrder_Assigned_To:V'),
(26, 1, 'vtiger_salesorder:subject:subject:SalesOrder_Subject:V'),
(26, 2, 'vtiger_salesorder:accountid:account_id:SalesOrder_Account_Name:V'),
(26, 3, 'vtiger_salesorder:quoteid:quote_id:SalesOrder_Quote_Name:V'),
(26, 4, 'vtiger_salesorder:total:hdnGrandTotal:SalesOrder_Total:V'),
(26, 5, 'vtiger_crmentity:smownerid:assigned_user_id:SalesOrder_Assigned_To:V'),
(27, 1, 'vtiger_vendor:vendorname:vendorname:Vendors_Vendor_Name:V'),
(27, 2, 'vtiger_vendor:phone:phone:Vendors_Phone:V'),
(27, 3, 'vtiger_vendor:email:email:Vendors_Email:V'),
(27, 4, 'vtiger_vendor:category:category:Vendors_Category:V'),
(27, 5, 'vtiger_crmentity:smownerid:assigned_user_id:Vendors_Assigned_To:V'),
(28, 1, 'vtiger_faq:question:question:Faq_Question:V'),
(28, 2, 'vtiger_faq:category:faqcategories:Faq_Category:V'),
(28, 3, 'vtiger_faq:product_id:product_id:Faq_Product_Name:V'),
(28, 4, 'vtiger_crmentity:createdtime:createdtime:Faq_Created_Time:DT'),
(28, 5, 'vtiger_crmentity:modifiedtime:modifiedtime:Faq_Modified_Time:DT'),
(29, 1, 'vtiger_campaign:campaignname:campaignname:Campaigns_Campaign_Name:V'),
(29, 2, 'vtiger_campaign:campaigntype:campaigntype:Campaigns_Campaign_Type:N'),
(29, 3, 'vtiger_campaign:campaignstatus:campaignstatus:Campaigns_Campaign_Status:N'),
(29, 4, 'vtiger_campaign:expectedrevenue:expectedrevenue:Campaigns_Expected_Revenue:V'),
(29, 5, 'vtiger_campaign:closingdate:closingdate:Campaigns_Expected_Close_Date:D'),
(29, 6, 'vtiger_crmentity:smownerid:assigned_user_id:Campaigns_Assigned_To:V'),
(30, 0, 'subject:subject:subject:Subject:V'),
(30, 1, 'from:fromname:fromname:From:N'),
(30, 2, 'to:tpname:toname:To:N'),
(30, 3, 'body:body:body:Body:V'),
(31, 0, 'vtiger_faq:question:question:Faq_Question:V'),
(31, 1, 'vtiger_faq:status:faqstatus:Faq_Status:V'),
(31, 2, 'vtiger_faq:product_id:product_id:Faq_Product_Name:V'),
(31, 3, 'vtiger_faq:category:faqcategories:Faq_Category:V'),
(31, 4, 'vtiger_crmentity:createdtime:createdtime:Faq_Created_Time:DT'),
(32, 0, 'vtiger_faq:question:question:Faq_Question:V'),
(32, 1, 'vtiger_faq:answer:faq_answer:Faq_Answer:V'),
(32, 2, 'vtiger_faq:status:faqstatus:Faq_Status:V'),
(32, 3, 'vtiger_faq:product_id:product_id:Faq_Product_Name:V'),
(32, 4, 'vtiger_faq:category:faqcategories:Faq_Category:V'),
(32, 5, 'vtiger_crmentity:createdtime:createdtime:Faq_Created_Time:DT'),
(33, 0, 'vtiger_purchaseorder:subject:subject:PurchaseOrder_Subject:V'),
(33, 1, 'vtiger_purchaseorder:postatus:postatus:PurchaseOrder_Status:V'),
(33, 2, 'vtiger_purchaseorder:vendorid:vendor_id:PurchaseOrder_Vendor_Name:V'),
(33, 3, 'vtiger_crmentity:smownerid:assigned_user_id:PurchaseOrder_Assigned_To:V'),
(33, 4, 'vtiger_purchaseorder:duedate:duedate:PurchaseOrder_Due_Date:V'),
(34, 0, 'vtiger_purchaseorder:subject:subject:PurchaseOrder_Subject:V'),
(34, 1, 'vtiger_purchaseorder:vendorid:vendor_id:PurchaseOrder_Vendor_Name:V'),
(34, 2, 'vtiger_crmentity:smownerid:assigned_user_id:PurchaseOrder_Assigned_To:V'),
(34, 3, 'vtiger_purchaseorder:postatus:postatus:PurchaseOrder_Status:V'),
(34, 4, 'vtiger_purchaseorder:carrier:carrier:PurchaseOrder_Carrier:V'),
(34, 5, 'vtiger_poshipads:ship_street:ship_street:PurchaseOrder_Shipping_Address:V'),
(35, 0, 'vtiger_invoice:invoice_no:invoice_no:Invoice_Invoice_No:V'),
(35, 1, 'vtiger_invoice:subject:subject:Invoice_Subject:V'),
(35, 2, 'vtiger_invoice:accountid:account_id:Invoice_Account_Name:V'),
(35, 3, 'vtiger_invoice:salesorderid:salesorder_id:Invoice_Sales_Order:V'),
(35, 4, 'vtiger_invoice:invoicestatus:invoicestatus:Invoice_Status:V'),
(35, 5, 'vtiger_crmentity:smownerid:assigned_user_id:Invoice_Assigned_To:V'),
(35, 6, 'vtiger_crmentity:createdtime:createdtime:Invoice_Created_Time:DT'),
(36, 0, 'vtiger_invoice:invoice_no:invoice_no:Invoice_Invoice_No:V'),
(36, 1, 'vtiger_invoice:subject:subject:Invoice_Subject:V'),
(36, 2, 'vtiger_invoice:accountid:account_id:Invoice_Account_Name:V'),
(36, 3, 'vtiger_invoice:salesorderid:salesorder_id:Invoice_Sales_Order:V'),
(36, 4, 'vtiger_invoice:invoicestatus:invoicestatus:Invoice_Status:V'),
(36, 5, 'vtiger_invoiceshipads:ship_street:ship_street:Invoice_Shipping_Address:V'),
(36, 6, 'vtiger_crmentity:smownerid:assigned_user_id:Invoice_Assigned_To:V'),
(37, 0, 'vtiger_salesorder:subject:subject:SalesOrder_Subject:V'),
(37, 1, 'vtiger_salesorder:accountid:account_id:SalesOrder_Account_Name:V'),
(37, 2, 'vtiger_salesorder:sostatus:sostatus:SalesOrder_Status:V'),
(37, 3, 'vtiger_crmentity:smownerid:assigned_user_id:SalesOrder_Assigned_To:V'),
(37, 4, 'vtiger_soshipads:ship_street:ship_street:SalesOrder_Shipping_Address:V'),
(37, 5, 'vtiger_salesorder:carrier:carrier:SalesOrder_Carrier:V'),
(38, 1, 'vtiger_servicecontracts:subject:subject:ServiceContracts_Subject:V'),
(38, 2, 'vtiger_servicecontracts:sc_related_to:sc_related_to:ServiceContracts_Related_to:V'),
(38, 3, 'vtiger_crmentity:smownerid:assigned_user_id:ServiceContracts_Assigned_To:V'),
(38, 4, 'vtiger_servicecontracts:start_date:start_date:ServiceContracts_Start_Date:D'),
(38, 5, 'vtiger_servicecontracts:due_date:due_date:ServiceContracts_Due_date:D'),
(38, 7, 'vtiger_servicecontracts:progress:progress:ServiceContracts_Progress:N'),
(38, 8, 'vtiger_servicecontracts:contract_status:contract_status:ServiceContracts_Status:V'),
(39, 1, 'vtiger_service:servicename:servicename:Services_Service_Name:V'),
(39, 2, 'vtiger_service:service_usageunit:service_usageunit:Services_Usage_Unit:V'),
(39, 3, 'vtiger_service:unit_price:unit_price:Services_Price:N'),
(39, 4, 'vtiger_service:qty_per_unit:qty_per_unit:Services_No_of_Units:N'),
(39, 5, 'vtiger_service:servicecategory:servicecategory:Services_Service_Category:V'),
(39, 6, 'vtiger_crmentity:smownerid:assigned_user_id:Services_Owner:I'),
(40, 0, 'vtiger_pbxmanager:callstatus:callstatus:PBXManager_Call_Status:V'),
(40, 1, 'vtiger_pbxmanager:customernumber:customernumber:PBXManager_Customer_Number:V'),
(40, 2, 'vtiger_pbxmanager:customer:customer:PBXManager_Customer:V'),
(40, 3, 'vtiger_pbxmanager:user:user:PBXManager_User:V'),
(40, 4, 'vtiger_pbxmanager:recordingurl:recordingurl:PBXManager_Recording_URL:V'),
(40, 5, 'vtiger_pbxmanager:totalduration:totalduration:PBXManager_Total_Duration:I'),
(40, 6, 'vtiger_pbxmanager:starttime:starttime:PBXManager_Start_Time:DT'),
(44, 1, 'vtiger_assets:assetname:assetname:Assets_Asset_Name:V'),
(44, 2, 'vtiger_assets:account:account:Assets_Customer_Name:V'),
(44, 3, 'vtiger_assets:product:product:Assets_Product_Name:V'),
(45, 0, 'vtiger_modcomments:commentcontent:commentcontent:ModComments_Comment:V'),
(45, 1, 'vtiger_modcomments:related_to:related_to:ModComments_Related_To:V'),
(45, 2, 'vtiger_crmentity:modifiedtime:modifiedtime:ModComments_Modified_Time:DT'),
(45, 3, 'vtiger_crmentity:smownerid:assigned_user_id:ModComments_Assigned_To:V'),
(46, 0, 'vtiger_smsnotifier:message:message:SMSNotifier_message:V'),
(46, 2, 'vtiger_crmentity:smownerid:assigned_user_id:SMSNotifier_Assigned_To:V'),
(46, 3, 'vtiger_crmentity:createdtime:createdtime:SMSNotifier_Created_Time:DT'),
(46, 4, 'vtiger_crmentity:modifiedtime:modifiedtime:SMSNotifier_Modified_Time:DT'),
(47, 0, 'vtiger_projectmilestone:projectmilestonename:projectmilestonename:ProjectMilestone_Project_Milestone_Name:V'),
(47, 1, 'vtiger_projectmilestone:projectmilestonedate:projectmilestonedate:ProjectMilestone_Milestone_Date:D'),
(47, 3, 'vtiger_crmentity:description:description:ProjectMilestone_description:V'),
(47, 4, 'vtiger_crmentity:createdtime:createdtime:ProjectMilestone_Created_Time:T'),
(47, 5, 'vtiger_crmentity:modifiedtime:modifiedtime:ProjectMilestone_Modified_Time:T'),
(48, 2, 'vtiger_projecttask:projecttaskname:projecttaskname:ProjectTask_Project_Task_Name:V'),
(48, 3, 'vtiger_projecttask:projectid:projectid:ProjectTask_Related_to:V'),
(48, 4, 'vtiger_projecttask:projecttaskpriority:projecttaskpriority:ProjectTask_Priority:V'),
(48, 5, 'vtiger_projecttask:projecttaskprogress:projecttaskprogress:ProjectTask_Progress:V'),
(48, 6, 'vtiger_projecttask:projecttaskhours:projecttaskhours:ProjectTask_Worked_Hours:V'),
(48, 7, 'vtiger_projecttask:startdate:startdate:ProjectTask_Start_Date:D'),
(48, 8, 'vtiger_projecttask:enddate:enddate:ProjectTask_End_Date:D'),
(48, 9, 'vtiger_crmentity:smownerid:assigned_user_id:ProjectTask_Assigned_To:V'),
(49, 0, 'vtiger_project:projectname:projectname:Project_Project_Name:V'),
(49, 1, 'vtiger_project:linktoaccountscontacts:linktoaccountscontacts:Project_Related_to:V'),
(49, 2, 'vtiger_project:startdate:startdate:Project_Start_Date:D'),
(49, 3, 'vtiger_project:targetenddate:targetenddate:Project_Target_End_Date:D'),
(49, 4, 'vtiger_project:actualenddate:actualenddate:Project_Actual_End_Date:D'),
(49, 5, 'vtiger_project:targetbudget:targetbudget:Project_Target_Budget:V'),
(49, 6, 'vtiger_project:progress:progress:Project_Progress:V'),
(49, 7, 'vtiger_project:projectstatus:projectstatus:Project_Status:V'),
(49, 8, 'vtiger_crmentity:smownerid:assigned_user_id:Project_Assigned_To:V');

-- --------------------------------------------------------

--
-- Estructura de tabla para la tabla `vtiger_cvstdfilter`
--

CREATE TABLE IF NOT EXISTS `vtiger_cvstdfilter` (
  `cvid` int(19) NOT NULL,
  `columnname` varchar(250) DEFAULT '',
  `stdfilter` varchar(250) DEFAULT '',
  `startdate` date DEFAULT NULL,
  `enddate` date DEFAULT NULL
) ENGINE=InnoDB DEFAULT CHARSET=latin1;

--
-- Volcado de datos para la tabla `vtiger_cvstdfilter`
--

INSERT INTO `vtiger_cvstdfilter` (`cvid`, `columnname`, `stdfilter`, `startdate`, `enddate`) VALUES
(3, 'vtiger_crmentity:modifiedtime:modifiedtime:Leads_Modified_Time', 'thismonth', '2005-06-01', '2005-06-30'),
(6, 'vtiger_crmentity:createdtime:createdtime:Accounts_Created_Time', 'thisweek', '2005-06-19', '2005-06-25'),
(9, 'vtiger_contactsubdetails:birthday:birthday:Contacts_Birthdate', 'today', '2005-06-25', '2005-06-25');

-- --------------------------------------------------------

--
-- Estructura de tabla para la tabla `vtiger_datashare_grp2grp`
--

CREATE TABLE IF NOT EXISTS `vtiger_datashare_grp2grp` (
  `shareid` int(19) NOT NULL,
  `share_groupid` int(19) DEFAULT NULL,
  `to_groupid` int(19) DEFAULT NULL,
  `permission` int(19) DEFAULT NULL
) ENGINE=InnoDB DEFAULT CHARSET=latin1;

-- --------------------------------------------------------

--
-- Estructura de tabla para la tabla `vtiger_datashare_grp2role`
--

CREATE TABLE IF NOT EXISTS `vtiger_datashare_grp2role` (
  `shareid` int(19) NOT NULL,
  `share_groupid` int(19) DEFAULT NULL,
  `to_roleid` varchar(255) DEFAULT NULL,
  `permission` int(19) DEFAULT NULL
) ENGINE=InnoDB DEFAULT CHARSET=latin1;

-- --------------------------------------------------------

--
-- Estructura de tabla para la tabla `vtiger_datashare_grp2rs`
--

CREATE TABLE IF NOT EXISTS `vtiger_datashare_grp2rs` (
  `shareid` int(19) NOT NULL,
  `share_groupid` int(19) DEFAULT NULL,
  `to_roleandsubid` varchar(255) DEFAULT NULL,
  `permission` int(19) DEFAULT NULL
) ENGINE=InnoDB DEFAULT CHARSET=latin1;

-- --------------------------------------------------------

--
-- Estructura de tabla para la tabla `vtiger_datashare_module_rel`
--

CREATE TABLE IF NOT EXISTS `vtiger_datashare_module_rel` (
  `shareid` int(19) NOT NULL,
  `tabid` int(19) NOT NULL,
  `relationtype` varchar(200) DEFAULT NULL
) ENGINE=InnoDB DEFAULT CHARSET=latin1;

-- --------------------------------------------------------

--
-- Estructura de tabla para la tabla `vtiger_datashare_relatedmodules`
--

CREATE TABLE IF NOT EXISTS `vtiger_datashare_relatedmodules` (
  `datashare_relatedmodule_id` int(19) NOT NULL,
  `tabid` int(19) DEFAULT NULL,
  `relatedto_tabid` int(19) DEFAULT NULL
) ENGINE=InnoDB DEFAULT CHARSET=latin1;

--
-- Volcado de datos para la tabla `vtiger_datashare_relatedmodules`
--

INSERT INTO `vtiger_datashare_relatedmodules` (`datashare_relatedmodule_id`, `tabid`, `relatedto_tabid`) VALUES
(1, 6, 2),
(2, 6, 13),
(3, 6, 20),
(4, 6, 22),
(5, 6, 23),
(6, 2, 20),
(7, 2, 22),
(8, 20, 22),
(9, 22, 23);

-- --------------------------------------------------------

--
-- Estructura de tabla para la tabla `vtiger_datashare_relatedmodules_seq`
--

CREATE TABLE IF NOT EXISTS `vtiger_datashare_relatedmodules_seq` (
  `id` int(11) NOT NULL
) ENGINE=InnoDB DEFAULT CHARSET=latin1;

--
-- Volcado de datos para la tabla `vtiger_datashare_relatedmodules_seq`
--

INSERT INTO `vtiger_datashare_relatedmodules_seq` (`id`) VALUES
(9);

-- --------------------------------------------------------

--
-- Estructura de tabla para la tabla `vtiger_datashare_relatedmodule_permission`
--

CREATE TABLE IF NOT EXISTS `vtiger_datashare_relatedmodule_permission` (
  `shareid` int(19) NOT NULL,
  `datashare_relatedmodule_id` int(19) NOT NULL,
  `permission` int(19) DEFAULT NULL
) ENGINE=InnoDB DEFAULT CHARSET=latin1;

-- --------------------------------------------------------

--
-- Estructura de tabla para la tabla `vtiger_datashare_role2group`
--

CREATE TABLE IF NOT EXISTS `vtiger_datashare_role2group` (
  `shareid` int(19) NOT NULL,
  `share_roleid` varchar(255) DEFAULT NULL,
  `to_groupid` int(19) DEFAULT NULL,
  `permission` int(19) DEFAULT NULL
) ENGINE=InnoDB DEFAULT CHARSET=latin1;

-- --------------------------------------------------------

--
-- Estructura de tabla para la tabla `vtiger_datashare_role2role`
--

CREATE TABLE IF NOT EXISTS `vtiger_datashare_role2role` (
  `shareid` int(19) NOT NULL,
  `share_roleid` varchar(255) DEFAULT NULL,
  `to_roleid` varchar(255) DEFAULT NULL,
  `permission` int(19) DEFAULT NULL
) ENGINE=InnoDB DEFAULT CHARSET=latin1;

-- --------------------------------------------------------

--
-- Estructura de tabla para la tabla `vtiger_datashare_role2rs`
--

CREATE TABLE IF NOT EXISTS `vtiger_datashare_role2rs` (
  `shareid` int(19) NOT NULL,
  `share_roleid` varchar(255) DEFAULT NULL,
  `to_roleandsubid` varchar(255) DEFAULT NULL,
  `permission` int(19) DEFAULT NULL
) ENGINE=InnoDB DEFAULT CHARSET=latin1;

-- --------------------------------------------------------

--
-- Estructura de tabla para la tabla `vtiger_datashare_rs2grp`
--

CREATE TABLE IF NOT EXISTS `vtiger_datashare_rs2grp` (
  `shareid` int(19) NOT NULL,
  `share_roleandsubid` varchar(255) DEFAULT NULL,
  `to_groupid` int(19) DEFAULT NULL,
  `permission` int(19) DEFAULT NULL
) ENGINE=InnoDB DEFAULT CHARSET=latin1;

-- --------------------------------------------------------

--
-- Estructura de tabla para la tabla `vtiger_datashare_rs2role`
--

CREATE TABLE IF NOT EXISTS `vtiger_datashare_rs2role` (
  `shareid` int(19) NOT NULL,
  `share_roleandsubid` varchar(255) DEFAULT NULL,
  `to_roleid` varchar(255) DEFAULT NULL,
  `permission` int(19) DEFAULT NULL
) ENGINE=InnoDB DEFAULT CHARSET=latin1;

-- --------------------------------------------------------

--
-- Estructura de tabla para la tabla `vtiger_datashare_rs2rs`
--

CREATE TABLE IF NOT EXISTS `vtiger_datashare_rs2rs` (
  `shareid` int(19) NOT NULL,
  `share_roleandsubid` varchar(255) DEFAULT NULL,
  `to_roleandsubid` varchar(255) DEFAULT NULL,
  `permission` int(19) DEFAULT NULL
) ENGINE=InnoDB DEFAULT CHARSET=latin1;

-- --------------------------------------------------------

--
-- Estructura de tabla para la tabla `vtiger_date_format`
--

CREATE TABLE IF NOT EXISTS `vtiger_date_format` (
`date_formatid` int(19) NOT NULL,
  `date_format` varchar(200) NOT NULL,
  `sortorderid` int(19) NOT NULL DEFAULT '0',
  `presence` int(1) NOT NULL DEFAULT '1'
) ENGINE=InnoDB AUTO_INCREMENT=4 DEFAULT CHARSET=latin1;

--
-- Volcado de datos para la tabla `vtiger_date_format`
--

INSERT INTO `vtiger_date_format` (`date_formatid`, `date_format`, `sortorderid`, `presence`) VALUES
(1, 'dd-mm-yyyy', 0, 1),
(2, 'mm-dd-yyyy', 1, 1),
(3, 'yyyy-mm-dd', 2, 1);

-- --------------------------------------------------------

--
-- Estructura de tabla para la tabla `vtiger_date_format_seq`
--

CREATE TABLE IF NOT EXISTS `vtiger_date_format_seq` (
  `id` int(11) NOT NULL
) ENGINE=InnoDB DEFAULT CHARSET=latin1;

--
-- Volcado de datos para la tabla `vtiger_date_format_seq`
--

INSERT INTO `vtiger_date_format_seq` (`id`) VALUES
(3);

-- --------------------------------------------------------

--
-- Estructura de tabla para la tabla `vtiger_dayoftheweek`
--

CREATE TABLE IF NOT EXISTS `vtiger_dayoftheweek` (
`dayoftheweekid` int(11) NOT NULL,
  `dayoftheweek` varchar(200) NOT NULL,
  `sortorderid` int(11) DEFAULT NULL,
  `presence` int(11) NOT NULL DEFAULT '1'
) ENGINE=InnoDB AUTO_INCREMENT=8 DEFAULT CHARSET=utf8;

--
-- Volcado de datos para la tabla `vtiger_dayoftheweek`
--

INSERT INTO `vtiger_dayoftheweek` (`dayoftheweekid`, `dayoftheweek`, `sortorderid`, `presence`) VALUES
(1, 'Sunday', 1, 1),
(2, 'Monday', 2, 1),
(3, 'Tuesday', 3, 1),
(4, 'Wednesday', 4, 1),
(5, 'Thursday', 5, 1),
(6, 'Friday', 6, 1),
(7, 'Saturday', 7, 1);

-- --------------------------------------------------------

--
-- Estructura de tabla para la tabla `vtiger_dayoftheweek_seq`
--

CREATE TABLE IF NOT EXISTS `vtiger_dayoftheweek_seq` (
  `id` int(11) NOT NULL
) ENGINE=InnoDB DEFAULT CHARSET=latin1;

--
-- Volcado de datos para la tabla `vtiger_dayoftheweek_seq`
--

INSERT INTO `vtiger_dayoftheweek_seq` (`id`) VALUES
(7);

-- --------------------------------------------------------

--
-- Estructura de tabla para la tabla `vtiger_defaultactivitytype`
--

CREATE TABLE IF NOT EXISTS `vtiger_defaultactivitytype` (
`defaultactivitytypeid` int(11) NOT NULL,
  `defaultactivitytype` varchar(200) NOT NULL,
  `presence` int(1) NOT NULL DEFAULT '1',
  `picklist_valueid` int(11) NOT NULL DEFAULT '0',
  `sortorderid` int(11) DEFAULT '0'
) ENGINE=InnoDB AUTO_INCREMENT=3 DEFAULT CHARSET=utf8;

--
-- Volcado de datos para la tabla `vtiger_defaultactivitytype`
--

INSERT INTO `vtiger_defaultactivitytype` (`defaultactivitytypeid`, `defaultactivitytype`, `presence`, `picklist_valueid`, `sortorderid`) VALUES
(1, 'Call', 1, 299, 1),
(2, 'Meeting', 1, 300, 2);

-- --------------------------------------------------------

--
-- Estructura de tabla para la tabla `vtiger_defaultactivitytype_seq`
--

CREATE TABLE IF NOT EXISTS `vtiger_defaultactivitytype_seq` (
  `id` int(11) NOT NULL
) ENGINE=InnoDB DEFAULT CHARSET=latin1;

--
-- Volcado de datos para la tabla `vtiger_defaultactivitytype_seq`
--

INSERT INTO `vtiger_defaultactivitytype_seq` (`id`) VALUES
(2);

-- --------------------------------------------------------

--
-- Estructura de tabla para la tabla `vtiger_defaultcv`
--

CREATE TABLE IF NOT EXISTS `vtiger_defaultcv` (
  `tabid` int(19) NOT NULL,
  `defaultviewname` varchar(50) NOT NULL,
  `query` text
) ENGINE=InnoDB DEFAULT CHARSET=latin1;

-- --------------------------------------------------------

--
-- Estructura de tabla para la tabla `vtiger_defaulteventstatus`
--

CREATE TABLE IF NOT EXISTS `vtiger_defaulteventstatus` (
`defaulteventstatusid` int(11) NOT NULL,
  `defaulteventstatus` varchar(200) NOT NULL,
  `presence` int(1) NOT NULL DEFAULT '1',
  `picklist_valueid` int(11) NOT NULL DEFAULT '0',
  `sortorderid` int(11) DEFAULT '0'
) ENGINE=InnoDB AUTO_INCREMENT=4 DEFAULT CHARSET=utf8;

--
-- Volcado de datos para la tabla `vtiger_defaulteventstatus`
--

INSERT INTO `vtiger_defaulteventstatus` (`defaulteventstatusid`, `defaulteventstatus`, `presence`, `picklist_valueid`, `sortorderid`) VALUES
(1, 'Planned', 1, 296, 1),
(2, 'Held', 1, 297, 2),
(3, 'Not Held', 1, 298, 3);

-- --------------------------------------------------------

--
-- Estructura de tabla para la tabla `vtiger_defaulteventstatus_seq`
--

CREATE TABLE IF NOT EXISTS `vtiger_defaulteventstatus_seq` (
  `id` int(11) NOT NULL
) ENGINE=InnoDB DEFAULT CHARSET=latin1;

--
-- Volcado de datos para la tabla `vtiger_defaulteventstatus_seq`
--

INSERT INTO `vtiger_defaulteventstatus_seq` (`id`) VALUES
(3);

-- --------------------------------------------------------

--
-- Estructura de tabla para la tabla `vtiger_default_record_view`
--

CREATE TABLE IF NOT EXISTS `vtiger_default_record_view` (
`default_record_viewid` int(11) NOT NULL,
  `default_record_view` varchar(200) NOT NULL,
  `sortorderid` int(11) DEFAULT NULL,
  `presence` int(11) NOT NULL DEFAULT '1'
) ENGINE=InnoDB AUTO_INCREMENT=3 DEFAULT CHARSET=utf8;

--
-- Volcado de datos para la tabla `vtiger_default_record_view`
--

INSERT INTO `vtiger_default_record_view` (`default_record_viewid`, `default_record_view`, `sortorderid`, `presence`) VALUES
(1, 'Summary', 1, 1),
(2, 'Detail', 2, 1);

-- --------------------------------------------------------

--
-- Estructura de tabla para la tabla `vtiger_default_record_view_seq`
--

CREATE TABLE IF NOT EXISTS `vtiger_default_record_view_seq` (
  `id` int(11) NOT NULL
) ENGINE=InnoDB DEFAULT CHARSET=latin1;

--
-- Volcado de datos para la tabla `vtiger_default_record_view_seq`
--

INSERT INTO `vtiger_default_record_view_seq` (`id`) VALUES
(2);

-- --------------------------------------------------------

--
-- Estructura de tabla para la tabla `vtiger_def_org_field`
--

CREATE TABLE IF NOT EXISTS `vtiger_def_org_field` (
  `tabid` int(10) DEFAULT NULL,
  `fieldid` int(19) NOT NULL,
  `visible` int(19) DEFAULT NULL,
  `readonly` int(19) DEFAULT NULL
) ENGINE=InnoDB DEFAULT CHARSET=latin1;

--
-- Volcado de datos para la tabla `vtiger_def_org_field`
--

INSERT INTO `vtiger_def_org_field` (`tabid`, `fieldid`, `visible`, `readonly`) VALUES
(6, 1, 0, 0),
(6, 2, 0, 0),
(6, 3, 0, 0),
(6, 4, 0, 0),
(6, 5, 0, 0),
(6, 6, 0, 0),
(6, 7, 0, 0),
(6, 8, 0, 0),
(6, 9, 0, 0),
(6, 10, 0, 0),
(6, 11, 0, 0),
(6, 12, 0, 0),
(6, 13, 0, 0),
(6, 14, 0, 0),
(6, 15, 0, 0),
(6, 16, 0, 0),
(6, 17, 0, 0),
(6, 18, 0, 0),
(6, 19, 0, 0),
(6, 20, 0, 0),
(6, 21, 0, 0),
(6, 22, 0, 0),
(6, 23, 0, 0),
(6, 24, 0, 0),
(6, 25, 0, 0),
(6, 26, 0, 0),
(6, 27, 0, 0),
(6, 28, 0, 0),
(6, 29, 0, 0),
(6, 30, 0, 0),
(6, 31, 0, 0),
(6, 32, 0, 0),
(6, 33, 0, 0),
(6, 34, 0, 0),
(6, 35, 0, 0),
(6, 36, 0, 0),
(7, 37, 0, 0),
(7, 38, 0, 0),
(7, 39, 0, 0),
(7, 40, 0, 0),
(7, 41, 0, 0),
(7, 42, 0, 0),
(7, 43, 0, 0),
(7, 44, 0, 0),
(7, 45, 0, 0),
(7, 46, 0, 0),
(7, 47, 0, 0),
(7, 48, 0, 0),
(7, 49, 0, 0),
(7, 50, 0, 0),
(7, 51, 0, 0),
(7, 52, 0, 0),
(7, 53, 0, 0),
(7, 54, 0, 0),
(7, 55, 0, 0),
(7, 56, 0, 0),
(7, 57, 0, 0),
(7, 58, 0, 0),
(7, 59, 0, 0),
(7, 60, 0, 0),
(7, 61, 0, 0),
(7, 62, 0, 0),
(7, 63, 0, 0),
(7, 64, 0, 0),
(7, 65, 0, 0),
(4, 66, 0, 0),
(4, 67, 0, 0),
(4, 68, 0, 0),
(4, 69, 0, 0),
(4, 70, 0, 0),
(4, 71, 0, 0),
(4, 72, 0, 0),
(4, 73, 0, 0),
(4, 74, 0, 0),
(4, 75, 0, 0),
(4, 76, 0, 0),
(4, 77, 0, 0),
(4, 78, 0, 0),
(4, 79, 0, 0),
(4, 80, 0, 0),
(4, 81, 0, 0),
(4, 82, 0, 0),
(4, 83, 0, 0),
(4, 84, 0, 0),
(4, 85, 0, 0),
(4, 86, 0, 0),
(4, 87, 0, 0),
(4, 88, 0, 0),
(4, 89, 0, 0),
(4, 90, 0, 0),
(4, 91, 0, 0),
(4, 92, 0, 0),
(4, 93, 0, 0),
(4, 94, 0, 0),
(4, 95, 0, 0),
(4, 96, 0, 0),
(4, 97, 0, 0),
(4, 98, 0, 0),
(4, 99, 0, 0),
(4, 100, 0, 0),
(4, 101, 0, 0),
(4, 102, 0, 0),
(4, 103, 0, 0),
(4, 104, 0, 0),
(4, 105, 0, 0),
(4, 106, 0, 0),
(4, 107, 0, 0),
(4, 108, 0, 0),
(4, 109, 0, 0),
(2, 110, 0, 0),
(2, 111, 0, 0),
(2, 112, 0, 0),
(2, 113, 0, 0),
(2, 114, 0, 0),
(2, 115, 0, 0),
(2, 116, 0, 0),
(2, 117, 0, 0),
(2, 118, 0, 0),
(2, 119, 0, 0),
(2, 120, 0, 0),
(2, 121, 0, 0),
(2, 122, 0, 0),
(2, 123, 0, 0),
(2, 124, 0, 0),
(2, 125, 0, 0),
(26, 126, 0, 0),
(26, 127, 0, 0),
(26, 128, 0, 0),
(26, 129, 0, 0),
(26, 130, 0, 0),
(26, 131, 0, 0),
(26, 132, 0, 0),
(26, 133, 0, 0),
(26, 134, 0, 0),
(26, 135, 0, 0),
(26, 136, 0, 0),
(26, 137, 0, 0),
(26, 138, 0, 0),
(26, 139, 0, 0),
(26, 140, 0, 0),
(26, 141, 0, 0),
(26, 142, 0, 0),
(26, 143, 0, 0),
(26, 144, 0, 0),
(26, 145, 0, 0),
(26, 146, 0, 0),
(26, 147, 0, 0),
(26, 148, 0, 0),
(26, 149, 0, 0),
(26, 150, 0, 0),
(4, 151, 0, 0),
(6, 152, 0, 0),
(7, 153, 0, 0),
(26, 154, 0, 0),
(13, 155, 0, 0),
(13, 156, 0, 0),
(13, 157, 0, 0),
(13, 158, 0, 0),
(13, 159, 0, 0),
(13, 160, 0, 0),
(13, 161, 0, 0),
(13, 162, 0, 0),
(13, 163, 0, 0),
(13, 164, 0, 0),
(13, 165, 0, 0),
(13, 166, 0, 0),
(13, 167, 0, 0),
(13, 168, 0, 0),
(13, 169, 0, 0),
(13, 170, 0, 0),
(13, 171, 0, 0),
(13, 172, 0, 0),
(14, 173, 0, 0),
(14, 174, 0, 0),
(14, 175, 0, 0),
(14, 176, 0, 0),
(14, 177, 0, 0),
(14, 178, 0, 0),
(14, 179, 0, 0),
(14, 180, 0, 0),
(14, 181, 0, 0),
(14, 182, 0, 0),
(14, 183, 0, 0),
(14, 184, 0, 0),
(14, 185, 0, 0),
(14, 186, 0, 0),
(14, 187, 0, 0),
(14, 188, 0, 0),
(14, 189, 0, 0),
(14, 190, 0, 0),
(14, 191, 0, 0),
(14, 192, 0, 0),
(14, 193, 0, 0),
(14, 194, 0, 0),
(14, 195, 0, 0),
(14, 196, 0, 0),
(14, 197, 0, 0),
(14, 198, 0, 0),
(14, 199, 0, 0),
(14, 200, 0, 0),
(14, 201, 0, 0),
(14, 202, 0, 0),
(14, 203, 0, 0),
(8, 204, 0, 0),
(8, 205, 0, 0),
(8, 206, 0, 0),
(8, 207, 0, 0),
(8, 208, 0, 0),
(8, 209, 0, 0),
(8, 210, 0, 0),
(8, 211, 0, 0),
(8, 212, 0, 0),
(8, 213, 0, 0),
(8, 214, 0, 0),
(8, 215, 0, 0),
(8, 216, 0, 0),
(8, 217, 0, 0),
(8, 218, 0, 0),
(10, 219, 0, 0),
(10, 220, 0, 0),
(10, 221, 0, 0),
(10, 222, 0, 0),
(10, 223, 0, 0),
(10, 224, 0, 0),
(10, 225, 0, 0),
(10, 226, 0, 0),
(10, 227, 0, 0),
(10, 228, 0, 0),
(10, 229, 0, 0),
(10, 230, 0, 0),
(9, 231, 0, 0),
(9, 232, 0, 0),
(9, 233, 0, 0),
(9, 234, 0, 0),
(9, 235, 0, 0),
(9, 236, 0, 0),
(9, 237, 0, 0),
(9, 238, 0, 0),
(9, 239, 0, 0),
(9, 240, 0, 0),
(9, 241, 0, 0),
(9, 242, 0, 0),
(9, 243, 0, 0),
(9, 244, 0, 0),
(9, 245, 0, 0),
(9, 246, 0, 0),
(9, 247, 0, 0),
(9, 248, 0, 0),
(9, 249, 0, 0),
(9, 250, 0, 0),
(9, 251, 0, 0),
(9, 252, 0, 0),
(9, 253, 0, 0),
(9, 254, 0, 0),
(16, 255, 0, 0),
(16, 256, 0, 0),
(16, 257, 0, 0),
(16, 258, 0, 0),
(16, 259, 0, 0),
(16, 260, 0, 0),
(16, 261, 0, 0),
(16, 262, 0, 0),
(16, 263, 0, 0),
(16, 264, 0, 0),
(16, 265, 0, 0),
(16, 266, 0, 0),
(16, 267, 0, 0),
(16, 268, 0, 0),
(16, 269, 0, 0),
(16, 270, 0, 0),
(16, 271, 0, 0),
(16, 272, 0, 0),
(16, 273, 0, 0),
(16, 274, 0, 0),
(16, 275, 0, 0),
(16, 276, 0, 0),
(16, 277, 0, 0),
(15, 278, 0, 0),
(15, 279, 0, 0),
(15, 280, 0, 0),
(15, 281, 0, 0),
(15, 282, 0, 0),
(15, 283, 0, 0),
(15, 284, 0, 0),
(15, 285, 0, 0),
(15, 286, 0, 0),
(15, 287, 0, 0),
(18, 288, 0, 0),
(18, 289, 0, 0),
(18, 290, 0, 0),
(18, 291, 0, 0),
(18, 292, 0, 0),
(18, 293, 0, 0),
(18, 294, 0, 0),
(18, 295, 0, 0),
(18, 296, 0, 0),
(18, 297, 0, 0),
(18, 298, 0, 0),
(18, 299, 0, 0),
(18, 300, 0, 0),
(18, 301, 0, 0),
(18, 302, 0, 0),
(18, 303, 0, 0),
(18, 304, 0, 0),
(19, 305, 0, 0),
(19, 306, 0, 0),
(19, 307, 0, 0),
(19, 308, 0, 0),
(19, 309, 0, 0),
(19, 310, 0, 0),
(19, 311, 0, 0),
(19, 312, 0, 0),
(20, 313, 0, 0),
(20, 314, 0, 0),
(20, 315, 0, 0),
(20, 316, 0, 0),
(20, 317, 0, 0),
(20, 318, 0, 0),
(20, 319, 0, 0),
(20, 320, 0, 0),
(20, 321, 0, 0),
(20, 322, 0, 0),
(20, 323, 0, 0),
(20, 324, 0, 0),
(20, 325, 0, 0),
(20, 326, 0, 0),
(20, 327, 0, 0),
(20, 328, 0, 0),
(20, 329, 0, 0),
(20, 330, 0, 0),
(20, 331, 0, 0),
(20, 332, 0, 0),
(20, 333, 0, 0),
(20, 334, 0, 0),
(20, 335, 0, 0),
(20, 336, 0, 0),
(20, 337, 0, 0),
(20, 338, 0, 0),
(20, 339, 0, 0),
(20, 340, 0, 0),
(20, 341, 0, 0),
(20, 342, 0, 0),
(20, 343, 0, 0),
(20, 344, 0, 0),
(20, 345, 0, 0),
(20, 346, 0, 0),
(20, 347, 0, 0),
(20, 348, 0, 0),
(20, 349, 0, 0),
(21, 350, 0, 0),
(21, 351, 0, 0),
(21, 352, 0, 0),
(21, 353, 0, 0),
(21, 354, 0, 0),
(21, 355, 0, 0),
(21, 356, 0, 0),
(21, 357, 0, 0),
(21, 358, 0, 0),
(21, 359, 0, 0),
(21, 360, 0, 0),
(21, 361, 0, 0),
(21, 362, 0, 0),
(21, 363, 0, 0),
(21, 364, 0, 0),
(21, 365, 0, 0),
(21, 366, 0, 0),
(21, 367, 0, 0),
(21, 368, 0, 0),
(21, 369, 0, 0),
(21, 370, 0, 0),
(21, 371, 0, 0),
(21, 372, 0, 0),
(21, 373, 0, 0),
(21, 374, 0, 0),
(21, 375, 0, 0),
(21, 376, 0, 0),
(21, 377, 0, 0),
(21, 378, 0, 0),
(21, 379, 0, 0),
(21, 380, 0, 0),
(21, 381, 0, 0),
(21, 382, 0, 0),
(21, 383, 0, 0),
(21, 384, 0, 0),
(21, 385, 0, 0),
(21, 386, 0, 0),
(21, 387, 0, 0),
(22, 388, 0, 0),
(22, 389, 0, 0),
(22, 390, 0, 0),
(22, 391, 0, 0),
(22, 392, 0, 0),
(22, 393, 0, 0),
(22, 394, 0, 0),
(22, 395, 0, 0),
(22, 396, 0, 0),
(22, 397, 0, 0),
(22, 398, 0, 0),
(22, 399, 0, 0),
(22, 400, 0, 0),
(22, 401, 0, 0),
(22, 402, 0, 0),
(22, 403, 0, 0),
(22, 404, 0, 0),
(22, 405, 0, 0),
(22, 406, 0, 0),
(22, 407, 0, 0),
(22, 408, 0, 0),
(22, 409, 0, 0),
(22, 410, 0, 0),
(22, 411, 0, 0),
(22, 412, 0, 0),
(22, 413, 0, 0),
(22, 414, 0, 0),
(22, 415, 0, 0),
(22, 416, 0, 0),
(22, 417, 0, 0),
(22, 418, 0, 0),
(22, 419, 0, 0),
(22, 420, 0, 0),
(22, 421, 0, 0),
(22, 422, 0, 0),
(22, 423, 0, 0),
(22, 424, 0, 0),
(22, 425, 0, 0),
(22, 426, 0, 0),
(22, 427, 0, 0),
(22, 428, 0, 0),
(22, 429, 0, 0),
(22, 430, 0, 0),
(22, 431, 0, 0),
(22, 432, 0, 0),
(22, 433, 0, 0),
(22, 434, 0, 0),
(23, 435, 0, 0),
(23, 436, 0, 0),
(23, 437, 0, 0),
(23, 438, 0, 0),
(23, 439, 0, 0),
(23, 440, 0, 0),
(23, 441, 0, 0),
(23, 442, 0, 0),
(23, 443, 0, 0),
(23, 444, 0, 0),
(23, 445, 0, 0),
(23, 446, 0, 0),
(23, 447, 0, 0),
(23, 448, 0, 0),
(23, 449, 0, 0),
(23, 450, 0, 0),
(23, 451, 0, 0),
(23, 452, 0, 0),
(23, 453, 0, 0),
(23, 454, 0, 0),
(23, 455, 0, 0),
(23, 456, 0, 0),
(23, 457, 0, 0),
(23, 458, 0, 0),
(23, 459, 0, 0),
(23, 460, 0, 0),
(23, 461, 0, 0),
(23, 462, 0, 0),
(23, 463, 0, 0),
(23, 464, 0, 0),
(23, 465, 0, 0),
(23, 466, 0, 0),
(23, 467, 0, 0),
(23, 468, 0, 0),
(23, 469, 0, 0),
(23, 470, 0, 0),
(23, 471, 0, 0),
(23, 472, 0, 0),
(23, 473, 0, 0),
(29, 474, 0, 0),
(29, 478, 0, 0),
(29, 479, 0, 0),
(29, 481, 0, 0),
(29, 488, 0, 0),
(29, 489, 0, 0),
(29, 490, 0, 0),
(29, 491, 0, 0),
(29, 493, 0, 0),
(29, 494, 0, 0),
(29, 495, 0, 0),
(29, 496, 0, 0),
(29, 497, 0, 0),
(29, 502, 0, 0),
(29, 503, 0, 0),
(29, 504, 0, 0),
(29, 505, 0, 0),
(29, 513, 0, 0),
(10, 518, 0, 0),
(10, 519, 0, 0),
(10, 520, 0, 0),
(10, 521, 0, 0),
(10, 522, 0, 0),
(10, 523, 0, 0),
(30, 524, 0, 0),
(30, 525, 0, 0),
(30, 526, 0, 0),
(30, 527, 0, 0),
(30, 528, 0, 0),
(30, 529, 0, 0),
(30, 530, 0, 0),
(30, 531, 0, 0),
(30, 532, 0, 0),
(30, 533, 0, 0),
(30, 534, 0, 0),
(30, 535, 0, 0),
(30, 536, 0, 0),
(30, 537, 0, 0),
(30, 538, 0, 0),
(30, 539, 0, 0),
(30, 540, 0, 0),
(30, 541, 0, 0),
(30, 542, 0, 0),
(31, 543, 0, 0),
(31, 544, 0, 0),
(31, 545, 0, 0),
(31, 546, 0, 0),
(31, 547, 0, 0),
(31, 548, 0, 0),
(31, 549, 0, 0),
(31, 550, 0, 0),
(31, 551, 0, 0),
(31, 552, 0, 0),
(31, 553, 0, 0),
(31, 554, 0, 0),
(31, 555, 0, 0),
(31, 556, 0, 0),
(31, 557, 0, 0),
(31, 558, 0, 0),
(31, 559, 0, 0),
(31, 560, 0, 0),
(31, 561, 0, 0),
(36, 562, 0, 0),
(36, 563, 0, 0),
(36, 564, 0, 0),
(36, 565, 0, 0),
(36, 566, 0, 0),
(36, 567, 0, 0),
(36, 568, 0, 0),
(36, 569, 0, 0),
(36, 570, 0, 0),
(36, 571, 0, 0),
(36, 572, 0, 0),
(36, 573, 0, 0),
(36, 574, 0, 0),
(36, 575, 0, 0),
(36, 576, 0, 0),
(36, 577, 0, 0),
(29, 578, 0, 0),
(38, 579, 0, 0),
(38, 580, 0, 0),
(38, 581, 0, 0),
(38, 582, 0, 0),
(38, 583, 0, 0),
(38, 584, 0, 0),
(38, 585, 0, 0),
(38, 586, 0, 0),
(38, 587, 0, 0),
(38, 588, 0, 0),
(39, 589, 0, 0),
(39, 590, 0, 0),
(39, 591, 0, 0),
(39, 592, 0, 0),
(39, 593, 0, 0),
(39, 594, 0, 0),
(39, 595, 0, 0),
(39, 596, 0, 0),
(39, 597, 0, 0),
(39, 598, 0, 0),
(39, 599, 0, 0),
(39, 600, 0, 0),
(39, 601, 0, 0),
(39, 602, 0, 0),
(39, 603, 0, 0),
(40, 604, 0, 0),
(40, 605, 0, 0),
(40, 606, 0, 0),
(40, 607, 0, 0),
(40, 608, 0, 0),
(40, 609, 0, 0),
(40, 610, 0, 0),
(40, 611, 0, 0),
(40, 612, 0, 0),
(40, 613, 0, 0),
(40, 614, 0, 0),
(40, 615, 0, 0),
(40, 616, 0, 0),
(40, 617, 0, 0),
(40, 618, 0, 0),
(40, 619, 0, 0),
(40, 620, 0, 0),
(42, 621, 0, 0),
(42, 622, 0, 0),
(42, 623, 0, 0),
(42, 624, 0, 0),
(42, 625, 0, 0),
(42, 626, 0, 0),
(42, 627, 0, 0),
(42, 628, 0, 0),
(42, 629, 0, 0),
(42, 630, 0, 0),
(42, 631, 0, 0),
(42, 632, 0, 0),
(42, 633, 0, 0),
(42, 634, 0, 0),
(42, 635, 0, 0),
(42, 636, 0, 0),
(42, 637, 0, 0),
(42, 638, 0, 0),
(45, 639, 0, 0),
(45, 640, 0, 0),
(45, 641, 0, 0),
(45, 642, 0, 0),
(45, 643, 0, 0),
(45, 644, 0, 0),
(45, 645, 0, 0),
(48, 646, 0, 0),
(48, 647, 0, 0),
(48, 648, 0, 0),
(48, 649, 0, 0),
(48, 650, 0, 0),
(2, 651, 0, 0),
(29, 652, 0, 0),
(23, 653, 0, 0),
(23, 654, 0, 0),
(23, 655, 0, 0),
(23, 656, 0, 0),
(23, 657, 0, 0),
(23, 658, 0, 0),
(23, 659, 0, 0),
(23, 660, 0, 0),
(23, 661, 0, 0),
(22, 662, 0, 0),
(22, 663, 0, 0),
(22, 664, 0, 0),
(22, 665, 0, 0),
(22, 666, 0, 0),
(22, 667, 0, 0),
(22, 668, 0, 0),
(22, 669, 0, 0),
(22, 670, 0, 0),
(21, 671, 0, 0),
(21, 672, 0, 0),
(21, 673, 0, 0),
(21, 674, 0, 0),
(21, 675, 0, 0),
(21, 676, 0, 0),
(21, 677, 0, 0),
(21, 678, 0, 0),
(21, 679, 0, 0),
(20, 680, 0, 0),
(20, 681, 0, 0),
(20, 682, 0, 0),
(20, 683, 0, 0),
(20, 684, 0, 0),
(20, 685, 0, 0),
(20, 686, 0, 0),
(20, 687, 0, 0),
(20, 688, 0, 0),
(29, 689, 0, 0),
(39, 690, 0, 0),
(45, 691, 0, 0),
(29, 692, 0, 0),
(29, 693, 0, 0),
(29, 694, 0, 0),
(23, 695, 0, 0),
(22, 696, 0, 0),
(21, 697, 0, 0),
(20, 698, 0, 0),
(29, 699, 0, 0),
(6, 700, 0, 0),
(4, 701, 0, 0),
(2, 702, 0, 0),
(29, 703, 0, 0),
(23, 704, 0, 0),
(23, 705, 0, 0),
(21, 706, 0, 0),
(21, 707, 0, 0),
(18, 708, 0, 0),
(7, 709, 0, 0),
(45, 710, 0, 0),
(45, 711, 0, 0),
(23, 712, 0, 0),
(20, 713, 0, 0),
(21, 714, 0, 0),
(22, 715, 0, 0),
(29, 716, 0, 0),
(2, 717, 0, 0),
(13, 718, 0, 0),
(29, 719, 0, 0),
(13, 720, 0, 0),
(29, 721, 0, 0),
(29, 722, 0, 0),
(29, 723, 0, 0),
(9, 729, 0, 0),
(29, 750, 0, 0);

-- --------------------------------------------------------

--
-- Estructura de tabla para la tabla `vtiger_def_org_share`
--

CREATE TABLE IF NOT EXISTS `vtiger_def_org_share` (
`ruleid` int(11) NOT NULL,
  `tabid` int(11) NOT NULL,
  `permission` int(19) DEFAULT NULL,
  `editstatus` int(19) DEFAULT NULL
) ENGINE=InnoDB AUTO_INCREMENT=26 DEFAULT CHARSET=latin1;

--
-- Volcado de datos para la tabla `vtiger_def_org_share`
--

INSERT INTO `vtiger_def_org_share` (`ruleid`, `tabid`, `permission`, `editstatus`) VALUES
(1, 2, 2, 0),
(2, 4, 2, 2),
(3, 6, 2, 0),
(4, 7, 2, 0),
(5, 9, 3, 1),
(6, 13, 2, 0),
(7, 16, 3, 2),
(8, 20, 2, 0),
(9, 21, 2, 0),
(10, 22, 2, 0),
(11, 23, 2, 0),
(12, 26, 2, 0),
(13, 8, 2, 0),
(14, 14, 2, 0),
(15, 30, 2, 0),
(16, 31, 2, 0),
(17, 36, 3, 0),
(18, 38, 2, 0),
(19, 39, 2, 0),
(20, 40, 2, 0),
(21, 42, 2, 0),
(22, 45, 2, 0),
(23, 48, 2, 0),
(24, 18, 2, 0),
(25, 10, 2, 0);

-- --------------------------------------------------------

--
-- Estructura de tabla para la tabla `vtiger_def_org_share_seq`
--

CREATE TABLE IF NOT EXISTS `vtiger_def_org_share_seq` (
  `id` int(11) NOT NULL
) ENGINE=InnoDB DEFAULT CHARSET=latin1;

--
-- Volcado de datos para la tabla `vtiger_def_org_share_seq`
--

INSERT INTO `vtiger_def_org_share_seq` (`id`) VALUES
(25);

-- --------------------------------------------------------

--
-- Estructura de tabla para la tabla `vtiger_durationhrs`
--

CREATE TABLE IF NOT EXISTS `vtiger_durationhrs` (
`hrsid` int(19) NOT NULL,
  `hrs` varchar(50) DEFAULT NULL,
  `sortorderid` int(19) NOT NULL DEFAULT '0',
  `presence` int(1) NOT NULL DEFAULT '1'
) ENGINE=InnoDB DEFAULT CHARSET=latin1;

-- --------------------------------------------------------

--
-- Estructura de tabla para la tabla `vtiger_durationmins`
--

CREATE TABLE IF NOT EXISTS `vtiger_durationmins` (
`minsid` int(19) NOT NULL,
  `mins` varchar(50) DEFAULT NULL,
  `sortorderid` int(19) NOT NULL DEFAULT '0',
  `presence` int(1) NOT NULL DEFAULT '1'
) ENGINE=InnoDB DEFAULT CHARSET=latin1;

-- --------------------------------------------------------

--
-- Estructura de tabla para la tabla `vtiger_duration_minutes`
--

CREATE TABLE IF NOT EXISTS `vtiger_duration_minutes` (
`minutesid` int(19) NOT NULL,
  `duration_minutes` varchar(200) NOT NULL,
  `sortorderid` int(19) NOT NULL DEFAULT '0',
  `presence` int(1) NOT NULL DEFAULT '1'
) ENGINE=InnoDB AUTO_INCREMENT=5 DEFAULT CHARSET=latin1;

--
-- Volcado de datos para la tabla `vtiger_duration_minutes`
--

INSERT INTO `vtiger_duration_minutes` (`minutesid`, `duration_minutes`, `sortorderid`, `presence`) VALUES
(1, '00', 0, 1),
(2, '15', 1, 1),
(3, '30', 2, 1),
(4, '45', 3, 1);

-- --------------------------------------------------------

--
-- Estructura de tabla para la tabla `vtiger_duration_minutes_seq`
--

CREATE TABLE IF NOT EXISTS `vtiger_duration_minutes_seq` (
  `id` int(11) NOT NULL
) ENGINE=InnoDB DEFAULT CHARSET=latin1;

--
-- Volcado de datos para la tabla `vtiger_duration_minutes_seq`
--

INSERT INTO `vtiger_duration_minutes_seq` (`id`) VALUES
(4);

-- --------------------------------------------------------

--
-- Estructura de tabla para la tabla `vtiger_emaildetails`
--

CREATE TABLE IF NOT EXISTS `vtiger_emaildetails` (
  `emailid` int(19) NOT NULL,
  `from_email` varchar(50) NOT NULL DEFAULT '',
  `to_email` text,
  `cc_email` text,
  `bcc_email` text,
  `assigned_user_email` varchar(50) NOT NULL DEFAULT '',
  `idlists` text,
  `email_flag` varchar(50) NOT NULL DEFAULT ''
) ENGINE=InnoDB DEFAULT CHARSET=latin1;

-- --------------------------------------------------------

--
-- Estructura de tabla para la tabla `vtiger_emailtemplates`
--

CREATE TABLE IF NOT EXISTS `vtiger_emailtemplates` (
  `foldername` varchar(100) DEFAULT NULL,
  `templatename` varchar(100) DEFAULT NULL,
  `subject` varchar(100) DEFAULT NULL,
  `description` text,
  `body` text,
  `deleted` int(1) NOT NULL DEFAULT '0',
`templateid` int(19) NOT NULL
) ENGINE=InnoDB AUTO_INCREMENT=13 DEFAULT CHARSET=latin1;

--
-- Volcado de datos para la tabla `vtiger_emailtemplates`
--

INSERT INTO `vtiger_emailtemplates` (`foldername`, `templatename`, `subject`, `description`, `body`, `deleted`, `templateid`) VALUES
('Public', 'Announcement for Release', 'Announcement for Release', 'Announcement of a release', 'Hello!   <br />\n	<br />\n	On behalf of the vtiger team,  I am pleased to announce the release of vtiger crm4.2 . This is a feature packed release including the mass email template handling, custom view feature, vtiger_reports feature and a host of other utilities. vtiger runs on all platforms.    <br />\n        <br />\n	Notable Features of vtiger are :   <br />\n	<br />\n	-Email Client Integration    <br />\n	-Trouble Ticket Integration   <br />\n	-Invoice Management Integration   <br />\n	-Reports Integration   <br />\n	-Portal Integration   <br />\n	-Enhanced Word Plugin Support   <br />\n	-Custom View Integration   <br />\n	<br />\n	Known Issues:   <br />\n	-ABCD   <br />\n	-EFGH   <br />\n	-IJKL   <br />\n	-MNOP   <br />\n	-QRST', 0, 1),
('Public', 'Pending Invoices', 'Invoices Pending', 'Payment Due', 'name <br />\nstreet, <br />\ncity, <br />\nstate, <br />\n zip) <br />\n  <br />\n Dear <br />\n <br />\n Please check the following invoices that are yet to be paid by you: <br />\n <br />\n No. Date      Amount <br />\n 1   1/1/01    $4000 <br />\n 2   2/2//01   $5000 <br />\n 3   3/3/01    $10000 <br />\n 4   7/4/01    $23560 <br />\n <br />\n Kindly let us know if there are any issues that you feel are pending to be discussed. <br />\n We will be more than happy to give you a call. <br />\n We would like to continue our business with you.', 0, 2),
('Public', 'Acceptance Proposal', 'Acceptance Proposal', 'Acceptance of Proposal', ' Dear <br />\n <br />\nYour proposal on the project XYZW has been reviewed by us <br />\nand is acceptable in its entirety. <br />\n <br />\nWe are eagerly looking forward to this project <br />\nand are pleased about having the opportunity to work <br />\ntogether. We look forward to a long standing relationship <br />\nwith your esteemed firm. <br />\n<br />\nI would like to take this opportunity to invite you <br />\nto a game of golf on Wednesday morning 9am at the <br />\nCuff Links Ground. We will be waiting for you in the <br />\nExecutive Lounge. <br />\n<br />\nLooking forward to seeing you there.', 0, 3),
('Public', 'Goods received acknowledgement', 'Goods received acknowledgement', 'Acknowledged Receipt of Goods', ' The undersigned hereby acknowledges receipt and delivery of the goods. <br />\nThe undersigned will release the payment subject to the goods being discovered not satisfactory. <br />\n<br />\nSigned under seal this <date>', 0, 4),
('Public', 'Accept Order', 'Accept Order', 'Acknowledgement/Acceptance of Order', ' Dear <br />\n         We are in receipt of your order as contained in the <br />\n   purchase order form.We consider this to be final and binding on both sides. <br />\nIf there be any exceptions noted, we shall consider them <br />\nonly if the objection is received within ten days of receipt of <br />\nthis notice. <br />\n <br />\nThank you for your patronage.', 0, 5),
('Public', 'Address Change', 'Change of Address', 'Address Change', 'Dear <br />\n <br />\nWe are relocating our office to <br />\n11111,XYZDEF Cross, <br />\nUVWWX Circle <br />\nThe telephone number for this new location is (101) 1212-1328. <br />\n<br />\nOur Manufacturing Division will continue operations <br />\nat 3250 Lovedale Square Avenue, in Frankfurt. <br />\n<br />\nWe hope to keep in touch with you all. <br />\nPlease update your addressbooks.', 0, 6),
('Public', 'Follow Up', 'Follow Up', 'Follow Up of meeting', 'Dear <br />\n<br />\nThank you for extending us the opportunity to meet with <br />\nyou and members of your staff. <br />\n<br />\nI know that John Doe serviced your account <br />\nfor many years and made many friends at your firm. He has personally <br />\ndiscussed with me the deep relationship that he had with your firm. <br />\nWhile his presence will be missed, I can promise that we will <br />\ncontinue to provide the fine service that was accorded by <br />\nJohn to your firm. <br />\n<br />\nI was genuinely touched to receive such fine hospitality. <br />\n<br />\nThank you once again.', 0, 7),
('Public', 'Target Crossed!', 'Target Crossed!', 'Fantastic Sales Spree!', 'Congratulations! <br />\n<br />\nThe numbers are in and I am proud to inform you that our <br />\ntotal sales for the previous quarter <br />\namounts to $100,000,00.00!. This is the first time <br />\nwe have exceeded the target by almost 30%. <br />\nWe have also beat the previous quarter record by a <br />\nwhopping 75%! <br />\n<br />\nLet us meet at Smoking Joe for a drink in the evening! <br />\n\nC you all there guys!', 0, 8),
('Public', 'Thanks Note', 'Thanks Note', 'Note of thanks', 'Dear <br />\n<br />\nThank you for your confidence in our ability to serve you. <br />\nWe are glad to be given the chance to serve you.I look <br />\nforward to establishing a long term partnership with you. <br />\nConsider me as a friend. <br />\nShould any need arise,please do give us a call.', 0, 9),
('Public', 'Customer Login Details', 'Customer Portal Login Details', 'Send Portal login details to customer', '<table width="700" cellspacing="0" cellpadding="0" border="0" align="center" style="font-family: Arial,Helvetica,sans-serif; font-size: 12px; font-weight: normal; text-decoration: none; background-color: rgb(122, 122, 254);">\n        <tr>\n            <td> </td>\n            <td> </td>\n            <td> </td>\n        </tr>\n        <tr>\n            <td> </td>\n            <td> </td>\n            <td> </td>\n        </tr>\n        <tr>\n            <td> </td>\n            <td> </td>\n            <td> </td>\n        </tr>\n        <tr>\n            <td width="50"> </td>\n            <td>\n            <table width="100%" cellspacing="0" cellpadding="0" border="0">\n                    <tr>\n                        <td>\n                        <table width="100%" cellspacing="0" cellpadding="0" border="0" style="background-color: rgb(27, 77, 140); font-family: Arial,Helvetica,sans-serif; font-size: 14px; color: rgb(255, 255, 255); font-weight: normal; line-height: 25px;">\n                                <tr>\n                                    <td align="center" rowspan="4">$logo$</td>\n                                    <td align="center"> </td>\n                                </tr>\n                                <tr>\n                                    <td align="left" style="background-color: rgb(27, 77, 140); font-family: Arial,Helvetica,sans-serif; font-size: 24px; color: rgb(255, 255, 255); font-weight: bolder; line-height: 35px;">vtiger CRM<br /> </td>\n                                </tr>\n                                <tr>\n                                    <td align="right" style="padding-right: 100px;">The honest Open Source CRM </td>\n                                </tr>\n                                <tr>\n                                    <td> </td>\n                                </tr>\n                        </table>\n                        </td>\n                    </tr>\n                    <tr>\n                        <td>\n                        <table width="100%" cellspacing="0" cellpadding="0" border="0" style="font-family: Arial,Helvetica,sans-serif; font-size: 12px; font-weight: normal; color: rgb(0, 0, 0); background-color: rgb(255, 255, 255);">\n                                <tr>\n                                    <td valign="top">\n                                    <table width="100%" cellspacing="0" cellpadding="5" border="0">\n                                            <tr>\n                                                <td align="right" style="font-family: Arial,Helvetica,sans-serif; font-size: 12px; font-weight: bolder; text-decoration: none; color: rgb(66, 66, 253);"> </td>\n                                            </tr>\n                                            <tr>\n                                                <td> </td>\n                                            </tr>\n                                            <tr>\n                                                <td style="font-family: Arial,Helvetica,sans-serif; font-size: 14px; color: rgb(22, 72, 134); font-weight: bolder; line-height: 15px;">Dear $contact_name$, </td>\n                                            </tr>\n                                            <tr>\n                                                <td style="font-family: Arial,Helvetica,sans-serif; font-size: 12px; color: rgb(0, 0, 0); font-weight: normal; text-align: justify; line-height: 20px;"> Thank you very much for subscribing to the vtiger CRM - annual support service.<br />Here is your self service portal login details:</td>\n                                            </tr>\n                                            <tr>\n                                                <td align="center">\n                                                <table width="75%" cellspacing="0" cellpadding="10" border="0" style="border: 2px solid rgb(180, 180, 179); background-color: rgb(226, 226, 225); font-family: Arial,Helvetica,sans-serif; font-size: 12px; color: rgb(0, 0, 0); font-weight: normal;">\n                                                        <tr>\n                                                            <td><br />User ID     : <font color="#990000"><strong> $login_name$</strong></font> </td>\n                                                        </tr>\n                                                        <tr>\n                                                            <td>Password: <font color="#990000"><strong> $password$</strong></font> </td>\n                                                        </tr>\n                                                        <tr>\n                                                            <td align="center"> <strong>  $URL$<br /> </strong> </td>\n                                                        </tr>\n                                                </table>\n                                                </td>\n                                            </tr>\n                                            <tr>\n                                                <td style="font-family: Arial,Helvetica,sans-serif; font-size: 12px; color: rgb(0, 0, 0); font-weight: normal; text-align: justify; line-height: 20px;"><strong>NOTE:</strong> We suggest you to change your password after logging in first time. <br /><br /> <strong><u>Help Documentation</u></strong><br />  <br /> After logging in to vtiger Self-service Portal first time, you can access the vtiger CRM documents from the <strong>Documents</strong> tab. Following documents are available for your reference:<br />\n                                                <ul>\n                                                    <li>Installation Manual (Windows &amp; Linux OS)<br /> </li>\n                                                    <li>User &amp; Administrator Manual<br /> </li>\n                                                    <li>vtiger Customer Portal - User Manual<br /> </li>\n                                                    <li>vtiger Outlook Plugin - User Manual<br /> </li>\n                                                    <li>vtiger Office Plug-in - User Manual<br /> </li>\n                                                    <li>vtiger Thunderbird Extension - User Manual<br /> </li>\n                                                    <li>vtiger Web Forms - User Manual<br /> </li>\n                                                    <li>vtiger Firefox Tool bar - User Manual<br /> </li>\n                                                </ul>\n                                                <br />  <br /> <strong><u>Knowledge Base</u></strong><br /> <br /> Periodically we update frequently asked question based on our customer experiences. You can access the latest articles from the <strong>FAQ</strong> tab.<br /> <br /> <strong><u>vtiger CRM - Details</u></strong><br /> <br /> Kindly let us know your current vtiger CRM version and system specification so that we can provide you necessary guidelines to enhance your vtiger CRM system performance. Based on your system specification we alert you about the latest security &amp; upgrade patches.<br />  <br />			 Thank you once again and wish you a wonderful experience with vtiger CRM.<br /> </td>\n                                            </tr>\n                                            <tr>\n                                                <td align="right"><strong style="padding: 2px; font-family: Arial,Helvetica,sans-serif; font-size: 12px; color: rgb(0, 0, 0); font-weight: bold;"><br /><br />Best Regards</strong></td>\n                                            </tr>\n                                            <tr>\n                                                <td align="right" style="font-family: Arial,Helvetica,sans-serif; font-size: 12px; color: rgb(0, 0, 0); font-weight: normal; line-height: 20px;">$support_team$ </td>\n                                            </tr>\n                                            <tr>\n                                                <td align="right"><a style="font-family: Arial,Helvetica,sans-serif; font-size: 12px; font-weight: bolder; text-decoration: none; color: rgb(66, 66, 253);" href="http://www.vtiger.com">www.vtiger.com</a></td>\n                                            </tr>\n                                            <tr>\n                                                <td> </td>\n                                            </tr>\n                                    </table>\n                                    </td>\n                                    <td width="1%" valign="top"> </td>\n                                </tr>\n                        </table>\n                        </td>\n                    </tr>\n                    <tr>\n                        <td>\n                        <table width="100%" cellspacing="0" cellpadding="5" border="0" style="font-family: Arial,Helvetica,sans-serif; font-size: 12px; color: rgb(255, 255, 255); font-weight: normal; line-height: 15px; background-color: rgb(51, 51, 51);">\n                                <tr>\n                                    <td align="center">Shree Narayana Complex, No 11 Sarathy Nagar, Vijaya Nagar , Velachery, Chennai - 600 042 India </td>\n                                </tr>\n                                <tr>\n                                    <td align="center">Telephone No: +91 - 44 - 4202 - 1990     Toll Free No: +1 877 788 4437</td>\n                                </tr>\n                                <tr>\n                                    <td align="center">Email Id: <a style="font-family: Arial,Helvetica,sans-serif; font-size: 12px; font-weight: bolder; text-decoration: none; color: rgb(255, 255, 255);" href="mailto:support@vtiger.com">support@vtiger.com</a></td>\n                                </tr>\n                        </table>\n                        </td>\n                    </tr>\n            </table>\n            </td>\n            <td width="50"> </td>\n        </tr>\n        <tr>\n            <td> </td>\n            <td> </td>\n            <td> </td>\n        </tr>\n        <tr>\n            <td> </td>\n            <td> </td>\n            <td> </td>\n        </tr>\n        <tr>\n            <td> </td>\n            <td> </td>\n            <td> </td>\n        </tr>\n</table>', 0, 10),
('Public', 'Support end notification before a week', 'VtigerCRM Support Notification', 'Send Notification mail to customer before a week of support end date', '<table width="700" cellspacing="0" cellpadding="0" border="0" align="center" style="font-family: Arial,Helvetica,sans-serif; font-size: 12px; font-weight: normal; text-decoration: none; background-color: rgb(122, 122, 254);">\n        <tr>\n            <td> </td>\n            <td> </td>\n            <td> </td>\n        </tr>\n        <tr>\n            <td> </td>\n            <td> </td>\n            <td> </td>\n        </tr>\n        <tr>\n            <td> </td>\n            <td> </td>\n            <td> </td>\n        </tr>\n        <tr>\n            <td width="50"> </td>\n            <td>\n            <table width="100%" cellspacing="0" cellpadding="0" border="0">\n                    <tr>\n                        <td>\n                        <table width="100%" cellspacing="0" cellpadding="0" border="0" style="background-color: rgb(27, 77, 140); font-family: Arial,Helvetica,sans-serif; font-size: 14px; color: rgb(255, 255, 255); font-weight: normal; line-height: 25px;">\n                                <tr>\n                                    <td align="center" rowspan="4">$logo$</td>\n                                    <td align="center"> </td>\n                                </tr>\n                                <tr>\n                                    <td align="left" style="background-color: rgb(27, 77, 140); font-family: Arial,Helvetica,sans-serif; font-size: 24px; color: rgb(255, 255, 255); font-weight: bolder; line-height: 35px;">vtiger CRM </td>\n                                </tr>\n                                <tr>\n                                    <td align="right" style="padding-right: 100px;">The honest Open Source CRM </td>\n                                </tr>\n                                <tr>\n                                    <td> </td>\n                                </tr>\n                        </table>\n                        </td>\n                    </tr>\n                    <tr>\n                        <td>\n                        <table width="100%" cellspacing="0" cellpadding="0" border="0" style="font-family: Arial,Helvetica,sans-serif; font-size: 12px; font-weight: normal; color: rgb(0, 0, 0); background-color: rgb(255, 255, 255);">\n                                <tr>\n                                    <td valign="top">\n                                    <table width="100%" cellspacing="0" cellpadding="5" border="0">\n                                            <tr>\n                                                <td align="right" style="font-family: Arial,Helvetica,sans-serif; font-size: 12px; font-weight: bolder; text-decoration: none; color: rgb(66, 66, 253);"> </td>\n                                            </tr>\n                                            <tr>\n                                                <td> </td>\n                                            </tr>\n                                            <tr>\n                                                <td style="font-family: Arial,Helvetica,sans-serif; font-size: 14px; color: rgb(22, 72, 134); font-weight: bolder; line-height: 15px;">Dear $contacts-lastname$, </td>\n                                            </tr>\n                                            <tr>\n                                                <td style="font-family: Arial,Helvetica,sans-serif; font-size: 12px; color: rgb(0, 0, 0); font-weight: normal; text-align: justify; line-height: 20px;">This is just a notification mail regarding your support end.<br /><span style="font-weight: bold;">Priority:</span> Urgent<br />Your Support is going to expire on next week<br />Please contact support@vtiger.com.<br /><br /><br /></td>\n                                            </tr>\n                                            <tr>\n                                                <td align="center"><br /></td>\n                                            </tr>\n                                            <tr>\n                                                <td align="right"><strong style="padding: 2px; font-family: Arial,Helvetica,sans-serif; font-size: 12px; color: rgb(0, 0, 0); font-weight: bold;"><br /><br />Sincerly</strong></td>\n                                            </tr>\n                                            <tr>\n                                                <td align="right" style="font-family: Arial,Helvetica,sans-serif; font-size: 12px; color: rgb(0, 0, 0); font-weight: normal; line-height: 20px;">Support Team </td>\n                                            </tr>\n                                            <tr>\n                                                <td align="right"><a style="font-family: Arial,Helvetica,sans-serif; font-size: 12px; font-weight: bolder; text-decoration: none; color: rgb(66, 66, 253);" href="http://www.vtiger.com">www.vtiger.com</a></td>\n                                            </tr>\n                                            <tr>\n                                                <td> </td>\n                                            </tr>\n                                    </table>\n                                    </td>\n                                    <td width="1%" valign="top"> </td>\n                                </tr>\n                        </table>\n                        </td>\n                    </tr>\n                    <tr>\n                        <td>\n                        <table width="100%" cellspacing="0" cellpadding="5" border="0" style="font-family: Arial,Helvetica,sans-serif; font-size: 12px; color: rgb(255, 255, 255); font-weight: normal; line-height: 15px; background-color: rgb(51, 51, 51);">\n                                <tr>\n                                    <td align="center">Shree Narayana Complex, No 11 Sarathy Nagar, Vijaya Nagar , Velachery, Chennai - 600 042 India </td>\n                                </tr>\n                                <tr>\n                                    <td align="center">Telephone No: +91 - 44 - 4202 - 1990     Toll Free No: +1 877 788 4437</td>\n                                </tr>\n                                <tr>\n                                    <td align="center">Email Id: <a style="font-family: Arial,Helvetica,sans-serif; font-size: 12px; font-weight: bolder; text-decoration: none; color: rgb(255, 255, 255);" href="mailto:info@vtiger.com">info@vtiger.com</a></td>\n                                </tr>\n                        </table>\n                        </td>\n                    </tr>\n            </table>\n            </td>\n            <td width="50"> </td>\n        </tr>\n        <tr>\n            <td> </td>\n            <td> </td>\n            <td> </td>\n        </tr>\n        <tr>\n            <td> </td>\n            <td> </td>\n            <td> </td>\n        </tr>\n        <tr>\n            <td> </td>\n            <td> </td>\n            <td> </td>\n        </tr>\n</table>', 0, 11),
('Public', 'Support end notification before a month', 'VtigerCRM Support Notification', 'Send Notification mail to customer before a month of support end date', '<table width="700" cellspacing="0" cellpadding="0" border="0" align="center" style="font-family: Arial,Helvetica,sans-serif; font-size: 12px; font-weight: normal; text-decoration: none; background-color: rgb(122, 122, 254);">\n        <tr>\n            <td> </td>\n            <td> </td>\n            <td> </td>\n        </tr>\n        <tr>\n            <td> </td>\n            <td> </td>\n            <td> </td>\n        </tr>\n        <tr>\n            <td> </td>\n            <td> </td>\n            <td> </td>\n        </tr>\n        <tr>\n            <td width="50"> </td>\n            <td>\n            <table width="100%" cellspacing="0" cellpadding="0" border="0">\n                    <tr>\n                        <td>\n                        <table width="100%" cellspacing="0" cellpadding="0" border="0" style="background-color: rgb(27, 77, 140); font-family: Arial,Helvetica,sans-serif; font-size: 14px; color: rgb(255, 255, 255); font-weight: normal; line-height: 25px;">\n                                <tr>\n                                    <td align="center" rowspan="4">$logo$</td>\n                                    <td align="center"> </td>\n                                </tr>\n                                <tr>\n                                    <td align="left" style="background-color: rgb(27, 77, 140); font-family: Arial,Helvetica,sans-serif; font-size: 24px; color: rgb(255, 255, 255); font-weight: bolder; line-height: 35px;">vtiger CRM </td>\n                                </tr>\n                                <tr>\n                                    <td align="right" style="padding-right: 100px;">The honest Open Source CRM </td>\n                                </tr>\n                                <tr>\n                                    <td> </td>\n                                </tr>\n                        </table>\n                        </td>\n                    </tr>\n                    <tr>\n                        <td>\n                        <table width="100%" cellspacing="0" cellpadding="0" border="0" style="font-family: Arial,Helvetica,sans-serif; font-size: 12px; font-weight: normal; color: rgb(0, 0, 0); background-color: rgb(255, 255, 255);">\n                                <tr>\n                                    <td valign="top">\n                                    <table width="100%" cellspacing="0" cellpadding="5" border="0">\n                                            <tr>\n                                                <td align="right" style="font-family: Arial,Helvetica,sans-serif; font-size: 12px; font-weight: bolder; text-decoration: none; color: rgb(66, 66, 253);"> </td>\n                                            </tr>\n                                            <tr>\n                                                <td> </td>\n                                            </tr>\n                                            <tr>\n                                                <td style="font-family: Arial,Helvetica,sans-serif; font-size: 14px; color: rgb(22, 72, 134); font-weight: bolder; line-height: 15px;">Dear $contacts-lastname$, </td>\n                                            </tr>\n                                            <tr>\n                                                <td style="font-family: Arial,Helvetica,sans-serif; font-size: 12px; color: rgb(0, 0, 0); font-weight: normal; text-align: justify; line-height: 20px;">This is just a notification mail regarding your support end.<br /><span style="font-weight: bold;">Priority:</span> Normal<br />Your Support is going to expire on next month.<br />Please contact support@vtiger.com<br /><br /><br /></td>\n                                            </tr>\n                                            <tr>\n                                                <td align="center"><br /></td>\n                                            </tr>\n                                            <tr>\n                                                <td align="right"><strong style="padding: 2px; font-family: Arial,Helvetica,sans-serif; font-size: 12px; color: rgb(0, 0, 0); font-weight: bold;"><br /><br />Sincerly</strong></td>\n                                            </tr>\n                                            <tr>\n                                                <td align="right" style="font-family: Arial,Helvetica,sans-serif; font-size: 12px; color: rgb(0, 0, 0); font-weight: normal; line-height: 20px;">Support Team </td>\n                                            </tr>\n                                            <tr>\n                                                <td align="right"><a href="http://www.vtiger.com" style="font-family: Arial,Helvetica,sans-serif; font-size: 12px; font-weight: bolder; text-decoration: none; color: rgb(66, 66, 253);">www.vtiger.com</a></td>\n                                            </tr>\n                                            <tr>\n                                                <td> </td>\n                                            </tr>\n                                    </table>\n                                    </td>\n                                    <td width="1%" valign="top"> </td>\n                                </tr>\n                        </table>\n                        </td>\n                    </tr>\n                    <tr>\n                        <td>\n                        <table width="100%" cellspacing="0" cellpadding="5" border="0" style="font-family: Arial,Helvetica,sans-serif; font-size: 12px; color: rgb(255, 255, 255); font-weight: normal; line-height: 15px; background-color: rgb(51, 51, 51);">\n                                <tr>\n                                    <td align="center">Shree Narayana Complex, No 11 Sarathy Nagar, Vijaya Nagar , Velachery, Chennai - 600 042 India </td>\n                                </tr>\n                                <tr>\n                                    <td align="center">Telephone No: +91 - 44 - 4202 - 1990     Toll Free No: +1 877 788 4437</td>\n                                </tr>\n                                <tr>\n                                    <td align="center">Email Id: <a href="mailto:info@vtiger.com" style="font-family: Arial,Helvetica,sans-serif; font-size: 12px; font-weight: bolder; text-decoration: none; color: rgb(255, 255, 255);">info@vtiger.com</a></td>\n                                </tr>\n                        </table>\n                        </td>\n                    </tr>\n            </table>\n            </td>\n            <td width="50"> </td>\n        </tr>\n        <tr>\n            <td> </td>\n            <td> </td>\n            <td> </td>\n        </tr>\n        <tr>\n            <td> </td>\n            <td> </td>\n            <td> </td>\n        </tr>\n        <tr>\n            <td> </td>\n            <td> </td>\n            <td> </td>\n        </tr>\n</table>', 0, 12);

-- --------------------------------------------------------

--
-- Estructura de tabla para la tabla `vtiger_emailtemplates_seq`
--

CREATE TABLE IF NOT EXISTS `vtiger_emailtemplates_seq` (
  `id` int(11) NOT NULL
) ENGINE=InnoDB DEFAULT CHARSET=latin1;

--
-- Volcado de datos para la tabla `vtiger_emailtemplates_seq`
--

INSERT INTO `vtiger_emailtemplates_seq` (`id`) VALUES
(13);

-- --------------------------------------------------------

--
-- Estructura de tabla para la tabla `vtiger_email_access`
--

CREATE TABLE IF NOT EXISTS `vtiger_email_access` (
  `crmid` int(11) DEFAULT NULL,
  `mailid` int(11) DEFAULT NULL,
  `accessdate` date DEFAULT NULL,
  `accesstime` datetime DEFAULT NULL
) ENGINE=InnoDB DEFAULT CHARSET=latin1;

-- --------------------------------------------------------

--
-- Estructura de tabla para la tabla `vtiger_email_track`
--

CREATE TABLE IF NOT EXISTS `vtiger_email_track` (
  `crmid` int(11) DEFAULT NULL,
  `mailid` int(11) DEFAULT NULL,
  `access_count` int(11) DEFAULT NULL
) ENGINE=InnoDB DEFAULT CHARSET=latin1;

-- --------------------------------------------------------

--
-- Estructura de tabla para la tabla `vtiger_entityname`
--

CREATE TABLE IF NOT EXISTS `vtiger_entityname` (
  `tabid` int(19) NOT NULL DEFAULT '0',
  `modulename` varchar(50) NOT NULL,
  `tablename` varchar(100) NOT NULL,
  `fieldname` varchar(150) NOT NULL,
  `entityidfield` varchar(150) NOT NULL,
  `entityidcolumn` varchar(150) NOT NULL
) ENGINE=InnoDB DEFAULT CHARSET=latin1;

--
-- Volcado de datos para la tabla `vtiger_entityname`
--

INSERT INTO `vtiger_entityname` (`tabid`, `modulename`, `tablename`, `fieldname`, `entityidfield`, `entityidcolumn`) VALUES
(2, 'Potentials', 'vtiger_potential', 'potentialname', 'potentialid', 'potential_id'),
(4, 'Contacts', 'vtiger_contactdetails', 'firstname,lastname', 'contactid', 'contact_id'),
(6, 'Accounts', 'vtiger_account', 'accountname', 'accountid', 'account_id'),
(7, 'Leads', 'vtiger_leaddetails', 'firstname,lastname', 'leadid', 'leadid'),
(8, 'Documents', 'vtiger_notes', 'title', 'notesid', 'notesid'),
(9, 'Calendar', 'vtiger_activity', 'subject', 'activityid', 'activityid'),
(10, 'Emails', 'vtiger_activity', 'subject', 'activityid', 'activityid'),
(13, 'HelpDesk', 'vtiger_troubletickets', 'title', 'ticketid', 'ticketid'),
(14, 'Products', 'vtiger_products', 'productname', 'productid', 'product_id'),
(15, 'Faq', 'vtiger_faq', 'question', 'id', 'id'),
(18, 'Vendors', 'vtiger_vendor', 'vendorname', 'vendorid', 'vendor_id'),
(19, 'PriceBooks', 'vtiger_pricebook', 'bookname', 'pricebookid', 'pricebookid'),
(20, 'Quotes', 'vtiger_quotes', 'subject', 'quoteid', 'quote_id'),
(21, 'PurchaseOrder', 'vtiger_purchaseorder', 'subject', 'purchaseorderid', 'purchaseorderid'),
(22, 'SalesOrder', 'vtiger_salesorder', 'subject', 'salesorderid', 'salesorder_id'),
(23, 'Invoice', 'vtiger_invoice', 'subject', 'invoiceid', 'invoiceid'),
(26, 'Campaigns', 'vtiger_campaign', 'campaignname', 'campaignid', 'campaignid'),
(29, 'Users', 'vtiger_users', 'first_name,last_name', 'id', 'id'),
(30, 'ServiceContracts', 'vtiger_servicecontracts', 'subject', 'servicecontractsid', 'servicecontractsid'),
(31, 'Services', 'vtiger_service', 'servicename', 'serviceid', 'serviceid'),
(36, 'PBXManager', 'vtiger_pbxmanager', 'customernumber', 'pbxmanagerid', 'pbxmanagerid'),
(38, 'ProjectMilestone', 'vtiger_projectmilestone', 'projectmilestonename', 'projectmilestoneid', 'projectmilestoneid'),
(39, 'ProjectTask', 'vtiger_projecttask', 'projecttaskname', 'projecttaskid', 'projecttaskid'),
(40, 'Project', 'vtiger_project', 'projectname', 'projectid', 'projectid'),
(42, 'Assets', 'vtiger_assets', 'assetname', 'assetsid', 'assetsid'),
(45, 'ModComments', 'vtiger_modcomments', 'commentcontent', 'modcommentsid', 'modcommentsid'),
(48, 'SMSNotifier', 'vtiger_smsnotifier', 'message', 'smsnotifierid', 'smsnotifierid');

-- --------------------------------------------------------

--
-- Estructura de tabla para la tabla `vtiger_eventhandlers`
--

CREATE TABLE IF NOT EXISTS `vtiger_eventhandlers` (
`eventhandler_id` int(11) NOT NULL,
  `event_name` varchar(100) NOT NULL,
  `handler_path` varchar(400) NOT NULL,
  `handler_class` varchar(100) NOT NULL,
  `cond` text,
  `is_active` int(1) NOT NULL,
  `dependent_on` varchar(255) DEFAULT '[]'
) ENGINE=InnoDB AUTO_INCREMENT=24 DEFAULT CHARSET=latin1;

--
-- Volcado de datos para la tabla `vtiger_eventhandlers`
--

INSERT INTO `vtiger_eventhandlers` (`eventhandler_id`, `event_name`, `handler_path`, `handler_class`, `cond`, `is_active`, `dependent_on`) VALUES
(1, 'vtiger.entity.aftersave', 'modules/SalesOrder/RecurringInvoiceHandler.php', 'RecurringInvoiceHandler', '', 1, '[]'),
(2, 'vtiger.entity.beforesave', 'data/VTEntityDelta.php', 'VTEntityDelta', '', 1, '[]'),
(3, 'vtiger.entity.aftersave', 'data/VTEntityDelta.php', 'VTEntityDelta', '', 1, '[]'),
(4, 'vtiger.entity.aftersave', 'modules/com_vtiger_workflow/VTEventHandler.inc', 'VTWorkflowEventHandler', '', 1, '["VTEntityDelta"]'),
(5, 'vtiger.entity.afterrestore', 'modules/com_vtiger_workflow/VTEventHandler.inc', 'VTWorkflowEventHandler', '', 1, '[]'),
(6, 'vtiger.entity.aftersave.final', 'modules/HelpDesk/HelpDeskHandler.php', 'HelpDeskHandler', '', 1, '[]'),
(7, 'vtiger.entity.beforesave', 'modules/ServiceContracts/ServiceContractsHandler.php', 'ServiceContractsHandler', '', 1, '[]'),
(8, 'vtiger.entity.aftersave', 'modules/ServiceContracts/ServiceContractsHandler.php', 'ServiceContractsHandler', '', 1, '[]'),
(9, 'vtiger.entity.aftersave', 'modules/WSAPP/WorkFlowHandlers/WSAPPAssignToTracker.php', 'WSAPPAssignToTracker', '', 1, '["VTEntityDelta"]'),
(10, 'vtiger.entity.aftersave', 'modules/PBXManager/PBXManagerHandler.php', 'PBXManagerHandler', '', 1, '["VTEntityDelta"]'),
(11, 'vtiger.entity.afterdelete', 'modules/PBXManager/PBXManagerHandler.php', 'PBXManagerHandler', '', 1, '[]'),
(12, 'vtiger.entity.afterrestore', 'modules/PBXManager/PBXManagerHandler.php', 'PBXManagerHandler', '', 1, '[]'),
(13, 'vtiger.batchevent.save', 'modules/PBXManager/PBXManagerHandler.php', 'PBXManagerBatchHandler', '', 1, '[]'),
(14, 'vtiger.batchevent.delete', 'modules/PBXManager/PBXManagerHandler.php', 'PBXManagerBatchHandler', '', 1, '[]'),
(15, 'vtiger.entity.aftersave.final', 'modules/ModTracker/ModTrackerHandler.php', 'ModTrackerHandler', '', 1, '[]'),
(16, 'vtiger.entity.beforedelete', 'modules/ModTracker/ModTrackerHandler.php', 'ModTrackerHandler', '', 1, '[]'),
(17, 'vtiger.entity.afterrestore', 'modules/ModTracker/ModTrackerHandler.php', 'ModTrackerHandler', '', 1, '[]'),
(18, 'vtiger.entity.aftersave', 'modules/Vtiger/handlers/RecordLabelUpdater.php', 'Vtiger_RecordLabelUpdater_Handler', '', 1, '[]'),
(19, 'vtiger.entity.aftersave', 'modules/Invoice/InvoiceHandler.php', 'InvoiceHandler', '', 1, '[]'),
(20, 'vtiger.entity.aftersave', 'modules/PurchaseOrder/PurchaseOrderHandler.php', 'PurchaseOrderHandler', '', 1, '[]'),
(21, 'vtiger.entity.aftersave', 'modules/ModComments/ModCommentsHandler.php', 'ModCommentsHandler', '', 1, '[]'),
(22, 'vtiger.picklist.afterrename', 'modules/Settings/Picklist/handlers/PickListHandler.php', 'PickListHandler', '', 1, '[]'),
(23, 'vtiger.picklist.afterdelete', 'modules/Settings/Picklist/handlers/PickListHandler.php', 'PickListHandler', '', 1, '[]');

-- --------------------------------------------------------

--
-- Estructura de tabla para la tabla `vtiger_eventhandlers_seq`
--

CREATE TABLE IF NOT EXISTS `vtiger_eventhandlers_seq` (
  `id` int(11) NOT NULL
) ENGINE=InnoDB DEFAULT CHARSET=latin1;

--
-- Volcado de datos para la tabla `vtiger_eventhandlers_seq`
--

INSERT INTO `vtiger_eventhandlers_seq` (`id`) VALUES
(23);

-- --------------------------------------------------------

--
-- Estructura de tabla para la tabla `vtiger_eventhandler_module`
--

CREATE TABLE IF NOT EXISTS `vtiger_eventhandler_module` (
`eventhandler_module_id` int(11) NOT NULL,
  `module_name` varchar(100) DEFAULT NULL,
  `handler_class` varchar(100) DEFAULT NULL
) ENGINE=InnoDB AUTO_INCREMENT=6 DEFAULT CHARSET=latin1;

--
-- Volcado de datos para la tabla `vtiger_eventhandler_module`
--

INSERT INTO `vtiger_eventhandler_module` (`eventhandler_module_id`, `module_name`, `handler_class`) VALUES
(1, 'ServiceContracts', 'ServiceContractsHandler'),
(2, 'ModTracker', 'ModTrackerHandler'),
(3, 'Home', 'Vtiger_RecordLabelUpdater_Handler'),
(4, 'Invoice', 'InvoiceHandler'),
(5, 'PurchaseOrder', 'PurchaseOrderHandler');

-- --------------------------------------------------------

--
-- Estructura de tabla para la tabla `vtiger_eventhandler_module_seq`
--

CREATE TABLE IF NOT EXISTS `vtiger_eventhandler_module_seq` (
  `id` int(11) NOT NULL
) ENGINE=InnoDB DEFAULT CHARSET=latin1;

--
-- Volcado de datos para la tabla `vtiger_eventhandler_module_seq`
--

INSERT INTO `vtiger_eventhandler_module_seq` (`id`) VALUES
(5);

-- --------------------------------------------------------

--
-- Estructura de tabla para la tabla `vtiger_eventstatus`
--

CREATE TABLE IF NOT EXISTS `vtiger_eventstatus` (
`eventstatusid` int(19) NOT NULL,
  `eventstatus` varchar(200) NOT NULL,
  `presence` int(1) NOT NULL DEFAULT '1',
  `picklist_valueid` int(19) NOT NULL DEFAULT '0',
  `sortorderid` int(11) DEFAULT NULL
) ENGINE=InnoDB AUTO_INCREMENT=4 DEFAULT CHARSET=latin1;

--
-- Volcado de datos para la tabla `vtiger_eventstatus`
--

INSERT INTO `vtiger_eventstatus` (`eventstatusid`, `eventstatus`, `presence`, `picklist_valueid`, `sortorderid`) VALUES
(1, 'Planned', 0, 38, 0),
(2, 'Held', 0, 39, 1),
(3, 'Not Held', 0, 40, 2);

-- --------------------------------------------------------

--
-- Estructura de tabla para la tabla `vtiger_eventstatus_seq`
--

CREATE TABLE IF NOT EXISTS `vtiger_eventstatus_seq` (
  `id` int(11) NOT NULL
) ENGINE=InnoDB DEFAULT CHARSET=latin1;

--
-- Volcado de datos para la tabla `vtiger_eventstatus_seq`
--

INSERT INTO `vtiger_eventstatus_seq` (`id`) VALUES
(3);

-- --------------------------------------------------------

--
-- Estructura de tabla para la tabla `vtiger_expectedresponse`
--

CREATE TABLE IF NOT EXISTS `vtiger_expectedresponse` (
`expectedresponseid` int(19) NOT NULL,
  `expectedresponse` varchar(200) NOT NULL,
  `presence` int(1) NOT NULL DEFAULT '1',
  `picklist_valueid` int(19) NOT NULL DEFAULT '0',
  `sortorderid` int(11) DEFAULT NULL
) ENGINE=InnoDB AUTO_INCREMENT=6 DEFAULT CHARSET=latin1;

--
-- Volcado de datos para la tabla `vtiger_expectedresponse`
--

INSERT INTO `vtiger_expectedresponse` (`expectedresponseid`, `expectedresponse`, `presence`, `picklist_valueid`, `sortorderid`) VALUES
(2, 'Excellent', 1, 42, 1),
(3, 'Good', 1, 43, 2),
(4, 'Average', 1, 44, 3),
(5, 'Poor', 1, 45, 4);

-- --------------------------------------------------------

--
-- Estructura de tabla para la tabla `vtiger_expectedresponse_seq`
--

CREATE TABLE IF NOT EXISTS `vtiger_expectedresponse_seq` (
  `id` int(11) NOT NULL
) ENGINE=InnoDB DEFAULT CHARSET=latin1;

--
-- Volcado de datos para la tabla `vtiger_expectedresponse_seq`
--

INSERT INTO `vtiger_expectedresponse_seq` (`id`) VALUES
(5);

-- --------------------------------------------------------

--
-- Estructura de tabla para la tabla `vtiger_extnstore_users`
--

CREATE TABLE IF NOT EXISTS `vtiger_extnstore_users` (
`id` int(11) NOT NULL,
  `username` varchar(50) DEFAULT NULL,
  `password` varchar(75) DEFAULT NULL,
  `instanceurl` varchar(255) DEFAULT NULL,
  `createdon` datetime DEFAULT NULL,
  `deleted` int(1) NOT NULL DEFAULT '0'
) ENGINE=InnoDB DEFAULT CHARSET=utf8;

-- --------------------------------------------------------

--
-- Estructura de tabla para la tabla `vtiger_faq`
--

CREATE TABLE IF NOT EXISTS `vtiger_faq` (
`id` int(11) NOT NULL,
  `faq_no` varchar(100) NOT NULL,
  `product_id` varchar(100) DEFAULT NULL,
  `question` text,
  `answer` text,
  `category` varchar(200) NOT NULL,
  `status` varchar(200) NOT NULL
) ENGINE=InnoDB DEFAULT CHARSET=latin1;

-- --------------------------------------------------------

--
-- Estructura de tabla para la tabla `vtiger_faqcategories`
--

CREATE TABLE IF NOT EXISTS `vtiger_faqcategories` (
`faqcategories_id` int(19) NOT NULL,
  `faqcategories` varchar(200) DEFAULT NULL,
  `presence` int(1) NOT NULL DEFAULT '1',
  `picklist_valueid` int(19) NOT NULL DEFAULT '0',
  `sortorderid` int(11) DEFAULT NULL
) ENGINE=InnoDB AUTO_INCREMENT=2 DEFAULT CHARSET=latin1;

--
-- Volcado de datos para la tabla `vtiger_faqcategories`
--

INSERT INTO `vtiger_faqcategories` (`faqcategories_id`, `faqcategories`, `presence`, `picklist_valueid`, `sortorderid`) VALUES
(1, 'General', 1, 46, 0);

-- --------------------------------------------------------

--
-- Estructura de tabla para la tabla `vtiger_faqcategories_seq`
--

CREATE TABLE IF NOT EXISTS `vtiger_faqcategories_seq` (
  `id` int(11) NOT NULL
) ENGINE=InnoDB DEFAULT CHARSET=latin1;

--
-- Volcado de datos para la tabla `vtiger_faqcategories_seq`
--

INSERT INTO `vtiger_faqcategories_seq` (`id`) VALUES
(1);

-- --------------------------------------------------------

--
-- Estructura de tabla para la tabla `vtiger_faqcf`
--

CREATE TABLE IF NOT EXISTS `vtiger_faqcf` (
  `faqid` int(19) NOT NULL DEFAULT '0'
) ENGINE=InnoDB DEFAULT CHARSET=latin1;

-- --------------------------------------------------------

--
-- Estructura de tabla para la tabla `vtiger_faqcomments`
--

CREATE TABLE IF NOT EXISTS `vtiger_faqcomments` (
`commentid` int(19) NOT NULL,
  `faqid` int(19) DEFAULT NULL,
  `comments` text,
  `createdtime` datetime NOT NULL
) ENGINE=InnoDB DEFAULT CHARSET=latin1;

-- --------------------------------------------------------

--
-- Estructura de tabla para la tabla `vtiger_faqstatus`
--

CREATE TABLE IF NOT EXISTS `vtiger_faqstatus` (
`faqstatus_id` int(19) NOT NULL,
  `faqstatus` varchar(200) DEFAULT NULL,
  `presence` int(1) NOT NULL DEFAULT '1',
  `picklist_valueid` int(19) NOT NULL DEFAULT '0',
  `sortorderid` int(11) DEFAULT NULL
) ENGINE=InnoDB AUTO_INCREMENT=5 DEFAULT CHARSET=latin1;

--
-- Volcado de datos para la tabla `vtiger_faqstatus`
--

INSERT INTO `vtiger_faqstatus` (`faqstatus_id`, `faqstatus`, `presence`, `picklist_valueid`, `sortorderid`) VALUES
(1, 'Draft', 0, 47, 0),
(2, 'Reviewed', 0, 48, 1),
(3, 'Published', 0, 49, 2),
(4, 'Obsolete', 0, 50, 3);

-- --------------------------------------------------------

--
-- Estructura de tabla para la tabla `vtiger_faqstatus_seq`
--

CREATE TABLE IF NOT EXISTS `vtiger_faqstatus_seq` (
  `id` int(11) NOT NULL
) ENGINE=InnoDB DEFAULT CHARSET=latin1;

--
-- Volcado de datos para la tabla `vtiger_faqstatus_seq`
--

INSERT INTO `vtiger_faqstatus_seq` (`id`) VALUES
(4);

-- --------------------------------------------------------

--
-- Estructura de tabla para la tabla `vtiger_feedback`
--

CREATE TABLE IF NOT EXISTS `vtiger_feedback` (
  `userid` int(19) DEFAULT NULL,
  `dontshow` varchar(19) DEFAULT 'false'
) ENGINE=InnoDB DEFAULT CHARSET=latin1;

-- --------------------------------------------------------

--
-- Estructura de tabla para la tabla `vtiger_field`
--

CREATE TABLE IF NOT EXISTS `vtiger_field` (
  `tabid` int(19) NOT NULL,
`fieldid` int(19) NOT NULL,
  `columnname` varchar(30) NOT NULL,
  `tablename` varchar(50) NOT NULL,
  `generatedtype` int(19) NOT NULL DEFAULT '0',
  `uitype` varchar(30) NOT NULL,
  `fieldname` varchar(50) NOT NULL,
  `fieldlabel` varchar(50) NOT NULL,
  `readonly` int(1) NOT NULL,
  `presence` int(19) NOT NULL DEFAULT '1',
  `defaultvalue` text,
  `maximumlength` int(19) DEFAULT NULL,
  `sequence` int(19) DEFAULT NULL,
  `block` int(19) DEFAULT NULL,
  `displaytype` int(19) DEFAULT NULL,
  `typeofdata` varchar(100) DEFAULT NULL,
  `quickcreate` int(10) NOT NULL DEFAULT '1',
  `quickcreatesequence` int(19) DEFAULT NULL,
  `info_type` varchar(20) DEFAULT NULL,
  `masseditable` int(10) NOT NULL DEFAULT '1',
  `helpinfo` text,
  `summaryfield` int(10) NOT NULL DEFAULT '0'
) ENGINE=InnoDB AUTO_INCREMENT=751 DEFAULT CHARSET=latin1;

--
-- Volcado de datos para la tabla `vtiger_field`
--

INSERT INTO `vtiger_field` (`tabid`, `fieldid`, `columnname`, `tablename`, `generatedtype`, `uitype`, `fieldname`, `fieldlabel`, `readonly`, `presence`, `defaultvalue`, `maximumlength`, `sequence`, `block`, `displaytype`, `typeofdata`, `quickcreate`, `quickcreatesequence`, `info_type`, `masseditable`, `helpinfo`, `summaryfield`) VALUES
(6, 1, 'accountname', 'vtiger_account', 1, '2', 'accountname', 'Account Name', 1, 0, '', 100, 1, 9, 1, 'V~M', 0, 1, 'BAS', 1, NULL, 1),
(6, 2, 'account_no', 'vtiger_account', 1, '4', 'account_no', 'Account No', 1, 0, '', 100, 2, 9, 1, 'V~O', 3, NULL, 'BAS', 0, NULL, 0),
(6, 3, 'phone', 'vtiger_account', 1, '11', 'phone', 'Phone', 1, 2, '', 100, 4, 9, 1, 'V~O', 2, 2, 'BAS', 1, NULL, 1),
(6, 4, 'website', 'vtiger_account', 1, '17', 'website', 'Website', 1, 2, '', 100, 3, 9, 1, 'V~O', 2, 3, 'BAS', 1, NULL, 1),
(6, 5, 'fax', 'vtiger_account', 1, '11', 'fax', 'Fax', 1, 2, '', 100, 6, 9, 1, 'V~O', 1, NULL, 'BAS', 1, NULL, 0),
(6, 6, 'tickersymbol', 'vtiger_account', 1, '1', 'tickersymbol', 'Ticker Symbol', 1, 2, '', 100, 5, 9, 1, 'V~O', 1, NULL, 'BAS', 1, NULL, 0),
(6, 7, 'otherphone', 'vtiger_account', 1, '11', 'otherphone', 'Other Phone', 1, 2, '', 100, 8, 9, 1, 'V~O', 1, NULL, 'ADV', 1, NULL, 0),
(6, 8, 'parentid', 'vtiger_account', 1, '51', 'account_id', 'Member Of', 1, 2, '', 100, 7, 9, 1, 'I~O', 1, NULL, 'BAS', 0, NULL, 0),
(6, 9, 'email1', 'vtiger_account', 1, '13', 'email1', 'Email', 1, 2, '', 100, 10, 9, 1, 'E~O', 1, NULL, 'BAS', 1, NULL, 1),
(6, 10, 'employees', 'vtiger_account', 1, '7', 'employees', 'Employees', 1, 2, '', 100, 9, 9, 1, 'I~O', 1, NULL, 'ADV', 1, NULL, 0),
(6, 11, 'email2', 'vtiger_account', 1, '13', 'email2', 'Other Email', 1, 2, '', 100, 11, 9, 1, 'E~O', 1, NULL, 'ADV', 1, NULL, 0),
(6, 12, 'ownership', 'vtiger_account', 1, '1', 'ownership', 'Ownership', 1, 2, '', 100, 12, 9, 1, 'V~O', 1, NULL, 'ADV', 1, NULL, 0),
(6, 13, 'rating', 'vtiger_account', 1, '15', 'rating', 'Rating', 1, 2, '', 100, 14, 9, 1, 'V~O', 1, NULL, 'ADV', 1, NULL, 0),
(6, 14, 'industry', 'vtiger_account', 1, '15', 'industry', 'industry', 1, 2, '', 100, 13, 9, 1, 'V~O', 1, NULL, 'ADV', 1, NULL, 0),
(6, 15, 'siccode', 'vtiger_account', 1, '1', 'siccode', 'SIC Code', 1, 2, '', 100, 16, 9, 1, 'V~O', 1, NULL, 'ADV', 1, NULL, 0),
(6, 16, 'account_type', 'vtiger_account', 1, '15', 'accounttype', 'Type', 1, 2, '', 100, 15, 9, 1, 'V~O', 1, NULL, 'ADV', 1, NULL, 0),
(6, 17, 'annualrevenue', 'vtiger_account', 1, '71', 'annual_revenue', 'Annual Revenue', 1, 2, '', 100, 18, 9, 1, 'N~O', 1, NULL, 'ADV', 1, NULL, 0),
(6, 18, 'emailoptout', 'vtiger_account', 1, '56', 'emailoptout', 'Email Opt Out', 1, 2, '', 100, 17, 9, 1, 'C~O', 1, NULL, 'ADV', 1, NULL, 0),
(6, 19, 'notify_owner', 'vtiger_account', 1, '56', 'notify_owner', 'Notify Owner', 1, 2, '', 10, 20, 9, 1, 'C~O', 1, NULL, 'ADV', 1, NULL, 0),
(6, 20, 'smownerid', 'vtiger_crmentity', 1, '53', 'assigned_user_id', 'Assigned To', 1, 0, '', 100, 19, 9, 1, 'V~M', 0, 4, 'BAS', 1, NULL, 1),
(6, 21, 'createdtime', 'vtiger_crmentity', 1, '70', 'createdtime', 'Created Time', 1, 0, '', 100, 22, 9, 2, 'DT~O', 3, NULL, 'BAS', 0, NULL, 0),
(6, 22, 'modifiedtime', 'vtiger_crmentity', 1, '70', 'modifiedtime', 'Modified Time', 1, 0, '', 100, 21, 9, 2, 'DT~O', 3, NULL, 'BAS', 0, NULL, 0),
(6, 23, 'modifiedby', 'vtiger_crmentity', 1, '52', 'modifiedby', 'Last Modified By', 1, 0, '', 100, 23, 9, 3, 'V~O', 3, NULL, 'BAS', 0, NULL, 0),
(6, 24, 'bill_street', 'vtiger_accountbillads', 1, '21', 'bill_street', 'Billing Address', 1, 2, '', 100, 1, 11, 1, 'V~O', 1, NULL, 'BAS', 1, NULL, 0),
(6, 25, 'ship_street', 'vtiger_accountshipads', 1, '21', 'ship_street', 'Shipping Address', 1, 2, '', 100, 2, 11, 1, 'V~O', 1, NULL, 'BAS', 1, NULL, 0),
(6, 26, 'bill_city', 'vtiger_accountbillads', 1, '1', 'bill_city', 'Billing City', 1, 2, '', 100, 5, 11, 1, 'V~O', 1, NULL, 'BAS', 1, NULL, 1),
(6, 27, 'ship_city', 'vtiger_accountshipads', 1, '1', 'ship_city', 'Shipping City', 1, 2, '', 100, 6, 11, 1, 'V~O', 1, NULL, 'BAS', 1, NULL, 0),
(6, 28, 'bill_state', 'vtiger_accountbillads', 1, '1', 'bill_state', 'Billing State', 1, 2, '', 100, 7, 11, 1, 'V~O', 1, NULL, 'BAS', 1, NULL, 0),
(6, 29, 'ship_state', 'vtiger_accountshipads', 1, '1', 'ship_state', 'Shipping State', 1, 2, '', 100, 8, 11, 1, 'V~O', 1, NULL, 'BAS', 1, NULL, 0),
(6, 30, 'bill_code', 'vtiger_accountbillads', 1, '1', 'bill_code', 'Billing Code', 1, 2, '', 100, 9, 11, 1, 'V~O', 1, NULL, 'BAS', 1, NULL, 0),
(6, 31, 'ship_code', 'vtiger_accountshipads', 1, '1', 'ship_code', 'Shipping Code', 1, 2, '', 100, 10, 11, 1, 'V~O', 1, NULL, 'BAS', 1, NULL, 0),
(6, 32, 'bill_country', 'vtiger_accountbillads', 1, '1', 'bill_country', 'Billing Country', 1, 2, '', 100, 11, 11, 1, 'V~O', 1, NULL, 'BAS', 1, NULL, 1),
(6, 33, 'ship_country', 'vtiger_accountshipads', 1, '1', 'ship_country', 'Shipping Country', 1, 2, '', 100, 12, 11, 1, 'V~O', 1, NULL, 'BAS', 1, NULL, 0),
(6, 34, 'bill_pobox', 'vtiger_accountbillads', 1, '1', 'bill_pobox', 'Billing Po Box', 1, 2, '', 100, 3, 11, 1, 'V~O', 1, NULL, 'BAS', 1, NULL, 0),
(6, 35, 'ship_pobox', 'vtiger_accountshipads', 1, '1', 'ship_pobox', 'Shipping Po Box', 1, 2, '', 100, 4, 11, 1, 'V~O', 1, NULL, 'BAS', 1, NULL, 0),
(6, 36, 'description', 'vtiger_crmentity', 1, '19', 'description', 'Description', 1, 2, '', 100, 1, 12, 1, 'V~O', 1, NULL, 'BAS', 1, NULL, 0),
(7, 37, 'salutation', 'vtiger_leaddetails', 1, '55', 'salutationtype', 'Salutation', 1, 0, '', 100, 1, 13, 3, 'V~O', 1, NULL, 'BAS', 1, NULL, 0),
(7, 38, 'firstname', 'vtiger_leaddetails', 1, '55', 'firstname', 'First Name', 1, 0, '', 100, 2, 13, 1, 'V~O', 2, 1, 'BAS', 1, NULL, 1),
(7, 39, 'lead_no', 'vtiger_leaddetails', 1, '4', 'lead_no', 'Lead No', 1, 0, '', 100, 3, 13, 1, 'V~O', 3, NULL, 'BAS', 0, NULL, 0),
(7, 40, 'phone', 'vtiger_leadaddress', 1, '11', 'phone', 'Phone', 1, 2, '', 100, 5, 13, 1, 'V~O', 2, 4, 'BAS', 1, NULL, 1),
(7, 41, 'lastname', 'vtiger_leaddetails', 1, '255', 'lastname', 'Last Name', 1, 0, '', 100, 4, 13, 1, 'V~M', 0, 2, 'BAS', 1, NULL, 1),
(7, 42, 'mobile', 'vtiger_leadaddress', 1, '11', 'mobile', 'Mobile', 1, 2, '', 100, 7, 13, 1, 'V~O', 1, NULL, 'BAS', 1, NULL, 0),
(7, 43, 'company', 'vtiger_leaddetails', 1, '2', 'company', 'Company', 1, 2, '', 100, 6, 13, 1, 'V~O', 2, 3, 'BAS', 1, NULL, 1),
(7, 44, 'fax', 'vtiger_leadaddress', 1, '11', 'fax', 'Fax', 1, 2, '', 100, 9, 13, 1, 'V~O', 1, NULL, 'BAS', 1, NULL, 0),
(7, 45, 'designation', 'vtiger_leaddetails', 1, '1', 'designation', 'Designation', 1, 2, '', 100, 8, 13, 1, 'V~O', 1, NULL, 'BAS', 1, NULL, 0),
(7, 46, 'email', 'vtiger_leaddetails', 1, '13', 'email', 'Email', 1, 2, '', 100, 11, 13, 1, 'E~O', 2, 5, 'BAS', 1, NULL, 1),
(7, 47, 'leadsource', 'vtiger_leaddetails', 1, '15', 'leadsource', 'Lead Source', 1, 2, '', 100, 10, 13, 1, 'V~O', 1, NULL, 'BAS', 1, NULL, 1),
(7, 48, 'website', 'vtiger_leadsubdetails', 1, '17', 'website', 'Website', 1, 2, '', 100, 13, 13, 1, 'V~O', 1, NULL, 'ADV', 1, NULL, 1),
(7, 49, 'industry', 'vtiger_leaddetails', 1, '15', 'industry', 'Industry', 1, 2, '', 100, 12, 13, 1, 'V~O', 1, NULL, 'ADV', 1, NULL, 0),
(7, 50, 'leadstatus', 'vtiger_leaddetails', 1, '15', 'leadstatus', 'Lead Status', 1, 2, '', 100, 15, 13, 1, 'V~O', 1, NULL, 'BAS', 1, NULL, 0),
(7, 51, 'annualrevenue', 'vtiger_leaddetails', 1, '71', 'annualrevenue', 'Annual Revenue', 1, 2, '', 100, 14, 13, 1, 'N~O', 1, NULL, 'ADV', 1, NULL, 0),
(7, 52, 'rating', 'vtiger_leaddetails', 1, '15', 'rating', 'Rating', 1, 2, '', 100, 17, 13, 1, 'V~O', 1, NULL, 'ADV', 1, NULL, 0),
(7, 53, 'noofemployees', 'vtiger_leaddetails', 1, '1', 'noofemployees', 'No Of Employees', 1, 2, '', 100, 16, 13, 1, 'I~O', 1, NULL, 'ADV', 1, NULL, 0),
(7, 54, 'smownerid', 'vtiger_crmentity', 1, '53', 'assigned_user_id', 'Assigned To', 1, 0, '', 100, 19, 13, 1, 'V~M', 0, 6, 'BAS', 1, NULL, 1),
(7, 55, 'secondaryemail', 'vtiger_leaddetails', 1, '13', 'secondaryemail', 'Secondary Email', 1, 2, '', 100, 18, 13, 1, 'E~O', 1, NULL, 'ADV', 1, NULL, 0),
(7, 56, 'createdtime', 'vtiger_crmentity', 1, '70', 'createdtime', 'Created Time', 1, 0, '', 100, 21, 13, 2, 'DT~O', 3, NULL, 'BAS', 0, NULL, 0),
(7, 57, 'modifiedtime', 'vtiger_crmentity', 1, '70', 'modifiedtime', 'Modified Time', 1, 0, '', 100, 20, 13, 2, 'DT~O', 3, NULL, 'BAS', 0, NULL, 0),
(7, 58, 'modifiedby', 'vtiger_crmentity', 1, '52', 'modifiedby', 'Last Modified By', 1, 0, '', 100, 23, 13, 3, 'V~O', 3, NULL, 'BAS', 0, NULL, 0),
(7, 59, 'lane', 'vtiger_leadaddress', 1, '21', 'lane', 'Street', 1, 2, '', 100, 1, 15, 1, 'V~O', 1, NULL, 'BAS', 1, NULL, 0),
(7, 60, 'code', 'vtiger_leadaddress', 1, '1', 'code', 'Postal Code', 1, 2, '', 100, 3, 15, 1, 'V~O', 1, NULL, 'BAS', 1, NULL, 0),
(7, 61, 'city', 'vtiger_leadaddress', 1, '1', 'city', 'City', 1, 2, '', 100, 4, 15, 1, 'V~O', 1, NULL, 'BAS', 1, NULL, 1),
(7, 62, 'country', 'vtiger_leadaddress', 1, '1', 'country', 'Country', 1, 2, '', 100, 5, 15, 1, 'V~O', 1, NULL, 'BAS', 1, NULL, 1),
(7, 63, 'state', 'vtiger_leadaddress', 1, '1', 'state', 'State', 1, 2, '', 100, 6, 15, 1, 'V~O', 1, NULL, 'BAS', 1, NULL, 0),
(7, 64, 'pobox', 'vtiger_leadaddress', 1, '1', 'pobox', 'Po Box', 1, 2, '', 100, 2, 15, 1, 'V~O', 1, NULL, 'BAS', 1, NULL, 0),
(7, 65, 'description', 'vtiger_crmentity', 1, '19', 'description', 'Description', 1, 2, '', 100, 1, 16, 1, 'V~O', 1, NULL, 'BAS', 1, NULL, 0),
(4, 66, 'salutation', 'vtiger_contactdetails', 1, '55', 'salutationtype', 'Salutation', 1, 0, '', 100, 1, 4, 3, 'V~O', 1, NULL, 'BAS', 1, NULL, 0),
(4, 67, 'firstname', 'vtiger_contactdetails', 1, '55', 'firstname', 'First Name', 1, 0, '', 100, 2, 4, 1, 'V~O', 2, 1, 'BAS', 1, NULL, 1),
(4, 68, 'contact_no', 'vtiger_contactdetails', 1, '4', 'contact_no', 'Contact Id', 1, 0, '', 100, 3, 4, 1, 'V~O', 3, NULL, 'BAS', 0, NULL, 0),
(4, 69, 'phone', 'vtiger_contactdetails', 1, '11', 'phone', 'Office Phone', 1, 2, '', 100, 5, 4, 1, 'V~O', 2, 4, 'BAS', 1, NULL, 1),
(4, 70, 'lastname', 'vtiger_contactdetails', 1, '255', 'lastname', 'Last Name', 1, 0, '', 100, 4, 4, 1, 'V~M', 0, 2, 'BAS', 1, NULL, 1),
(4, 71, 'mobile', 'vtiger_contactdetails', 1, '11', 'mobile', 'Mobile', 1, 2, '', 100, 7, 4, 1, 'V~O', 1, NULL, 'BAS', 1, NULL, 0),
(4, 72, 'accountid', 'vtiger_contactdetails', 1, '51', 'account_id', 'Account Name', 1, 0, '', 100, 6, 4, 1, 'I~O', 2, 3, 'BAS', 1, NULL, 1),
(4, 73, 'homephone', 'vtiger_contactsubdetails', 1, '11', 'homephone', 'Home Phone', 1, 2, '', 100, 9, 4, 1, 'V~O', 1, NULL, 'ADV', 1, NULL, 0),
(4, 74, 'leadsource', 'vtiger_contactsubdetails', 1, '15', 'leadsource', 'Lead Source', 1, 2, '', 100, 8, 4, 1, 'V~O', 1, NULL, 'BAS', 1, NULL, 0),
(4, 75, 'otherphone', 'vtiger_contactsubdetails', 1, '11', 'otherphone', 'Other Phone', 1, 2, '', 100, 11, 4, 1, 'V~O', 1, NULL, 'ADV', 1, NULL, 0),
(4, 76, 'title', 'vtiger_contactdetails', 1, '1', 'title', 'Title', 1, 2, '', 100, 10, 4, 1, 'V~O', 1, NULL, 'BAS', 1, NULL, 1),
(4, 77, 'fax', 'vtiger_contactdetails', 1, '11', 'fax', 'Fax', 1, 2, '', 100, 13, 4, 1, 'V~O', 1, NULL, 'BAS', 1, NULL, 0),
(4, 78, 'department', 'vtiger_contactdetails', 1, '1', 'department', 'Department', 1, 2, '', 100, 12, 4, 1, 'V~O', 1, NULL, 'ADV', 1, NULL, 0),
(4, 79, 'birthday', 'vtiger_contactsubdetails', 1, '5', 'birthday', 'Birthdate', 1, 2, '', 100, 16, 4, 1, 'D~O', 1, NULL, 'ADV', 1, NULL, 0),
(4, 80, 'email', 'vtiger_contactdetails', 1, '13', 'email', 'Email', 1, 2, '', 100, 15, 4, 1, 'E~O', 2, 5, 'BAS', 1, NULL, 1),
(4, 81, 'reportsto', 'vtiger_contactdetails', 1, '57', 'contact_id', 'Reports To', 1, 2, '', 100, 18, 4, 1, 'V~O', 1, NULL, 'ADV', 0, NULL, 0),
(4, 82, 'assistant', 'vtiger_contactsubdetails', 1, '1', 'assistant', 'Assistant', 1, 2, '', 100, 17, 4, 1, 'V~O', 1, NULL, 'ADV', 1, NULL, 0),
(4, 83, 'secondaryemail', 'vtiger_contactdetails', 1, '13', 'secondaryemail', 'Secondary Email', 1, 2, '', 100, 20, 4, 1, 'E~O', 1, NULL, 'ADV', 1, NULL, 0),
(4, 84, 'assistantphone', 'vtiger_contactsubdetails', 1, '11', 'assistantphone', 'Assistant Phone', 1, 2, '', 100, 19, 4, 1, 'V~O', 1, NULL, 'ADV', 1, NULL, 0),
(4, 85, 'donotcall', 'vtiger_contactdetails', 1, '56', 'donotcall', 'Do Not Call', 1, 2, '', 100, 22, 4, 1, 'C~O', 1, NULL, 'ADV', 1, NULL, 0),
(4, 86, 'emailoptout', 'vtiger_contactdetails', 1, '56', 'emailoptout', 'Email Opt Out', 1, 2, '', 100, 21, 4, 1, 'C~O', 1, NULL, 'ADV', 1, NULL, 0),
(4, 87, 'smownerid', 'vtiger_crmentity', 1, '53', 'assigned_user_id', 'Assigned To', 1, 0, '', 100, 24, 4, 1, 'V~M', 0, 6, 'BAS', 1, NULL, 1),
(4, 88, 'reference', 'vtiger_contactdetails', 1, '56', 'reference', 'Reference', 1, 2, '', 10, 23, 4, 1, 'C~O', 1, NULL, 'ADV', 1, NULL, 0),
(4, 89, 'notify_owner', 'vtiger_contactdetails', 1, '56', 'notify_owner', 'Notify Owner', 1, 2, '', 10, 26, 4, 1, 'C~O', 1, NULL, 'ADV', 1, NULL, 0),
(4, 90, 'createdtime', 'vtiger_crmentity', 1, '70', 'createdtime', 'Created Time', 1, 0, '', 100, 25, 4, 2, 'DT~O', 3, NULL, 'BAS', 0, NULL, 0),
(4, 91, 'modifiedtime', 'vtiger_crmentity', 1, '70', 'modifiedtime', 'Modified Time', 1, 0, '', 100, 27, 4, 2, 'DT~O', 3, NULL, 'BAS', 0, NULL, 0),
(4, 92, 'modifiedby', 'vtiger_crmentity', 1, '52', 'modifiedby', 'Last Modified By', 1, 0, '', 100, 28, 4, 3, 'V~O', 3, NULL, 'BAS', 0, NULL, 0),
(4, 93, 'portal', 'vtiger_customerdetails', 1, '56', 'portal', 'Portal User', 1, 2, '', 100, 1, 6, 1, 'C~O', 1, NULL, 'ADV', 0, NULL, 0),
(4, 94, 'support_start_date', 'vtiger_customerdetails', 1, '5', 'support_start_date', 'Support Start Date', 1, 2, '', 100, 2, 6, 1, 'D~O', 1, NULL, 'ADV', 1, NULL, 0),
(4, 95, 'support_end_date', 'vtiger_customerdetails', 1, '5', 'support_end_date', 'Support End Date', 1, 2, '', 100, 3, 6, 1, 'D~O~OTH~GE~support_start_date~Support Start Date', 1, NULL, 'ADV', 1, NULL, 0),
(4, 96, 'mailingstreet', 'vtiger_contactaddress', 1, '21', 'mailingstreet', 'Mailing Street', 1, 2, '', 100, 1, 7, 1, 'V~O', 1, NULL, 'BAS', 1, NULL, 0),
(4, 97, 'otherstreet', 'vtiger_contactaddress', 1, '21', 'otherstreet', 'Other Street', 1, 2, '', 100, 2, 7, 1, 'V~O', 1, NULL, 'BAS', 1, NULL, 0),
(4, 98, 'mailingcity', 'vtiger_contactaddress', 1, '1', 'mailingcity', 'Mailing City', 1, 2, '', 100, 5, 7, 1, 'V~O', 1, NULL, 'BAS', 1, NULL, 1),
(4, 99, 'othercity', 'vtiger_contactaddress', 1, '1', 'othercity', 'Other City', 1, 2, '', 100, 6, 7, 1, 'V~O', 1, NULL, 'BAS', 1, NULL, 0),
(4, 100, 'mailingstate', 'vtiger_contactaddress', 1, '1', 'mailingstate', 'Mailing State', 1, 2, '', 100, 7, 7, 1, 'V~O', 1, NULL, 'BAS', 1, NULL, 0),
(4, 101, 'otherstate', 'vtiger_contactaddress', 1, '1', 'otherstate', 'Other State', 1, 2, '', 100, 8, 7, 1, 'V~O', 1, NULL, 'BAS', 1, NULL, 0),
(4, 102, 'mailingzip', 'vtiger_contactaddress', 1, '1', 'mailingzip', 'Mailing Zip', 1, 2, '', 100, 9, 7, 1, 'V~O', 1, NULL, 'BAS', 1, NULL, 0),
(4, 103, 'otherzip', 'vtiger_contactaddress', 1, '1', 'otherzip', 'Other Zip', 1, 2, '', 100, 10, 7, 1, 'V~O', 1, NULL, 'BAS', 1, NULL, 0),
(4, 104, 'mailingcountry', 'vtiger_contactaddress', 1, '1', 'mailingcountry', 'Mailing Country', 1, 2, '', 100, 11, 7, 1, 'V~O', 1, NULL, 'BAS', 1, NULL, 1),
(4, 105, 'othercountry', 'vtiger_contactaddress', 1, '1', 'othercountry', 'Other Country', 1, 2, '', 100, 12, 7, 1, 'V~O', 1, NULL, 'BAS', 1, NULL, 0),
(4, 106, 'mailingpobox', 'vtiger_contactaddress', 1, '1', 'mailingpobox', 'Mailing Po Box', 1, 2, '', 100, 3, 7, 1, 'V~O', 1, NULL, 'BAS', 1, NULL, 0),
(4, 107, 'otherpobox', 'vtiger_contactaddress', 1, '1', 'otherpobox', 'Other Po Box', 1, 2, '', 100, 4, 7, 1, 'V~O', 1, NULL, 'BAS', 1, NULL, 0),
(4, 108, 'imagename', 'vtiger_contactdetails', 1, '69', 'imagename', 'Contact Image', 1, 2, '', 100, 1, 73, 1, 'V~O', 3, NULL, 'ADV', 0, NULL, 0),
(4, 109, 'description', 'vtiger_crmentity', 1, '19', 'description', 'Description', 1, 2, '', 100, 1, 8, 1, 'V~O', 1, NULL, 'BAS', 1, NULL, 0),
(2, 110, 'potentialname', 'vtiger_potential', 1, '2', 'potentialname', 'Potential Name', 1, 0, '', 100, 1, 1, 1, 'V~M', 0, 1, 'BAS', 1, NULL, 1),
(2, 111, 'potential_no', 'vtiger_potential', 1, '4', 'potential_no', 'Potential No', 1, 0, '', 100, 2, 1, 1, 'V~O', 3, NULL, 'BAS', 0, NULL, 0),
(2, 112, 'amount', 'vtiger_potential', 1, '71', 'amount', 'Amount', 1, 2, '', 100, 5, 1, 1, 'N~O', 2, 5, 'BAS', 1, NULL, 1),
(2, 113, 'related_to', 'vtiger_potential', 1, '10', 'related_to', 'Related To', 1, 0, '', 100, 3, 1, 1, 'V~O', 0, 2, 'BAS', 1, NULL, 1),
(2, 114, 'closingdate', 'vtiger_potential', 1, '23', 'closingdate', 'Expected Close Date', 1, 2, '', 100, 8, 1, 1, 'D~M', 2, 3, 'BAS', 1, NULL, 1),
(2, 115, 'potentialtype', 'vtiger_potential', 1, '15', 'opportunity_type', 'Type', 1, 2, '', 100, 7, 1, 1, 'V~O', 1, NULL, 'BAS', 1, NULL, 0),
(2, 116, 'nextstep', 'vtiger_potential', 1, '1', 'nextstep', 'Next Step', 1, 2, '', 100, 10, 1, 1, 'V~O', 1, NULL, 'BAS', 1, NULL, 0),
(2, 117, 'leadsource', 'vtiger_potential', 1, '15', 'leadsource', 'Lead Source', 1, 2, '', 100, 9, 1, 1, 'V~O', 1, NULL, 'BAS', 1, NULL, 0),
(2, 118, 'sales_stage', 'vtiger_potential', 1, '15', 'sales_stage', 'Sales Stage', 1, 2, '', 100, 12, 1, 1, 'V~M', 2, 4, 'BAS', 1, NULL, 1),
(2, 119, 'smownerid', 'vtiger_crmentity', 1, '53', 'assigned_user_id', 'Assigned To', 1, 2, '', 100, 11, 1, 1, 'V~M', 0, 6, 'BAS', 1, NULL, 1),
(2, 120, 'probability', 'vtiger_potential', 1, '9', 'probability', 'Probability', 1, 2, '', 100, 14, 1, 1, 'N~O', 1, NULL, 'BAS', 1, NULL, 0),
(2, 121, 'campaignid', 'vtiger_potential', 1, '58', 'campaignid', 'Campaign Source', 1, 2, '', 100, 13, 1, 1, 'N~O', 1, NULL, 'BAS', 1, NULL, 0),
(2, 122, 'createdtime', 'vtiger_crmentity', 1, '70', 'createdtime', 'Created Time', 1, 0, '', 100, 16, 1, 2, 'DT~O', 3, NULL, 'BAS', 0, NULL, 0),
(2, 123, 'modifiedtime', 'vtiger_crmentity', 1, '70', 'modifiedtime', 'Modified Time', 1, 0, '', 100, 15, 1, 2, 'DT~O', 3, NULL, 'BAS', 0, NULL, 0),
(2, 124, 'modifiedby', 'vtiger_crmentity', 1, '52', 'modifiedby', 'Last Modified By', 1, 0, '', 100, 17, 1, 3, 'V~O', 3, NULL, 'BAS', 0, NULL, 0),
(2, 125, 'description', 'vtiger_crmentity', 1, '19', 'description', 'Description', 1, 2, '', 100, 1, 3, 1, 'V~O', 1, NULL, 'BAS', 1, NULL, 0),
(26, 126, 'campaignname', 'vtiger_campaign', 1, '2', 'campaignname', 'Campaign Name', 1, 0, '', 100, 1, 74, 1, 'V~M', 0, 1, 'BAS', 1, NULL, 1),
(26, 127, 'campaign_no', 'vtiger_campaign', 1, '4', 'campaign_no', 'Campaign No', 1, 0, '', 100, 2, 74, 1, 'V~O', 3, NULL, 'BAS', 0, NULL, 0),
(26, 128, 'campaigntype', 'vtiger_campaign', 1, '15', 'campaigntype', 'Campaign Type', 1, 2, '', 100, 5, 74, 1, 'V~O', 2, 3, 'BAS', 1, NULL, 1),
(26, 129, 'product_id', 'vtiger_campaign', 1, '59', 'product_id', 'Product', 1, 2, '', 100, 6, 74, 1, 'I~O', 2, 5, 'BAS', 1, NULL, 0),
(26, 130, 'campaignstatus', 'vtiger_campaign', 1, '15', 'campaignstatus', 'Campaign Status', 1, 2, '', 100, 4, 74, 1, 'V~O', 2, 6, 'BAS', 1, NULL, 1),
(26, 131, 'closingdate', 'vtiger_campaign', 1, '23', 'closingdate', 'Expected Close Date', 1, 2, '', 100, 8, 74, 1, 'D~M', 2, 2, 'BAS', 1, NULL, 1),
(26, 132, 'smownerid', 'vtiger_crmentity', 1, '53', 'assigned_user_id', 'Assigned To', 1, 0, '', 100, 3, 74, 1, 'V~M', 0, 7, 'BAS', 1, NULL, 1),
(26, 133, 'numsent', 'vtiger_campaign', 1, '9', 'numsent', 'Num Sent', 1, 2, '', 100, 12, 74, 1, 'N~O', 1, NULL, 'BAS', 1, NULL, 0),
(26, 134, 'sponsor', 'vtiger_campaign', 1, '1', 'sponsor', 'Sponsor', 1, 2, '', 100, 9, 74, 1, 'V~O', 1, NULL, 'BAS', 1, NULL, 0),
(26, 135, 'targetaudience', 'vtiger_campaign', 1, '1', 'targetaudience', 'Target Audience', 1, 2, '', 100, 7, 74, 1, 'V~O', 1, NULL, 'BAS', 1, NULL, 0),
(26, 136, 'targetsize', 'vtiger_campaign', 1, '1', 'targetsize', 'TargetSize', 1, 2, '', 100, 10, 74, 1, 'I~O', 1, NULL, 'BAS', 1, NULL, 0),
(26, 137, 'createdtime', 'vtiger_crmentity', 1, '70', 'createdtime', 'Created Time', 1, 0, '', 100, 11, 74, 2, 'DT~O', 3, NULL, 'BAS', 0, NULL, 0),
(26, 138, 'modifiedtime', 'vtiger_crmentity', 1, '70', 'modifiedtime', 'Modified Time', 1, 0, '', 100, 13, 74, 2, 'DT~O', 3, NULL, 'BAS', 0, NULL, 0),
(26, 139, 'modifiedby', 'vtiger_crmentity', 1, '52', 'modifiedby', 'Last Modified By', 1, 0, '', 100, 16, 74, 3, 'V~O', 3, NULL, 'BAS', 0, NULL, 0),
(26, 140, 'expectedresponse', 'vtiger_campaign', 1, '15', 'expectedresponse', 'Expected Response', 1, 2, '', 100, 3, 76, 1, 'V~O', 2, 4, 'BAS', 1, NULL, 0),
(26, 141, 'expectedrevenue', 'vtiger_campaign', 1, '71', 'expectedrevenue', 'Expected Revenue', 1, 2, '', 100, 4, 76, 1, 'N~O', 1, NULL, 'BAS', 1, NULL, 1),
(26, 142, 'budgetcost', 'vtiger_campaign', 1, '71', 'budgetcost', 'Budget Cost', 1, 2, '', 100, 1, 76, 1, 'N~O', 1, NULL, 'BAS', 1, NULL, 0),
(26, 143, 'actualcost', 'vtiger_campaign', 1, '71', 'actualcost', 'Actual Cost', 1, 2, '', 100, 2, 76, 1, 'N~O', 1, NULL, 'BAS', 1, NULL, 0),
(26, 144, 'expectedresponsecount', 'vtiger_campaign', 1, '1', 'expectedresponsecount', 'Expected Response Count', 1, 2, '', 100, 7, 76, 1, 'I~O', 1, NULL, 'BAS', 1, NULL, 0),
(26, 145, 'expectedsalescount', 'vtiger_campaign', 1, '1', 'expectedsalescount', 'Expected Sales Count', 1, 2, '', 100, 5, 76, 1, 'I~O', 1, NULL, 'BAS', 1, NULL, 0),
(26, 146, 'expectedroi', 'vtiger_campaign', 1, '71', 'expectedroi', 'Expected ROI', 1, 2, '', 100, 9, 76, 1, 'N~O', 1, NULL, 'BAS', 1, NULL, 0),
(26, 147, 'actualresponsecount', 'vtiger_campaign', 1, '1', 'actualresponsecount', 'Actual Response Count', 1, 2, '', 100, 8, 76, 1, 'I~O', 1, NULL, 'BAS', 1, NULL, 0),
(26, 148, 'actualsalescount', 'vtiger_campaign', 1, '1', 'actualsalescount', 'Actual Sales Count', 1, 2, '', 100, 6, 76, 1, 'I~O', 1, NULL, 'BAS', 1, NULL, 0),
(26, 149, 'actualroi', 'vtiger_campaign', 1, '71', 'actualroi', 'Actual ROI', 1, 2, '', 100, 10, 76, 1, 'N~O', 1, NULL, 'BAS', 1, NULL, 0),
(26, 150, 'description', 'vtiger_crmentity', 1, '19', 'description', 'Description', 1, 2, '', 100, 1, 81, 1, 'V~O', 1, NULL, 'BAS', 1, NULL, 0),
(4, 151, 'campaignrelstatus', 'vtiger_campaignrelstatus', 1, '16', 'campaignrelstatus', 'Status', 1, 0, '0', 100, 1, NULL, 1, 'V~O', 1, NULL, 'BAS', 0, NULL, 0),
(6, 152, 'campaignrelstatus', 'vtiger_campaignrelstatus', 1, '16', 'campaignrelstatus', 'Status', 1, 0, '0', 100, 1, NULL, 1, 'V~O', 1, NULL, 'BAS', 0, NULL, 0),
(7, 153, 'campaignrelstatus', 'vtiger_campaignrelstatus', 1, '16', 'campaignrelstatus', 'Status', 1, 0, '0', 100, 1, NULL, 1, 'V~O', 1, NULL, 'BAS', 0, NULL, 0),
(26, 154, 'campaignrelstatus', 'vtiger_campaignrelstatus', 1, '16', 'campaignrelstatus', 'Status', 1, 0, '0', 100, 1, NULL, 1, 'V~O', 1, NULL, 'BAS', 0, NULL, 0),
(13, 155, 'ticket_no', 'vtiger_troubletickets', 1, '4', 'ticket_no', 'Ticket No', 1, 0, '', 100, 14, 25, 1, 'V~O', 3, NULL, 'BAS', 0, NULL, 1),
(13, 156, 'smownerid', 'vtiger_crmentity', 1, '53', 'assigned_user_id', 'Assigned To', 1, 0, '', 100, 5, 25, 1, 'V~M', 0, 4, 'BAS', 1, NULL, 1),
(13, 157, 'parent_id', 'vtiger_troubletickets', 1, '10', 'parent_id', 'Related To', 1, 0, '', 100, 2, 25, 1, 'I~O', 1, NULL, 'BAS', 1, NULL, 1),
(13, 158, 'priority', 'vtiger_troubletickets', 1, '15', 'ticketpriorities', 'Priority', 1, 2, '', 100, 7, 25, 1, 'V~O', 2, 3, 'BAS', 1, NULL, 1),
(13, 159, 'product_id', 'vtiger_troubletickets', 1, '59', 'product_id', 'Product Name', 1, 2, '', 100, 6, 25, 1, 'I~O', 1, NULL, 'BAS', 1, NULL, 0),
(13, 160, 'severity', 'vtiger_troubletickets', 1, '15', 'ticketseverities', 'Severity', 1, 2, '', 100, 9, 25, 1, 'V~O', 1, NULL, 'BAS', 1, NULL, 1),
(13, 161, 'status', 'vtiger_troubletickets', 1, '15', 'ticketstatus', 'Status', 1, 2, '', 100, 8, 25, 1, 'V~M', 1, 2, 'BAS', 1, NULL, 1),
(13, 162, 'category', 'vtiger_troubletickets', 1, '15', 'ticketcategories', 'Category', 1, 2, '', 100, 11, 25, 1, 'V~O', 1, NULL, 'BAS', 1, NULL, 0),
(13, 163, 'update_log', 'vtiger_troubletickets', 1, '19', 'update_log', 'Update History', 1, 0, '', 100, 12, 25, 3, 'V~O', 1, NULL, 'BAS', 0, NULL, 0),
(13, 164, 'hours', 'vtiger_troubletickets', 1, '1', 'hours', 'Hours', 1, 2, '', 100, 10, 25, 1, 'N~O', 1, NULL, 'BAS', 1, 'This gives the estimated hours for the Ticket.<br>When the same ticket is added to a Service Contract,based on the Tracking Unit of the Service Contract,Used units is updated whenever a ticket is Closed.', 0),
(13, 165, 'days', 'vtiger_troubletickets', 1, '1', 'days', 'Days', 1, 2, '', 100, 11, 25, 1, 'N~O', 1, NULL, 'BAS', 1, 'This gives the estimated days for the Ticket.<br>When the same ticket is added to a Service Contract,based on the Tracking Unit of the Service Contract,Used units is updated whenever a ticket is Closed.', 0),
(13, 166, 'createdtime', 'vtiger_crmentity', 1, '70', 'createdtime', 'Created Time', 1, 0, '', 100, 10, 25, 2, 'DT~O', 3, NULL, 'BAS', 0, NULL, 0),
(13, 167, 'modifiedtime', 'vtiger_crmentity', 1, '70', 'modifiedtime', 'Modified Time', 1, 0, '', 100, 13, 25, 2, 'DT~O', 3, NULL, 'BAS', 0, NULL, 0),
(13, 168, 'modifiedby', 'vtiger_crmentity', 1, '52', 'modifiedby', 'Last Modified By', 1, 0, '', 100, 17, 25, 3, 'V~O', 3, NULL, 'BAS', 0, NULL, 0),
(13, 169, 'title', 'vtiger_troubletickets', 1, '22', 'ticket_title', 'Title', 1, 0, '', 100, 1, 25, 1, 'V~M', 0, 1, 'BAS', 1, NULL, 1),
(13, 170, 'description', 'vtiger_crmentity', 1, '19', 'description', 'Description', 1, 2, '', 100, 1, 28, 1, 'V~O', 2, 4, 'BAS', 1, NULL, 1),
(13, 171, 'solution', 'vtiger_troubletickets', 1, '19', 'solution', 'Solution', 1, 0, '', 100, 1, 29, 1, 'V~O', 3, NULL, 'BAS', 0, NULL, 0),
(13, 172, 'comments', 'vtiger_ticketcomments', 1, '19', 'comments', 'Add Comment', 1, 1, '', 100, 1, 30, 1, 'V~O', 3, NULL, 'BAS', 0, NULL, 0),
(14, 173, 'productname', 'vtiger_products', 1, '2', 'productname', 'Product Name', 1, 0, '', 100, 1, 31, 1, 'V~M', 0, 1, 'BAS', 1, NULL, 1),
(14, 174, 'product_no', 'vtiger_products', 1, '4', 'product_no', 'Product No', 1, 0, '', 100, 2, 31, 1, 'V~O', 3, NULL, 'BAS', 0, NULL, 0),
(14, 175, 'productcode', 'vtiger_products', 1, '1', 'productcode', 'Part Number', 1, 2, '', 100, 4, 31, 1, 'V~O', 1, NULL, 'BAS', 1, NULL, 1),
(14, 176, 'discontinued', 'vtiger_products', 1, '56', 'discontinued', 'Product Active', 1, 2, '', 100, 3, 31, 1, 'V~O', 2, 2, 'BAS', 1, NULL, 0),
(14, 177, 'manufacturer', 'vtiger_products', 1, '15', 'manufacturer', 'Manufacturer', 1, 2, '', 100, 6, 31, 1, 'V~O', 1, NULL, 'BAS', 1, NULL, 0),
(14, 178, 'productcategory', 'vtiger_products', 1, '15', 'productcategory', 'Product Category', 1, 2, '', 100, 6, 31, 1, 'V~O', 1, NULL, 'BAS', 1, NULL, 0),
(14, 179, 'sales_start_date', 'vtiger_products', 1, '5', 'sales_start_date', 'Sales Start Date', 1, 2, '', 100, 5, 31, 1, 'D~O', 1, NULL, 'BAS', 1, NULL, 0),
(14, 180, 'sales_end_date', 'vtiger_products', 1, '5', 'sales_end_date', 'Sales End Date', 1, 2, '', 100, 8, 31, 1, 'D~O~OTH~GE~sales_start_date~Sales Start Date', 1, NULL, 'BAS', 1, NULL, 0),
(14, 181, 'start_date', 'vtiger_products', 1, '5', 'start_date', 'Support Start Date', 1, 2, '', 100, 7, 31, 1, 'D~O', 1, NULL, 'BAS', 1, NULL, 0),
(14, 182, 'expiry_date', 'vtiger_products', 1, '5', 'expiry_date', 'Support Expiry Date', 1, 2, '', 100, 10, 31, 1, 'D~O~OTH~GE~start_date~Start Date', 1, NULL, 'BAS', 1, NULL, 0),
(14, 183, 'website', 'vtiger_products', 1, '17', 'website', 'Website', 1, 2, '', 100, 14, 31, 1, 'V~O', 1, NULL, 'BAS', 1, NULL, 0),
(14, 184, 'vendor_id', 'vtiger_products', 1, '75', 'vendor_id', 'Vendor Name', 1, 2, '', 100, 13, 31, 1, 'I~O', 1, NULL, 'BAS', 1, NULL, 0),
(14, 185, 'mfr_part_no', 'vtiger_products', 1, '1', 'mfr_part_no', 'Mfr PartNo', 1, 2, '', 100, 16, 31, 1, 'V~O', 1, NULL, 'BAS', 1, NULL, 0),
(14, 186, 'vendor_part_no', 'vtiger_products', 1, '1', 'vendor_part_no', 'Vendor PartNo', 1, 2, '', 100, 15, 31, 1, 'V~O', 1, NULL, 'BAS', 1, NULL, 0),
(14, 187, 'serialno', 'vtiger_products', 1, '1', 'serial_no', 'Serial No', 1, 2, '', 100, 18, 31, 1, 'V~O', 1, NULL, 'BAS', 1, NULL, 0),
(14, 188, 'productsheet', 'vtiger_products', 1, '1', 'productsheet', 'Product Sheet', 1, 2, '', 100, 17, 31, 1, 'V~O', 1, NULL, 'BAS', 1, NULL, 0),
(14, 189, 'glacct', 'vtiger_products', 1, '15', 'glacct', 'GL Account', 1, 2, '', 100, 20, 31, 1, 'V~O', 1, NULL, 'BAS', 1, NULL, 0),
(14, 190, 'createdtime', 'vtiger_crmentity', 1, '70', 'createdtime', 'Created Time', 1, 0, '', 100, 19, 31, 2, 'DT~O', 3, NULL, 'BAS', 0, NULL, 0),
(14, 191, 'modifiedtime', 'vtiger_crmentity', 1, '70', 'modifiedtime', 'Modified Time', 1, 0, '', 100, 21, 31, 2, 'DT~O', 3, NULL, 'BAS', 0, NULL, 0),
(14, 192, 'modifiedby', 'vtiger_crmentity', 1, '52', 'modifiedby', 'Last Modified By', 1, 0, '', 100, 22, 31, 3, 'V~O', 3, NULL, 'BAS', 0, NULL, 0),
(14, 193, 'unit_price', 'vtiger_products', 1, '72', 'unit_price', 'Unit Price', 1, 0, '', 100, 1, 32, 1, 'N~O', 2, 3, 'BAS', 0, NULL, 1),
(14, 194, 'commissionrate', 'vtiger_products', 1, '9', 'commissionrate', 'Commission Rate', 1, 2, '', 100, 2, 32, 1, 'N~O', 1, NULL, 'BAS', 1, NULL, 1),
(14, 195, 'taxclass', 'vtiger_products', 1, '83', 'taxclass', 'Tax Class', 1, 2, '', 100, 4, 32, 1, 'V~O', 3, NULL, 'BAS', 1, NULL, 0),
(14, 196, 'usageunit', 'vtiger_products', 1, '15', 'usageunit', 'Usage Unit', 1, 2, '', 100, 1, 33, 1, 'V~O', 1, NULL, 'ADV', 1, NULL, 0),
(14, 197, 'qty_per_unit', 'vtiger_products', 1, '1', 'qty_per_unit', 'Qty/Unit', 1, 2, '', 100, 2, 33, 1, 'N~O', 1, NULL, 'ADV', 1, NULL, 1),
(14, 198, 'qtyinstock', 'vtiger_products', 1, '1', 'qtyinstock', 'Qty In Stock', 1, 2, '', 100, 3, 33, 1, 'NN~O', 0, 4, 'ADV', 1, NULL, 0),
(14, 199, 'reorderlevel', 'vtiger_products', 1, '1', 'reorderlevel', 'Reorder Level', 1, 2, '', 100, 4, 33, 1, 'I~O', 1, NULL, 'ADV', 1, NULL, 0),
(14, 200, 'smownerid', 'vtiger_crmentity', 1, '53', 'assigned_user_id', 'Handler', 1, 0, '', 100, 5, 33, 1, 'V~M', 0, 5, 'BAS', 1, NULL, 0),
(14, 201, 'qtyindemand', 'vtiger_products', 1, '1', 'qtyindemand', 'Qty In Demand', 1, 2, '', 100, 6, 33, 1, 'I~O', 1, NULL, 'ADV', 1, NULL, 0),
(14, 202, 'imagename', 'vtiger_products', 1, '69', 'imagename', 'Product Image', 1, 2, '', 100, 1, 35, 1, 'V~O', 3, NULL, 'ADV', 0, NULL, 0),
(14, 203, 'description', 'vtiger_crmentity', 1, '19', 'description', 'Description', 1, 2, '', 100, 1, 36, 1, 'V~O', 1, NULL, 'BAS', 1, NULL, 0),
(8, 204, 'title', 'vtiger_notes', 1, '2', 'notes_title', 'Title', 1, 0, '', 100, 1, 17, 1, 'V~M', 0, 1, 'BAS', 1, NULL, 1),
(8, 205, 'createdtime', 'vtiger_crmentity', 1, '70', 'createdtime', 'Created Time', 1, 0, '', 100, 5, 17, 2, 'DT~O', 3, NULL, 'BAS', 0, NULL, 0),
(8, 206, 'modifiedtime', 'vtiger_crmentity', 1, '70', 'modifiedtime', 'Modified Time', 1, 0, '', 100, 6, 17, 2, 'DT~O', 3, NULL, 'BAS', 0, NULL, 1),
(8, 207, 'filename', 'vtiger_notes', 1, '28', 'filename', 'File Name', 1, 2, '', 100, 3, 18, 1, 'V~O', 0, NULL, 'BAS', 0, NULL, 1),
(8, 208, 'smownerid', 'vtiger_crmentity', 1, '53', 'assigned_user_id', 'Assigned To', 1, 0, '', 100, 4, 17, 1, 'V~M', 0, 3, 'BAS', 1, NULL, 1),
(8, 209, 'notecontent', 'vtiger_notes', 1, '19', 'notecontent', 'Note', 1, 2, '', 100, 1, 84, 1, 'V~O', 1, NULL, 'BAS', 1, NULL, 0),
(8, 210, 'filetype', 'vtiger_notes', 1, '1', 'filetype', 'File Type', 1, 2, '', 100, 5, 18, 2, 'V~O', 3, 0, 'BAS', 0, NULL, 0),
(8, 211, 'filesize', 'vtiger_notes', 1, '1', 'filesize', 'File Size', 1, 2, '', 100, 4, 18, 2, 'I~O', 3, 0, 'BAS', 0, NULL, 0),
(8, 212, 'filelocationtype', 'vtiger_notes', 1, '27', 'filelocationtype', 'Download Type', 1, 0, '', 100, 1, 18, 1, 'V~O', 0, 0, 'BAS', 0, NULL, 0),
(8, 213, 'fileversion', 'vtiger_notes', 1, '1', 'fileversion', 'Version', 1, 2, '', 100, 6, 18, 1, 'V~O', 1, 0, 'BAS', 1, NULL, 0),
(8, 214, 'filestatus', 'vtiger_notes', 1, '56', 'filestatus', 'Active', 1, 2, '1', 100, 2, 18, 1, 'V~O', 1, 0, 'BAS', 1, NULL, 0),
(8, 215, 'filedownloadcount', 'vtiger_notes', 1, '1', 'filedownloadcount', 'Download Count', 1, 2, '', 100, 7, 18, 2, 'I~O', 3, 0, 'BAS', 0, NULL, 0),
(8, 216, 'folderid', 'vtiger_notes', 1, '26', 'folderid', 'Folder Name', 1, 2, '', 100, 2, 17, 1, 'V~O', 2, 2, 'BAS', 1, NULL, 1),
(8, 217, 'note_no', 'vtiger_notes', 1, '4', 'note_no', 'Document No', 1, 0, '', 100, 3, 17, 1, 'V~O', 3, NULL, 'BAS', 0, NULL, 0),
(8, 218, 'modifiedby', 'vtiger_crmentity', 1, '52', 'modifiedby', 'Last Modified By', 1, 0, '', 100, 12, 17, 3, 'V~O', 3, NULL, 'BAS', 0, NULL, 0),
(10, 219, 'date_start', 'vtiger_activity', 1, '6', 'date_start', 'Date & Time Sent', 1, 0, '', 100, 1, 21, 1, 'DT~M~time_start~Time Start', 1, NULL, 'BAS', 1, NULL, 0),
(10, 220, 'semodule', 'vtiger_activity', 1, '2', 'parent_type', 'Sales Enity Module', 1, 0, '', 100, 2, 21, 3, '', 1, NULL, 'BAS', 1, NULL, 0),
(10, 221, 'activitytype', 'vtiger_activity', 1, '2', 'activitytype', 'Activtiy Type', 1, 0, '', 100, 3, 21, 3, 'V~O', 1, NULL, 'BAS', 1, NULL, 0),
(10, 222, 'smownerid', 'vtiger_crmentity', 1, '53', 'assigned_user_id', 'Assigned To', 1, 0, '', 100, 5, 21, 1, 'V~M', 1, NULL, 'BAS', 1, NULL, 0),
(10, 223, 'subject', 'vtiger_activity', 1, '2', 'subject', 'Subject', 1, 0, '', 100, 1, 23, 1, 'V~M', 1, NULL, 'BAS', 1, NULL, 0),
(10, 224, 'name', 'vtiger_attachments', 1, '61', 'filename', 'Attachment', 1, 0, '', 100, 2, 23, 1, 'V~O', 1, NULL, 'BAS', 1, NULL, 0),
(10, 225, 'description', 'vtiger_crmentity', 1, '19', 'description', 'Description', 1, 0, '', 100, 1, 24, 1, 'V~O', 1, NULL, 'BAS', 1, NULL, 0),
(10, 226, 'time_start', 'vtiger_activity', 1, '2', 'time_start', 'Time Start', 1, 0, '', 100, 9, 23, 1, 'T~O', 1, NULL, 'BAS', 1, NULL, 0),
(10, 227, 'createdtime', 'vtiger_crmentity', 1, '70', 'createdtime', 'Created Time', 1, 0, '', 100, 10, 22, 1, 'DT~O', 3, NULL, 'BAS', 0, NULL, 0),
(10, 228, 'modifiedtime', 'vtiger_crmentity', 1, '70', 'modifiedtime', 'Modified Time', 1, 0, '', 100, 11, 21, 2, 'DT~O', 3, NULL, 'BAS', 0, NULL, 0),
(10, 229, 'access_count', 'vtiger_email_track', 1, '25', 'access_count', 'Access Count', 1, 0, '0', 100, 6, 21, 3, 'V~O', 1, NULL, 'BAS', 0, NULL, 0),
(10, 230, 'modifiedby', 'vtiger_crmentity', 1, '52', 'modifiedby', 'Last Modified By', 1, 0, '', 100, 12, 21, 3, 'V~O', 3, NULL, 'BAS', 0, NULL, 0),
(9, 231, 'subject', 'vtiger_activity', 1, '2', 'subject', 'Subject', 1, 0, '', 100, 1, 19, 1, 'V~M', 0, 1, 'BAS', 1, NULL, 1),
(9, 232, 'smownerid', 'vtiger_crmentity', 1, '53', 'assigned_user_id', 'Assigned To', 1, 0, '', 100, 2, 19, 1, 'V~M', 0, 4, 'BAS', 1, NULL, 1),
(9, 233, 'date_start', 'vtiger_activity', 1, '6', 'date_start', 'Start Date & Time', 1, 0, '', 100, 3, 19, 1, 'DT~M~time_start', 0, 2, 'BAS', 1, NULL, 1),
(9, 234, 'time_start', 'vtiger_activity', 1, '2', 'time_start', 'Time Start', 1, 0, '', 100, 4, 19, 3, 'T~O', 1, NULL, 'BAS', 1, NULL, 1),
(9, 235, 'time_end', 'vtiger_activity', 1, '2', 'time_end', 'End Time', 1, 0, '', 100, 4, 19, 3, 'T~O', 1, NULL, 'BAS', 1, NULL, 1),
(9, 236, 'due_date', 'vtiger_activity', 1, '23', 'due_date', 'Due Date', 1, 0, '', 100, 5, 19, 1, 'D~M~OTH~GE~date_start~Start Date & Time', 1, NULL, 'BAS', 1, NULL, 1),
(9, 237, 'crmid', 'vtiger_seactivityrel', 1, '66', 'parent_id', 'Related To', 1, 0, '', 100, 7, 19, 1, 'I~O', 1, NULL, 'BAS', 1, NULL, 1),
(9, 238, 'contactid', 'vtiger_cntactivityrel', 1, '57', 'contact_id', 'Contact Name', 1, 0, '', 100, 8, 19, 1, 'I~O', 1, NULL, 'BAS', 1, NULL, 0),
(9, 239, 'status', 'vtiger_activity', 1, '15', 'taskstatus', 'Status', 1, 0, '', 100, 8, 19, 1, 'V~M', 0, 3, 'BAS', 1, NULL, 0),
(9, 240, 'eventstatus', 'vtiger_activity', 1, '15', 'eventstatus', 'Status', 1, 0, '', 100, 9, 19, 3, 'V~O', 1, NULL, 'BAS', 1, NULL, 0),
(9, 241, 'priority', 'vtiger_activity', 1, '15', 'taskpriority', 'Priority', 1, 0, '', 100, 10, 19, 1, 'V~O', 1, NULL, 'BAS', 1, NULL, 0),
(9, 242, 'sendnotification', 'vtiger_activity', 1, '56', 'sendnotification', 'Send Notification', 1, 0, '', 100, 11, 19, 1, 'C~O', 1, NULL, 'BAS', 1, NULL, 0),
(9, 243, 'createdtime', 'vtiger_crmentity', 1, '70', 'createdtime', 'Created Time', 1, 0, '', 100, 14, 19, 2, 'DT~O', 3, NULL, 'BAS', 0, NULL, 0),
(9, 244, 'modifiedtime', 'vtiger_crmentity', 1, '70', 'modifiedtime', 'Modified Time', 1, 0, '', 100, 15, 19, 2, 'DT~O', 3, NULL, 'BAS', 0, NULL, 0),
(9, 245, 'activitytype', 'vtiger_activity', 1, '15', 'activitytype', 'Activity Type', 1, 0, '', 100, 16, 19, 3, 'V~O', 1, NULL, 'BAS', 1, NULL, 1),
(9, 246, 'visibility', 'vtiger_activity', 1, '16', 'visibility', 'Visibility', 1, 0, '', 100, 17, 19, 3, 'V~O', 1, NULL, 'BAS', 1, NULL, 0),
(9, 247, 'description', 'vtiger_crmentity', 1, '19', 'description', 'Description', 1, 0, '', 100, 1, 20, 1, 'V~O', 1, NULL, 'BAS', 1, NULL, 0),
(9, 248, 'duration_hours', 'vtiger_activity', 1, '63', 'duration_hours', 'Duration', 1, 0, '', 100, 17, 19, 3, 'T~O', 1, NULL, 'BAS', 1, NULL, 0),
(9, 249, 'duration_minutes', 'vtiger_activity', 1, '16', 'duration_minutes', 'Duration Minutes', 1, 0, '', 100, 18, 19, 3, 'T~O', 1, NULL, 'BAS', 1, NULL, 0),
(9, 250, 'location', 'vtiger_activity', 1, '1', 'location', 'Location', 1, 0, '', 100, 19, 19, 1, 'V~O', 1, NULL, 'BAS', 1, NULL, 0),
(9, 251, 'reminder_time', 'vtiger_activity_reminder', 1, '30', 'reminder_time', 'Send Reminder', 1, 0, '', 100, 1, 19, 3, 'I~O', 1, NULL, 'BAS', 1, NULL, 0),
(9, 252, 'recurringtype', 'vtiger_activity', 1, '16', 'recurringtype', 'Recurrence', 1, 0, '', 100, 6, 19, 3, 'O~O', 1, NULL, 'BAS', 1, NULL, 1),
(9, 253, 'notime', 'vtiger_activity', 1, '56', 'notime', 'No Time', 1, 0, '', 100, 20, 19, 3, 'C~O', 1, NULL, 'BAS', 1, NULL, 0),
(9, 254, 'modifiedby', 'vtiger_crmentity', 1, '52', 'modifiedby', 'Last Modified By', 1, 0, '', 100, 22, 19, 3, 'V~O', 3, NULL, 'BAS', 0, NULL, 0),
(16, 255, 'subject', 'vtiger_activity', 1, '2', 'subject', 'Subject', 1, 0, '', 100, 1, 39, 1, 'V~M', 0, 1, 'BAS', 1, NULL, 1),
(16, 256, 'smownerid', 'vtiger_crmentity', 1, '53', 'assigned_user_id', 'Assigned To', 1, 0, '', 100, 2, 39, 1, 'V~M', 0, 6, 'BAS', 1, NULL, 1),
(16, 257, 'date_start', 'vtiger_activity', 1, '6', 'date_start', 'Start Date & Time', 1, 0, '', 100, 3, 39, 1, 'DT~M~time_start', 0, 2, 'BAS', 1, NULL, 1),
(16, 258, 'time_start', 'vtiger_activity', 1, '2', 'time_start', 'Time Start', 1, 0, '', 100, 4, 39, 3, 'T~M', 1, NULL, 'BAS', 1, NULL, 1),
(16, 259, 'due_date', 'vtiger_activity', 1, '23', 'due_date', 'End Date', 1, 0, '', 100, 5, 39, 1, 'D~M~OTH~GE~date_start~Start Date & Time', 0, 5, 'BAS', 1, NULL, 1),
(16, 260, 'time_end', 'vtiger_activity', 1, '2', 'time_end', 'End Time', 1, 0, '', 100, 5, 39, 3, 'T~M', 1, NULL, 'BAS', 1, NULL, 1),
(16, 261, 'recurringtype', 'vtiger_activity', 1, '16', 'recurringtype', 'Recurrence', 1, 0, '', 100, 6, 117, 1, 'O~O', 1, NULL, 'BAS', 1, NULL, 1),
(16, 262, 'duration_hours', 'vtiger_activity', 1, '63', 'duration_hours', 'Duration', 1, 0, '', 100, 7, 39, 3, 'I~M', 1, NULL, 'BAS', 1, NULL, 0),
(16, 263, 'duration_minutes', 'vtiger_activity', 1, '16', 'duration_minutes', 'Duration Minutes', 1, 0, '', 100, 8, 39, 3, 'O~O', 1, NULL, 'BAS', 1, NULL, 0),
(16, 264, 'crmid', 'vtiger_seactivityrel', 1, '66', 'parent_id', 'Related To', 1, 0, '', 100, 9, 119, 1, 'I~O', 1, NULL, 'BAS', 1, NULL, 1),
(16, 265, 'eventstatus', 'vtiger_activity', 1, '15', 'eventstatus', 'Status', 1, 0, '', 100, 10, 39, 1, 'V~M', 0, 3, 'BAS', 1, NULL, 0),
(16, 266, 'sendnotification', 'vtiger_activity', 1, '56', 'sendnotification', 'Send Notification', 1, 0, '', 100, 11, 39, 1, 'C~O', 1, NULL, 'BAS', 1, NULL, 0),
(16, 267, 'activitytype', 'vtiger_activity', 1, '15', 'activitytype', 'Activity Type', 1, 0, '', 100, 12, 39, 1, 'V~M', 0, 4, 'BAS', 1, NULL, 1),
(16, 268, 'location', 'vtiger_activity', 1, '1', 'location', 'Location', 1, 0, '', 100, 13, 39, 1, 'V~O', 1, NULL, 'BAS', 1, NULL, 0),
(16, 269, 'createdtime', 'vtiger_crmentity', 1, '70', 'createdtime', 'Created Time', 1, 0, '', 100, 14, 39, 2, 'DT~O', 3, NULL, 'BAS', 0, NULL, 0),
(16, 270, 'modifiedtime', 'vtiger_crmentity', 1, '70', 'modifiedtime', 'Modified Time', 1, 0, '', 100, 15, 39, 2, 'DT~O', 3, NULL, 'BAS', 0, NULL, 0),
(16, 271, 'priority', 'vtiger_activity', 1, '15', 'taskpriority', 'Priority', 1, 0, '', 100, 16, 39, 1, 'V~O', 1, NULL, 'BAS', 1, NULL, 0),
(16, 272, 'notime', 'vtiger_activity', 1, '56', 'notime', 'No Time', 1, 0, '', 100, 17, 39, 3, 'C~O', 1, NULL, 'BAS', 1, NULL, 0),
(16, 273, 'visibility', 'vtiger_activity', 1, '16', 'visibility', 'Visibility', 1, 0, '', 100, 18, 39, 1, 'V~O', 1, NULL, 'BAS', 1, NULL, 0),
(16, 274, 'modifiedby', 'vtiger_crmentity', 1, '52', 'modifiedby', 'Last Modified By', 1, 0, '', 100, 22, 39, 3, 'V~O', 3, NULL, 'BAS', 0, NULL, 0),
(16, 275, 'description', 'vtiger_crmentity', 1, '19', 'description', 'Description', 1, 0, '', 100, 1, 41, 1, 'V~O', 1, NULL, 'BAS', 1, NULL, 0),
(16, 276, 'reminder_time', 'vtiger_activity_reminder', 1, '30', 'reminder_time', 'Send Reminder', 1, 0, '', 100, 1, 40, 1, 'I~O', 1, NULL, 'BAS', 1, NULL, 0),
(16, 277, 'contactid', 'vtiger_cntactivityrel', 1, '57', 'contact_id', 'Contact Name', 1, 0, '', 100, 1, 119, 1, 'I~O', 1, NULL, 'BAS', 1, NULL, 0),
(15, 278, 'product_id', 'vtiger_faq', 1, '59', 'product_id', 'Product Name', 1, 2, '', 100, 1, 37, 1, 'I~O', 3, NULL, 'BAS', 1, NULL, 1),
(15, 279, 'faq_no', 'vtiger_faq', 1, '4', 'faq_no', 'Faq No', 1, 0, '', 100, 2, 37, 1, 'V~O', 3, NULL, 'BAS', 0, NULL, 0),
(15, 280, 'category', 'vtiger_faq', 1, '15', 'faqcategories', 'Category', 1, 2, '', 100, 4, 37, 1, 'V~O', 3, NULL, 'BAS', 1, NULL, 1),
(15, 281, 'status', 'vtiger_faq', 1, '15', 'faqstatus', 'Status', 1, 2, '', 100, 3, 37, 1, 'V~M', 3, NULL, 'BAS', 1, NULL, 0),
(15, 282, 'question', 'vtiger_faq', 1, '20', 'question', 'Question', 1, 2, '', 100, 7, 37, 1, 'V~M', 3, NULL, 'BAS', 1, NULL, 1),
(15, 283, 'answer', 'vtiger_faq', 1, '20', 'faq_answer', 'Answer', 1, 2, '', 100, 8, 37, 1, 'V~M', 3, NULL, 'BAS', 1, NULL, 0),
(15, 284, 'comments', 'vtiger_faqcomments', 1, '19', 'comments', 'Add Comment', 1, 1, '', 100, 1, 38, 1, 'V~O', 3, NULL, 'BAS', 0, NULL, 0),
(15, 285, 'createdtime', 'vtiger_crmentity', 1, '70', 'createdtime', 'Created Time', 1, 0, '', 100, 5, 37, 2, 'DT~O', 3, NULL, 'BAS', 0, NULL, 1),
(15, 286, 'modifiedtime', 'vtiger_crmentity', 1, '70', 'modifiedtime', 'Modified Time', 1, 0, '', 100, 6, 37, 2, 'DT~O', 3, NULL, 'BAS', 0, NULL, 1),
(15, 287, 'modifiedby', 'vtiger_crmentity', 1, '52', 'modifiedby', 'Last Modified By', 1, 0, '', 100, 7, 37, 3, 'V~O', 3, NULL, 'BAS', 0, NULL, 0),
(18, 288, 'vendorname', 'vtiger_vendor', 1, '2', 'vendorname', 'Vendor Name', 1, 0, '', 100, 1, 42, 1, 'V~M', 0, 1, 'BAS', 1, NULL, 1),
(18, 289, 'vendor_no', 'vtiger_vendor', 1, '4', 'vendor_no', 'Vendor No', 1, 0, '', 100, 2, 42, 1, 'V~O', 3, NULL, 'BAS', 0, NULL, 0),
(18, 290, 'phone', 'vtiger_vendor', 1, '1', 'phone', 'Phone', 1, 2, '', 100, 4, 42, 1, 'V~O', 2, 2, 'BAS', 1, NULL, 1),
(18, 291, 'email', 'vtiger_vendor', 1, '13', 'email', 'Email', 1, 2, '', 100, 3, 42, 1, 'E~O', 2, 3, 'BAS', 1, NULL, 1),
(18, 292, 'website', 'vtiger_vendor', 1, '17', 'website', 'Website', 1, 2, '', 100, 6, 42, 1, 'V~O', 1, NULL, 'BAS', 1, NULL, 0),
(18, 293, 'glacct', 'vtiger_vendor', 1, '15', 'glacct', 'GL Account', 1, 2, '', 100, 5, 42, 1, 'V~O', 1, NULL, 'BAS', 1, NULL, 0),
(18, 294, 'category', 'vtiger_vendor', 1, '1', 'category', 'Category', 1, 2, '', 100, 8, 42, 1, 'V~O', 1, NULL, 'BAS', 1, NULL, 1),
(18, 295, 'createdtime', 'vtiger_crmentity', 1, '70', 'createdtime', 'Created Time', 1, 0, '', 100, 7, 42, 2, 'DT~O', 3, NULL, 'BAS', 0, NULL, 0),
(18, 296, 'modifiedtime', 'vtiger_crmentity', 1, '70', 'modifiedtime', 'Modified Time', 1, 0, '', 100, 9, 42, 2, 'DT~O', 3, NULL, 'BAS', 0, NULL, 0),
(18, 297, 'modifiedby', 'vtiger_crmentity', 1, '52', 'modifiedby', 'Last Modified By', 1, 0, '', 100, 12, 42, 3, 'V~O', 3, NULL, 'BAS', 0, NULL, 0),
(18, 298, 'street', 'vtiger_vendor', 1, '21', 'street', 'Street', 1, 2, '', 100, 1, 44, 1, 'V~O', 1, NULL, 'ADV', 1, NULL, 0),
(18, 299, 'pobox', 'vtiger_vendor', 1, '1', 'pobox', 'Po Box', 1, 2, '', 100, 2, 44, 1, 'V~O', 1, NULL, 'ADV', 1, NULL, 0),
(18, 300, 'city', 'vtiger_vendor', 1, '1', 'city', 'City', 1, 2, '', 100, 3, 44, 1, 'V~O', 1, NULL, 'ADV', 1, NULL, 0),
(18, 301, 'state', 'vtiger_vendor', 1, '1', 'state', 'State', 1, 2, '', 100, 4, 44, 1, 'V~O', 1, NULL, 'ADV', 1, NULL, 0),
(18, 302, 'postalcode', 'vtiger_vendor', 1, '1', 'postalcode', 'Postal Code', 1, 2, '', 100, 5, 44, 1, 'V~O', 1, NULL, 'ADV', 1, NULL, 0),
(18, 303, 'country', 'vtiger_vendor', 1, '1', 'country', 'Country', 1, 2, '', 100, 6, 44, 1, 'V~O', 1, NULL, 'ADV', 1, NULL, 0),
(18, 304, 'description', 'vtiger_crmentity', 1, '19', 'description', 'Description', 1, 2, '', 100, 1, 45, 1, 'V~O', 1, NULL, 'ADV', 1, NULL, 0),
(19, 305, 'bookname', 'vtiger_pricebook', 1, '2', 'bookname', 'Price Book Name', 1, 0, '', 100, 1, 46, 1, 'V~M', 0, 1, 'BAS', 1, NULL, 1),
(19, 306, 'pricebook_no', 'vtiger_pricebook', 1, '4', 'pricebook_no', 'PriceBook No', 1, 0, '', 100, 3, 46, 1, 'V~O', 3, NULL, 'BAS', 0, NULL, 0),
(19, 307, 'active', 'vtiger_pricebook', 1, '56', 'active', 'Active', 1, 2, '1', 100, 2, 46, 1, 'C~O', 2, 2, 'BAS', 1, NULL, 1),
(19, 308, 'createdtime', 'vtiger_crmentity', 1, '70', 'createdtime', 'Created Time', 1, 0, '', 100, 4, 46, 2, 'DT~O', 3, NULL, 'BAS', 0, NULL, 0),
(19, 309, 'modifiedtime', 'vtiger_crmentity', 1, '70', 'modifiedtime', 'Modified Time', 1, 0, '', 100, 5, 46, 2, 'DT~O', 3, NULL, 'BAS', 0, NULL, 0),
(19, 310, 'currency_id', 'vtiger_pricebook', 1, '117', 'currency_id', 'Currency', 1, 0, '', 100, 5, 46, 1, 'I~M', 0, 3, 'BAS', 0, NULL, 0),
(19, 311, 'modifiedby', 'vtiger_crmentity', 1, '52', 'modifiedby', 'Last Modified By', 1, 0, '', 100, 7, 46, 3, 'V~O', 3, NULL, 'BAS', 0, NULL, 0),
(19, 312, 'description', 'vtiger_crmentity', 1, '19', 'description', 'Description', 1, 2, '', 100, 1, 48, 1, 'V~O', 1, NULL, 'BAS', 1, NULL, 0),
(20, 313, 'quote_no', 'vtiger_quotes', 1, '4', 'quote_no', 'Quote No', 1, 0, '', 100, 3, 49, 1, 'V~O', 3, NULL, 'BAS', 0, NULL, 1),
(20, 314, 'subject', 'vtiger_quotes', 1, '2', 'subject', 'Subject', 1, 0, '', 100, 1, 49, 1, 'V~M', 1, NULL, 'BAS', 1, NULL, 1),
(20, 315, 'potentialid', 'vtiger_quotes', 1, '76', 'potential_id', 'Potential Name', 1, 2, '', 100, 2, 49, 1, 'I~O', 3, NULL, 'BAS', 1, NULL, 1),
(20, 316, 'quotestage', 'vtiger_quotes', 1, '15', 'quotestage', 'Quote Stage', 1, 2, '', 100, 4, 49, 1, 'V~M', 3, NULL, 'BAS', 1, NULL, 1),
(20, 317, 'validtill', 'vtiger_quotes', 1, '5', 'validtill', 'Valid Till', 1, 2, '', 100, 5, 49, 1, 'D~O', 3, NULL, 'BAS', 1, NULL, 0),
(20, 318, 'contactid', 'vtiger_quotes', 1, '57', 'contact_id', 'Contact Name', 1, 2, '', 100, 6, 49, 1, 'V~O', 3, NULL, 'BAS', 1, NULL, 0),
(20, 319, 'carrier', 'vtiger_quotes', 1, '15', 'carrier', 'Carrier', 1, 2, '', 100, 8, 49, 1, 'V~O', 3, NULL, 'BAS', 1, NULL, 0),
(20, 320, 'subtotal', 'vtiger_quotes', 1, '72', 'hdnSubTotal', 'Sub Total', 1, 2, '', 100, 9, 49, 3, 'N~O', 3, NULL, 'BAS', 1, NULL, 0),
(20, 321, 'shipping', 'vtiger_quotes', 1, '1', 'shipping', 'Shipping', 1, 2, '', 100, 10, 49, 1, 'V~O', 3, NULL, 'BAS', 1, NULL, 0),
(20, 322, 'inventorymanager', 'vtiger_quotes', 1, '77', 'assigned_user_id1', 'Inventory Manager', 1, 2, '', 100, 11, 49, 1, 'I~O', 3, NULL, 'BAS', 1, NULL, 0),
(20, 323, 'adjustment', 'vtiger_quotes', 1, '72', 'txtAdjustment', 'Adjustment', 1, 2, '', 100, 20, 49, 3, 'NN~O', 3, NULL, 'BAS', 1, NULL, 0),
(20, 324, 'total', 'vtiger_quotes', 1, '72', 'hdnGrandTotal', 'Total', 1, 2, '', 100, 14, 49, 3, 'N~O', 3, NULL, 'BAS', 1, NULL, 1),
(20, 325, 'taxtype', 'vtiger_quotes', 1, '16', 'hdnTaxType', 'Tax Type', 1, 2, '', 100, 14, 49, 3, 'V~O', 3, NULL, 'BAS', 1, NULL, 0),
(20, 326, 'discount_percent', 'vtiger_quotes', 1, '1', 'hdnDiscountPercent', 'Discount Percent', 1, 2, '', 100, 14, 49, 3, 'N~O', 3, NULL, 'BAS', 1, NULL, 0),
(20, 327, 'discount_amount', 'vtiger_quotes', 1, '72', 'hdnDiscountAmount', 'Discount Amount', 1, 2, '', 100, 14, 49, 3, 'N~O', 3, NULL, 'BAS', 1, NULL, 0),
(20, 328, 's_h_amount', 'vtiger_quotes', 1, '72', 'hdnS_H_Amount', 'S&H Amount', 1, 2, '', 100, 14, 49, 3, 'N~O', 3, NULL, 'BAS', 1, NULL, 0),
(20, 329, 'accountid', 'vtiger_quotes', 1, '73', 'account_id', 'Account Name', 1, 2, '', 100, 16, 49, 1, 'I~M', 3, NULL, 'BAS', 1, NULL, 1),
(20, 330, 'smownerid', 'vtiger_crmentity', 1, '53', 'assigned_user_id', 'Assigned To', 1, 0, '', 100, 17, 49, 1, 'V~M', 3, NULL, 'BAS', 1, NULL, 1),
(20, 331, 'createdtime', 'vtiger_crmentity', 1, '70', 'createdtime', 'Created Time', 1, 0, '', 100, 18, 49, 2, 'DT~O', 3, NULL, 'BAS', 0, NULL, 0),
(20, 332, 'modifiedtime', 'vtiger_crmentity', 1, '70', 'modifiedtime', 'Modified Time', 1, 0, '', 100, 19, 49, 2, 'DT~O', 3, NULL, 'BAS', 0, NULL, 0),
(20, 333, 'modifiedby', 'vtiger_crmentity', 1, '52', 'modifiedby', 'Last Modified By', 1, 0, '', 100, 22, 49, 3, 'V~O', 3, NULL, 'BAS', 0, NULL, 0),
(20, 334, 'currency_id', 'vtiger_quotes', 1, '117', 'currency_id', 'Currency', 1, 2, '1', 100, 20, 49, 3, 'I~O', 3, NULL, 'BAS', 1, NULL, 0),
(20, 335, 'conversion_rate', 'vtiger_quotes', 1, '1', 'conversion_rate', 'Conversion Rate', 1, 2, '1', 100, 21, 49, 3, 'N~O', 3, NULL, 'BAS', 1, NULL, 0),
(20, 336, 'bill_street', 'vtiger_quotesbillads', 1, '24', 'bill_street', 'Billing Address', 1, 2, '', 100, 1, 51, 1, 'V~M', 3, NULL, 'BAS', 1, NULL, 0),
(20, 337, 'ship_street', 'vtiger_quotesshipads', 1, '24', 'ship_street', 'Shipping Address', 1, 2, '', 100, 2, 51, 1, 'V~M', 3, NULL, 'BAS', 1, NULL, 0),
(20, 338, 'bill_city', 'vtiger_quotesbillads', 1, '1', 'bill_city', 'Billing City', 1, 2, '', 100, 5, 51, 1, 'V~O', 3, NULL, 'BAS', 1, NULL, 0),
(20, 339, 'ship_city', 'vtiger_quotesshipads', 1, '1', 'ship_city', 'Shipping City', 1, 2, '', 100, 6, 51, 1, 'V~O', 3, NULL, 'BAS', 1, NULL, 0),
(20, 340, 'bill_state', 'vtiger_quotesbillads', 1, '1', 'bill_state', 'Billing State', 1, 2, '', 100, 7, 51, 1, 'V~O', 3, NULL, 'BAS', 1, NULL, 0),
(20, 341, 'ship_state', 'vtiger_quotesshipads', 1, '1', 'ship_state', 'Shipping State', 1, 2, '', 100, 8, 51, 1, 'V~O', 3, NULL, 'BAS', 1, NULL, 0),
(20, 342, 'bill_code', 'vtiger_quotesbillads', 1, '1', 'bill_code', 'Billing Code', 1, 2, '', 100, 9, 51, 1, 'V~O', 3, NULL, 'BAS', 1, NULL, 0),
(20, 343, 'ship_code', 'vtiger_quotesshipads', 1, '1', 'ship_code', 'Shipping Code', 1, 2, '', 100, 10, 51, 1, 'V~O', 3, NULL, 'BAS', 1, NULL, 0),
(20, 344, 'bill_country', 'vtiger_quotesbillads', 1, '1', 'bill_country', 'Billing Country', 1, 2, '', 100, 11, 51, 1, 'V~O', 3, NULL, 'BAS', 1, NULL, 0),
(20, 345, 'ship_country', 'vtiger_quotesshipads', 1, '1', 'ship_country', 'Shipping Country', 1, 2, '', 100, 12, 51, 1, 'V~O', 3, NULL, 'BAS', 1, NULL, 0),
(20, 346, 'bill_pobox', 'vtiger_quotesbillads', 1, '1', 'bill_pobox', 'Billing Po Box', 1, 2, '', 100, 3, 51, 1, 'V~O', 3, NULL, 'BAS', 1, NULL, 0),
(20, 347, 'ship_pobox', 'vtiger_quotesshipads', 1, '1', 'ship_pobox', 'Shipping Po Box', 1, 2, '', 100, 4, 51, 1, 'V~O', 3, NULL, 'BAS', 1, NULL, 0),
(20, 348, 'description', 'vtiger_crmentity', 1, '19', 'description', 'Description', 1, 2, '', 100, 1, 54, 1, 'V~O', 3, NULL, 'ADV', 1, NULL, 0);
INSERT INTO `vtiger_field` (`tabid`, `fieldid`, `columnname`, `tablename`, `generatedtype`, `uitype`, `fieldname`, `fieldlabel`, `readonly`, `presence`, `defaultvalue`, `maximumlength`, `sequence`, `block`, `displaytype`, `typeofdata`, `quickcreate`, `quickcreatesequence`, `info_type`, `masseditable`, `helpinfo`, `summaryfield`) VALUES
(20, 349, 'terms_conditions', 'vtiger_quotes', 1, '19', 'terms_conditions', 'Terms & Conditions', 1, 2, '', 100, 1, 53, 1, 'V~O', 3, NULL, 'ADV', 1, NULL, 0),
(21, 350, 'purchaseorder_no', 'vtiger_purchaseorder', 1, '4', 'purchaseorder_no', 'PurchaseOrder No', 1, 0, '', 100, 2, 55, 1, 'V~O', 3, NULL, 'BAS', 0, NULL, 1),
(21, 351, 'subject', 'vtiger_purchaseorder', 1, '2', 'subject', 'Subject', 1, 0, '', 100, 1, 55, 1, 'V~M', 3, NULL, 'BAS', 1, NULL, 1),
(21, 352, 'vendorid', 'vtiger_purchaseorder', 1, '81', 'vendor_id', 'Vendor Name', 1, 0, '', 100, 3, 55, 1, 'I~M', 3, NULL, 'BAS', 1, NULL, 1),
(21, 353, 'requisition_no', 'vtiger_purchaseorder', 1, '1', 'requisition_no', 'Requisition No', 1, 2, '', 100, 4, 55, 1, 'V~O', 3, NULL, 'BAS', 1, NULL, 0),
(21, 354, 'tracking_no', 'vtiger_purchaseorder', 1, '1', 'tracking_no', 'Tracking Number', 1, 2, '', 100, 5, 55, 1, 'V~O', 3, NULL, 'BAS', 1, NULL, 1),
(21, 355, 'contactid', 'vtiger_purchaseorder', 1, '57', 'contact_id', 'Contact Name', 1, 2, '', 100, 6, 55, 1, 'I~O', 3, NULL, 'BAS', 1, NULL, 0),
(21, 356, 'duedate', 'vtiger_purchaseorder', 1, '5', 'duedate', 'Due Date', 1, 2, '', 100, 7, 55, 1, 'D~O', 3, NULL, 'BAS', 1, NULL, 0),
(21, 357, 'carrier', 'vtiger_purchaseorder', 1, '15', 'carrier', 'Carrier', 1, 2, '', 100, 8, 55, 1, 'V~O', 3, NULL, 'BAS', 1, NULL, 0),
(21, 358, 'adjustment', 'vtiger_purchaseorder', 1, '72', 'txtAdjustment', 'Adjustment', 1, 2, '', 100, 10, 55, 3, 'NN~O', 3, NULL, 'BAS', 1, NULL, 0),
(21, 359, 'salescommission', 'vtiger_purchaseorder', 1, '1', 'salescommission', 'Sales Commission', 1, 2, '', 100, 11, 55, 1, 'N~O', 3, NULL, 'BAS', 1, NULL, 0),
(21, 360, 'exciseduty', 'vtiger_purchaseorder', 1, '1', 'exciseduty', 'Excise Duty', 1, 2, '', 100, 12, 55, 1, 'N~O', 3, NULL, 'BAS', 1, NULL, 0),
(21, 361, 'total', 'vtiger_purchaseorder', 1, '72', 'hdnGrandTotal', 'Total', 1, 2, '', 100, 13, 55, 3, 'N~O', 3, NULL, 'BAS', 1, NULL, 1),
(21, 362, 'subtotal', 'vtiger_purchaseorder', 1, '72', 'hdnSubTotal', 'Sub Total', 1, 2, '', 100, 14, 55, 3, 'N~O', 3, NULL, 'BAS', 1, NULL, 0),
(21, 363, 'taxtype', 'vtiger_purchaseorder', 1, '16', 'hdnTaxType', 'Tax Type', 1, 2, '', 100, 14, 55, 3, 'V~O', 3, NULL, 'BAS', 1, NULL, 0),
(21, 364, 'discount_percent', 'vtiger_purchaseorder', 1, '1', 'hdnDiscountPercent', 'Discount Percent', 1, 2, '', 100, 14, 55, 3, 'N~O', 3, NULL, 'BAS', 1, NULL, 0),
(21, 365, 'discount_amount', 'vtiger_purchaseorder', 1, '72', 'hdnDiscountAmount', 'Discount Amount', 1, 0, '', 100, 14, 55, 3, 'N~O', 3, NULL, 'BAS', 1, NULL, 0),
(21, 366, 's_h_amount', 'vtiger_purchaseorder', 1, '72', 'hdnS_H_Amount', 'S&H Amount', 1, 2, '', 100, 14, 55, 3, 'N~O', 3, NULL, 'BAS', 1, NULL, 0),
(21, 367, 'postatus', 'vtiger_purchaseorder', 1, '15', 'postatus', 'Status', 1, 2, '', 100, 15, 55, 1, 'V~M', 3, NULL, 'BAS', 1, NULL, 0),
(21, 368, 'smownerid', 'vtiger_crmentity', 1, '53', 'assigned_user_id', 'Assigned To', 1, 0, '', 100, 16, 55, 1, 'V~M', 3, NULL, 'BAS', 1, NULL, 1),
(21, 369, 'createdtime', 'vtiger_crmentity', 1, '70', 'createdtime', 'Created Time', 1, 0, '', 100, 17, 55, 2, 'DT~O', 3, NULL, 'BAS', 0, NULL, 0),
(21, 370, 'modifiedtime', 'vtiger_crmentity', 1, '70', 'modifiedtime', 'Modified Time', 1, 0, '', 100, 18, 55, 2, 'DT~O', 3, NULL, 'BAS', 0, NULL, 0),
(21, 371, 'modifiedby', 'vtiger_crmentity', 1, '52', 'modifiedby', 'Last Modified By', 1, 0, '', 100, 22, 55, 3, 'V~O', 3, NULL, 'BAS', 0, NULL, 0),
(21, 372, 'currency_id', 'vtiger_purchaseorder', 1, '117', 'currency_id', 'Currency', 1, 2, '1', 100, 19, 55, 3, 'I~O', 3, NULL, 'BAS', 1, NULL, 0),
(21, 373, 'conversion_rate', 'vtiger_purchaseorder', 1, '1', 'conversion_rate', 'Conversion Rate', 1, 2, '1', 100, 20, 55, 3, 'N~O', 3, NULL, 'BAS', 1, NULL, 0),
(21, 374, 'bill_street', 'vtiger_pobillads', 1, '24', 'bill_street', 'Billing Address', 1, 2, '', 100, 1, 57, 1, 'V~M', 3, NULL, 'BAS', 1, NULL, 0),
(21, 375, 'ship_street', 'vtiger_poshipads', 1, '24', 'ship_street', 'Shipping Address', 1, 2, '', 100, 2, 57, 1, 'V~M', 3, NULL, 'BAS', 1, NULL, 0),
(21, 376, 'bill_city', 'vtiger_pobillads', 1, '1', 'bill_city', 'Billing City', 1, 2, '', 100, 5, 57, 1, 'V~O', 3, NULL, 'BAS', 1, NULL, 0),
(21, 377, 'ship_city', 'vtiger_poshipads', 1, '1', 'ship_city', 'Shipping City', 1, 2, '', 100, 6, 57, 1, 'V~O', 3, NULL, 'BAS', 1, NULL, 0),
(21, 378, 'bill_state', 'vtiger_pobillads', 1, '1', 'bill_state', 'Billing State', 1, 2, '', 100, 7, 57, 1, 'V~O', 3, NULL, 'BAS', 1, NULL, 0),
(21, 379, 'ship_state', 'vtiger_poshipads', 1, '1', 'ship_state', 'Shipping State', 1, 2, '', 100, 8, 57, 1, 'V~O', 3, NULL, 'BAS', 1, NULL, 0),
(21, 380, 'bill_code', 'vtiger_pobillads', 1, '1', 'bill_code', 'Billing Code', 1, 2, '', 100, 9, 57, 1, 'V~O', 3, NULL, 'BAS', 1, NULL, 0),
(21, 381, 'ship_code', 'vtiger_poshipads', 1, '1', 'ship_code', 'Shipping Code', 1, 2, '', 100, 10, 57, 1, 'V~O', 3, NULL, 'BAS', 1, NULL, 0),
(21, 382, 'bill_country', 'vtiger_pobillads', 1, '1', 'bill_country', 'Billing Country', 1, 2, '', 100, 11, 57, 1, 'V~O', 3, NULL, 'BAS', 1, NULL, 0),
(21, 383, 'ship_country', 'vtiger_poshipads', 1, '1', 'ship_country', 'Shipping Country', 1, 2, '', 100, 12, 57, 1, 'V~O', 3, NULL, 'BAS', 1, NULL, 0),
(21, 384, 'bill_pobox', 'vtiger_pobillads', 1, '1', 'bill_pobox', 'Billing Po Box', 1, 2, '', 100, 3, 57, 1, 'V~O', 3, NULL, 'BAS', 1, NULL, 0),
(21, 385, 'ship_pobox', 'vtiger_poshipads', 1, '1', 'ship_pobox', 'Shipping Po Box', 1, 2, '', 100, 4, 57, 1, 'V~O', 3, NULL, 'BAS', 1, NULL, 0),
(21, 386, 'description', 'vtiger_crmentity', 1, '19', 'description', 'Description', 1, 2, '', 100, 1, 60, 1, 'V~O', 3, NULL, 'ADV', 1, NULL, 0),
(21, 387, 'terms_conditions', 'vtiger_purchaseorder', 1, '19', 'terms_conditions', 'Terms & Conditions', 1, 2, '', 100, 1, 59, 1, 'V~O', 3, NULL, 'ADV', 1, NULL, 0),
(22, 388, 'salesorder_no', 'vtiger_salesorder', 1, '4', 'salesorder_no', 'SalesOrder No', 1, 0, '', 100, 4, 61, 1, 'V~O', 3, NULL, 'BAS', 0, NULL, 1),
(22, 389, 'subject', 'vtiger_salesorder', 1, '2', 'subject', 'Subject', 1, 0, '', 100, 1, 61, 1, 'V~M', 3, NULL, 'BAS', 1, NULL, 1),
(22, 390, 'potentialid', 'vtiger_salesorder', 1, '76', 'potential_id', 'Potential Name', 1, 2, '', 100, 2, 61, 1, 'I~O', 3, NULL, 'BAS', 1, NULL, 0),
(22, 391, 'customerno', 'vtiger_salesorder', 1, '1', 'customerno', 'Customer No', 1, 2, '', 100, 3, 61, 1, 'V~O', 3, NULL, 'BAS', 1, NULL, 0),
(22, 392, 'quoteid', 'vtiger_salesorder', 1, '78', 'quote_id', 'Quote Name', 1, 2, '', 100, 5, 61, 1, 'I~O', 3, NULL, 'BAS', 0, NULL, 1),
(22, 393, 'purchaseorder', 'vtiger_salesorder', 1, '1', 'vtiger_purchaseorder', 'Purchase Order', 1, 2, '', 100, 5, 61, 1, 'V~O', 3, NULL, 'BAS', 1, NULL, 0),
(22, 394, 'contactid', 'vtiger_salesorder', 1, '57', 'contact_id', 'Contact Name', 1, 2, '', 100, 6, 61, 1, 'I~O', 3, NULL, 'BAS', 1, NULL, 0),
(22, 395, 'duedate', 'vtiger_salesorder', 1, '5', 'duedate', 'Due Date', 1, 2, '', 100, 8, 61, 1, 'D~O', 3, NULL, 'BAS', 1, NULL, 0),
(22, 396, 'carrier', 'vtiger_salesorder', 1, '15', 'carrier', 'Carrier', 1, 2, '', 100, 9, 61, 1, 'V~O', 3, NULL, 'BAS', 1, NULL, 0),
(22, 397, 'pending', 'vtiger_salesorder', 1, '1', 'pending', 'Pending', 1, 2, '', 100, 10, 61, 1, 'V~O', 3, NULL, 'BAS', 1, NULL, 0),
(22, 398, 'sostatus', 'vtiger_salesorder', 1, '15', 'sostatus', 'Status', 1, 2, '', 100, 11, 61, 1, 'V~M', 3, NULL, 'BAS', 1, NULL, 0),
(22, 399, 'adjustment', 'vtiger_salesorder', 1, '72', 'txtAdjustment', 'Adjustment', 1, 2, '', 100, 12, 61, 3, 'NN~O', 3, NULL, 'BAS', 1, NULL, 0),
(22, 400, 'salescommission', 'vtiger_salesorder', 1, '1', 'salescommission', 'Sales Commission', 1, 2, '', 100, 13, 61, 1, 'N~O', 3, NULL, 'BAS', 1, NULL, 0),
(22, 401, 'exciseduty', 'vtiger_salesorder', 1, '1', 'exciseduty', 'Excise Duty', 1, 2, '', 100, 13, 61, 1, 'N~O', 3, NULL, 'BAS', 1, NULL, 0),
(22, 402, 'total', 'vtiger_salesorder', 1, '72', 'hdnGrandTotal', 'Total', 1, 2, '', 100, 14, 61, 3, 'N~O', 3, NULL, 'BAS', 1, NULL, 1),
(22, 403, 'subtotal', 'vtiger_salesorder', 1, '72', 'hdnSubTotal', 'Sub Total', 1, 2, '', 100, 15, 61, 3, 'N~O', 3, NULL, 'BAS', 1, NULL, 0),
(22, 404, 'taxtype', 'vtiger_salesorder', 1, '16', 'hdnTaxType', 'Tax Type', 1, 2, '', 100, 15, 61, 3, 'V~O', 3, NULL, 'BAS', 1, NULL, 0),
(22, 405, 'discount_percent', 'vtiger_salesorder', 1, '1', 'hdnDiscountPercent', 'Discount Percent', 1, 2, '', 100, 15, 61, 3, 'N~O', 3, NULL, 'BAS', 1, NULL, 0),
(22, 406, 'discount_amount', 'vtiger_salesorder', 1, '72', 'hdnDiscountAmount', 'Discount Amount', 1, 0, '', 100, 15, 61, 3, 'N~O', 3, NULL, 'BAS', 1, NULL, 0),
(22, 407, 's_h_amount', 'vtiger_salesorder', 1, '72', 'hdnS_H_Amount', 'S&H Amount', 1, 2, '', 100, 15, 61, 3, 'N~O', 3, NULL, 'BAS', 1, NULL, 0),
(22, 408, 'accountid', 'vtiger_salesorder', 1, '73', 'account_id', 'Account Name', 1, 2, '', 100, 16, 61, 1, 'I~M', 3, NULL, 'BAS', 1, NULL, 1),
(22, 409, 'smownerid', 'vtiger_crmentity', 1, '53', 'assigned_user_id', 'Assigned To', 1, 0, '', 100, 17, 61, 1, 'V~M', 3, NULL, 'BAS', 1, NULL, 1),
(22, 410, 'createdtime', 'vtiger_crmentity', 1, '70', 'createdtime', 'Created Time', 1, 0, '', 100, 18, 61, 2, 'DT~O', 3, NULL, 'BAS', 0, NULL, 0),
(22, 411, 'modifiedtime', 'vtiger_crmentity', 1, '70', 'modifiedtime', 'Modified Time', 1, 0, '', 100, 19, 61, 2, 'DT~O', 3, NULL, 'BAS', 0, NULL, 0),
(22, 412, 'modifiedby', 'vtiger_crmentity', 1, '52', 'modifiedby', 'Last Modified By', 1, 0, '', 100, 22, 61, 3, 'V~O', 3, NULL, 'BAS', 0, NULL, 0),
(22, 413, 'currency_id', 'vtiger_salesorder', 1, '117', 'currency_id', 'Currency', 1, 2, '1', 100, 20, 61, 3, 'I~O', 3, NULL, 'BAS', 1, NULL, 0),
(22, 414, 'conversion_rate', 'vtiger_salesorder', 1, '1', 'conversion_rate', 'Conversion Rate', 1, 2, '1', 100, 21, 61, 3, 'N~O', 3, NULL, 'BAS', 1, NULL, 0),
(22, 415, 'bill_street', 'vtiger_sobillads', 1, '24', 'bill_street', 'Billing Address', 1, 2, '', 100, 1, 63, 1, 'V~M', 3, NULL, 'BAS', 1, NULL, 0),
(22, 416, 'ship_street', 'vtiger_soshipads', 1, '24', 'ship_street', 'Shipping Address', 1, 2, '', 100, 2, 63, 1, 'V~M', 3, NULL, 'BAS', 1, NULL, 0),
(22, 417, 'bill_city', 'vtiger_sobillads', 1, '1', 'bill_city', 'Billing City', 1, 2, '', 100, 5, 63, 1, 'V~O', 3, NULL, 'BAS', 1, NULL, 0),
(22, 418, 'ship_city', 'vtiger_soshipads', 1, '1', 'ship_city', 'Shipping City', 1, 2, '', 100, 6, 63, 1, 'V~O', 3, NULL, 'BAS', 1, NULL, 0),
(22, 419, 'bill_state', 'vtiger_sobillads', 1, '1', 'bill_state', 'Billing State', 1, 2, '', 100, 7, 63, 1, 'V~O', 3, NULL, 'BAS', 1, NULL, 0),
(22, 420, 'ship_state', 'vtiger_soshipads', 1, '1', 'ship_state', 'Shipping State', 1, 2, '', 100, 8, 63, 1, 'V~O', 3, NULL, 'BAS', 1, NULL, 0),
(22, 421, 'bill_code', 'vtiger_sobillads', 1, '1', 'bill_code', 'Billing Code', 1, 2, '', 100, 9, 63, 1, 'V~O', 3, NULL, 'BAS', 1, NULL, 0),
(22, 422, 'ship_code', 'vtiger_soshipads', 1, '1', 'ship_code', 'Shipping Code', 1, 2, '', 100, 10, 63, 1, 'V~O', 3, NULL, 'BAS', 1, NULL, 0),
(22, 423, 'bill_country', 'vtiger_sobillads', 1, '1', 'bill_country', 'Billing Country', 1, 2, '', 100, 11, 63, 1, 'V~O', 3, NULL, 'BAS', 1, NULL, 0),
(22, 424, 'ship_country', 'vtiger_soshipads', 1, '1', 'ship_country', 'Shipping Country', 1, 2, '', 100, 12, 63, 1, 'V~O', 3, NULL, 'BAS', 1, NULL, 0),
(22, 425, 'bill_pobox', 'vtiger_sobillads', 1, '1', 'bill_pobox', 'Billing Po Box', 1, 2, '', 100, 3, 63, 1, 'V~O', 3, NULL, 'BAS', 1, NULL, 0),
(22, 426, 'ship_pobox', 'vtiger_soshipads', 1, '1', 'ship_pobox', 'Shipping Po Box', 1, 2, '', 100, 4, 63, 1, 'V~O', 3, NULL, 'BAS', 1, NULL, 0),
(22, 427, 'description', 'vtiger_crmentity', 1, '19', 'description', 'Description', 1, 2, '', 100, 1, 66, 1, 'V~O', 3, NULL, 'ADV', 1, NULL, 0),
(22, 428, 'terms_conditions', 'vtiger_salesorder', 1, '19', 'terms_conditions', 'Terms & Conditions', 1, 2, '', 100, 1, 65, 1, 'V~O', 3, NULL, 'ADV', 1, NULL, 0),
(22, 429, 'enable_recurring', 'vtiger_salesorder', 1, '56', 'enable_recurring', 'Enable Recurring', 1, 0, '', 100, 1, 85, 1, 'C~O', 3, NULL, 'BAS', 0, NULL, 0),
(22, 430, 'recurring_frequency', 'vtiger_invoice_recurring_info', 1, '16', 'recurring_frequency', 'Frequency', 1, 0, '', 100, 2, 85, 1, 'V~O', 3, NULL, 'BAS', 0, NULL, 0),
(22, 431, 'start_period', 'vtiger_invoice_recurring_info', 1, '5', 'start_period', 'Start Period', 1, 0, '', 100, 3, 85, 1, 'D~O', 3, NULL, 'BAS', 0, NULL, 0),
(22, 432, 'end_period', 'vtiger_invoice_recurring_info', 1, '5', 'end_period', 'End Period', 1, 0, '', 100, 4, 85, 1, 'D~O~OTH~G~start_period~Start Period', 3, NULL, 'BAS', 0, NULL, 0),
(22, 433, 'payment_duration', 'vtiger_invoice_recurring_info', 1, '16', 'payment_duration', 'Payment Duration', 1, 0, '', 100, 5, 85, 1, 'V~O', 3, NULL, 'BAS', 0, NULL, 0),
(22, 434, 'invoice_status', 'vtiger_invoice_recurring_info', 1, '15', 'invoicestatus', 'Invoice Status', 1, 0, '', 100, 6, 85, 1, 'V~M', 3, NULL, 'BAS', 0, NULL, 0),
(23, 435, 'subject', 'vtiger_invoice', 1, '2', 'subject', 'Subject', 1, 0, '', 100, 1, 67, 1, 'V~M', 3, NULL, 'BAS', 1, NULL, 1),
(23, 436, 'salesorderid', 'vtiger_invoice', 1, '80', 'salesorder_id', 'Sales Order', 1, 2, '', 100, 2, 67, 1, 'I~O', 3, NULL, 'BAS', 0, NULL, 1),
(23, 437, 'customerno', 'vtiger_invoice', 1, '1', 'customerno', 'Customer No', 1, 2, '', 100, 3, 67, 1, 'V~O', 3, NULL, 'BAS', 1, NULL, 0),
(23, 438, 'contactid', 'vtiger_invoice', 1, '57', 'contact_id', 'Contact Name', 1, 2, '', 100, 4, 67, 1, 'I~O', 3, NULL, 'BAS', 1, NULL, 0),
(23, 439, 'invoicedate', 'vtiger_invoice', 1, '5', 'invoicedate', 'Invoice Date', 1, 2, '', 100, 5, 67, 1, 'D~O', 3, NULL, 'BAS', 1, NULL, 0),
(23, 440, 'duedate', 'vtiger_invoice', 1, '5', 'duedate', 'Due Date', 1, 2, '', 100, 6, 67, 1, 'D~O', 3, NULL, 'BAS', 1, NULL, 0),
(23, 441, 'purchaseorder', 'vtiger_invoice', 1, '1', 'vtiger_purchaseorder', 'Purchase Order', 1, 2, '', 100, 8, 67, 1, 'V~O', 3, NULL, 'BAS', 1, NULL, 0),
(23, 442, 'adjustment', 'vtiger_invoice', 1, '72', 'txtAdjustment', 'Adjustment', 1, 2, '', 100, 9, 67, 3, 'NN~O', 3, NULL, 'BAS', 1, NULL, 0),
(23, 443, 'salescommission', 'vtiger_invoice', 1, '1', 'salescommission', 'Sales Commission', 1, 2, '', 10, 13, 67, 1, 'N~O', 3, NULL, 'BAS', 1, NULL, 0),
(23, 444, 'exciseduty', 'vtiger_invoice', 1, '1', 'exciseduty', 'Excise Duty', 1, 2, '', 100, 11, 67, 1, 'N~O', 3, NULL, 'BAS', 1, NULL, 0),
(23, 445, 'subtotal', 'vtiger_invoice', 1, '72', 'hdnSubTotal', 'Sub Total', 1, 2, '', 100, 12, 67, 3, 'N~O', 3, NULL, 'BAS', 1, NULL, 0),
(23, 446, 'total', 'vtiger_invoice', 1, '72', 'hdnGrandTotal', 'Total', 1, 2, '', 100, 13, 67, 3, 'N~O', 3, NULL, 'BAS', 1, NULL, 1),
(23, 447, 'taxtype', 'vtiger_invoice', 1, '16', 'hdnTaxType', 'Tax Type', 1, 2, '', 100, 13, 67, 3, 'V~O', 3, NULL, 'BAS', 1, NULL, 0),
(23, 448, 'discount_percent', 'vtiger_invoice', 1, '1', 'hdnDiscountPercent', 'Discount Percent', 1, 2, '', 100, 13, 67, 3, 'N~O', 3, NULL, 'BAS', 1, NULL, 0),
(23, 449, 'discount_amount', 'vtiger_invoice', 1, '72', 'hdnDiscountAmount', 'Discount Amount', 1, 2, '', 100, 13, 67, 3, 'N~O', 3, NULL, 'BAS', 1, NULL, 0),
(23, 450, 's_h_amount', 'vtiger_invoice', 1, '72', 'hdnS_H_Amount', 'S&H Amount', 1, 2, '', 100, 14, 67, 3, 'N~O', 3, NULL, 'BAS', 1, NULL, 0),
(23, 451, 'accountid', 'vtiger_invoice', 1, '73', 'account_id', 'Account Name', 1, 2, '', 100, 14, 67, 1, 'I~M', 3, NULL, 'BAS', 1, NULL, 0),
(23, 452, 'invoicestatus', 'vtiger_invoice', 1, '15', 'invoicestatus', 'Status', 1, 2, '', 100, 15, 67, 1, 'V~O', 3, NULL, 'BAS', 1, NULL, 1),
(23, 453, 'smownerid', 'vtiger_crmentity', 1, '53', 'assigned_user_id', 'Assigned To', 1, 0, '', 100, 16, 67, 1, 'V~M', 3, NULL, 'BAS', 1, NULL, 1),
(23, 454, 'createdtime', 'vtiger_crmentity', 1, '70', 'createdtime', 'Created Time', 1, 0, '', 100, 17, 67, 2, 'DT~O', 3, NULL, 'BAS', 0, NULL, 0),
(23, 455, 'modifiedtime', 'vtiger_crmentity', 1, '70', 'modifiedtime', 'Modified Time', 1, 0, '', 100, 18, 67, 2, 'DT~O', 3, NULL, 'BAS', 0, NULL, 0),
(23, 456, 'modifiedby', 'vtiger_crmentity', 1, '52', 'modifiedby', 'Last Modified By', 1, 0, '', 100, 22, 67, 3, 'V~O', 3, NULL, 'BAS', 0, NULL, 0),
(23, 457, 'currency_id', 'vtiger_invoice', 1, '117', 'currency_id', 'Currency', 1, 2, '1', 100, 19, 67, 3, 'I~O', 3, NULL, 'BAS', 1, NULL, 0),
(23, 458, 'conversion_rate', 'vtiger_invoice', 1, '1', 'conversion_rate', 'Conversion Rate', 1, 2, '1', 100, 20, 67, 3, 'N~O', 3, NULL, 'BAS', 1, NULL, 0),
(23, 459, 'bill_street', 'vtiger_invoicebillads', 1, '24', 'bill_street', 'Billing Address', 1, 2, '', 100, 1, 69, 1, 'V~M', 3, NULL, 'BAS', 1, NULL, 0),
(23, 460, 'ship_street', 'vtiger_invoiceshipads', 1, '24', 'ship_street', 'Shipping Address', 1, 2, '', 100, 2, 69, 1, 'V~M', 3, NULL, 'BAS', 1, NULL, 0),
(23, 461, 'bill_city', 'vtiger_invoicebillads', 1, '1', 'bill_city', 'Billing City', 1, 2, '', 100, 5, 69, 1, 'V~O', 3, NULL, 'BAS', 1, NULL, 0),
(23, 462, 'ship_city', 'vtiger_invoiceshipads', 1, '1', 'ship_city', 'Shipping City', 1, 2, '', 100, 6, 69, 1, 'V~O', 3, NULL, 'BAS', 1, NULL, 0),
(23, 463, 'bill_state', 'vtiger_invoicebillads', 1, '1', 'bill_state', 'Billing State', 1, 2, '', 100, 7, 69, 1, 'V~O', 3, NULL, 'BAS', 1, NULL, 0),
(23, 464, 'ship_state', 'vtiger_invoiceshipads', 1, '1', 'ship_state', 'Shipping State', 1, 2, '', 100, 8, 69, 1, 'V~O', 3, NULL, 'BAS', 1, NULL, 0),
(23, 465, 'bill_code', 'vtiger_invoicebillads', 1, '1', 'bill_code', 'Billing Code', 1, 2, '', 100, 9, 69, 1, 'V~O', 3, NULL, 'BAS', 1, NULL, 0),
(23, 466, 'ship_code', 'vtiger_invoiceshipads', 1, '1', 'ship_code', 'Shipping Code', 1, 2, '', 100, 10, 69, 1, 'V~O', 3, NULL, 'BAS', 1, NULL, 0),
(23, 467, 'bill_country', 'vtiger_invoicebillads', 1, '1', 'bill_country', 'Billing Country', 1, 2, '', 100, 11, 69, 1, 'V~O', 3, NULL, 'BAS', 1, NULL, 0),
(23, 468, 'ship_country', 'vtiger_invoiceshipads', 1, '1', 'ship_country', 'Shipping Country', 1, 2, '', 100, 12, 69, 1, 'V~O', 3, NULL, 'BAS', 1, NULL, 0),
(23, 469, 'bill_pobox', 'vtiger_invoicebillads', 1, '1', 'bill_pobox', 'Billing Po Box', 1, 2, '', 100, 3, 69, 1, 'V~O', 3, NULL, 'BAS', 1, NULL, 0),
(23, 470, 'ship_pobox', 'vtiger_invoiceshipads', 1, '1', 'ship_pobox', 'Shipping Po Box', 1, 2, '', 100, 4, 69, 1, 'V~O', 3, NULL, 'BAS', 1, NULL, 0),
(23, 471, 'description', 'vtiger_crmentity', 1, '19', 'description', 'Description', 1, 2, '', 100, 1, 72, 1, 'V~O', 3, NULL, 'ADV', 1, NULL, 0),
(23, 472, 'terms_conditions', 'vtiger_invoice', 1, '19', 'terms_conditions', 'Terms & Conditions', 1, 2, '', 100, 1, 71, 1, 'V~O', 3, NULL, 'ADV', 1, NULL, 0),
(23, 473, 'invoice_no', 'vtiger_invoice', 1, '4', 'invoice_no', 'Invoice No', 1, 0, '', 100, 3, 67, 1, 'V~O', 3, NULL, 'BAS', 0, NULL, 1),
(29, 474, 'user_name', 'vtiger_users', 1, '106', 'user_name', 'User Name', 1, 0, '', 11, 1, 77, 1, 'V~M', 1, NULL, 'BAS', 1, NULL, 0),
(29, 475, 'is_admin', 'vtiger_users', 1, '156', 'is_admin', 'Admin', 1, 0, '', 3, 7, 77, 1, 'V~O', 1, NULL, 'BAS', 1, NULL, 0),
(29, 476, 'user_password', 'vtiger_users', 1, '99', 'user_password', 'Password', 1, 0, '', 30, 5, 77, 4, 'P~M', 1, NULL, 'BAS', 1, NULL, 0),
(29, 477, 'confirm_password', 'vtiger_users', 1, '99', 'confirm_password', 'Confirm Password', 1, 0, '', 30, 6, 77, 4, 'P~M', 1, NULL, 'BAS', 1, NULL, 0),
(29, 478, 'first_name', 'vtiger_users', 1, '1', 'first_name', 'First Name', 1, 0, '', 30, 3, 77, 1, 'V~O', 1, NULL, 'BAS', 1, NULL, 0),
(29, 479, 'last_name', 'vtiger_users', 1, '2', 'last_name', 'Last Name', 1, 0, '', 30, 4, 77, 1, 'V~M', 1, NULL, 'BAS', 1, NULL, 0),
(29, 480, 'roleid', 'vtiger_user2role', 1, '98', 'roleid', 'Role', 1, 0, '', 200, 8, 77, 1, 'V~M', 1, NULL, 'BAS', 1, NULL, 0),
(29, 481, 'email1', 'vtiger_users', 1, '104', 'email1', 'Email', 1, 0, '', 100, 2, 77, 1, 'E~M', 1, NULL, 'BAS', 1, NULL, 0),
(29, 482, 'status', 'vtiger_users', 1, '115', 'status', 'Status', 1, 0, 'Active', 100, 10, 77, 1, 'V~O', 1, NULL, 'BAS', 1, NULL, 0),
(29, 483, 'activity_view', 'vtiger_users', 1, '16', 'activity_view', 'Default Activity View', 1, 0, '', 100, 6, 118, 1, 'V~O', 1, NULL, 'BAS', 1, NULL, 0),
(29, 484, 'lead_view', 'vtiger_users', 1, '16', 'lead_view', 'Default Lead View', 1, 0, '', 100, 9, 77, 1, 'V~O', 1, NULL, 'BAS', 1, NULL, 0),
(29, 485, 'hour_format', 'vtiger_users', 1, '16', 'hour_format', 'Calendar Hour Format', 1, 0, '12', 100, 4, 118, 1, 'V~O', 1, NULL, 'BAS', 1, NULL, 0),
(29, 486, 'end_hour', 'vtiger_users', 1, '116', 'end_hour', 'Day ends at', 1, 0, '', 100, 11, 77, 3, 'V~O', 1, NULL, 'BAS', 1, NULL, 0),
(29, 487, 'start_hour', 'vtiger_users', 1, '16', 'start_hour', 'Day starts at', 1, 0, '', 100, 2, 118, 1, 'V~O', 1, NULL, 'BAS', 1, NULL, 0),
(29, 488, 'title', 'vtiger_users', 1, '1', 'title', 'Title', 1, 0, '', 50, 1, 79, 1, 'V~O', 1, NULL, 'BAS', 1, NULL, 0),
(29, 489, 'phone_work', 'vtiger_users', 1, '11', 'phone_work', 'Office Phone', 1, 0, '', 50, 5, 79, 1, 'V~O', 1, NULL, 'BAS', 1, NULL, 0),
(29, 490, 'department', 'vtiger_users', 1, '1', 'department', 'Department', 1, 0, '', 50, 3, 79, 1, 'V~O', 1, NULL, 'BAS', 1, NULL, 0),
(29, 491, 'phone_mobile', 'vtiger_users', 1, '11', 'phone_mobile', 'Mobile', 1, 0, '', 50, 7, 79, 1, 'V~O', 1, NULL, 'BAS', 1, NULL, 0),
(29, 492, 'reports_to_id', 'vtiger_users', 1, '101', 'reports_to_id', 'Reports To', 1, 0, '', 50, 8, 79, 1, 'V~O', 1, NULL, 'BAS', 1, NULL, 0),
(29, 493, 'phone_other', 'vtiger_users', 1, '11', 'phone_other', 'Other Phone', 1, 0, '', 50, 11, 79, 1, 'V~O', 1, NULL, 'BAS', 1, NULL, 0),
(29, 494, 'email2', 'vtiger_users', 1, '13', 'email2', 'Other Email', 1, 0, '', 100, 4, 79, 1, 'E~O', 1, NULL, 'BAS', 1, NULL, 0),
(29, 495, 'phone_fax', 'vtiger_users', 1, '11', 'phone_fax', 'Fax', 1, 0, '', 50, 2, 79, 1, 'V~O', 1, NULL, 'BAS', 1, NULL, 0),
(29, 496, 'secondaryemail', 'vtiger_users', 1, '13', 'secondaryemail', 'Secondary Email', 1, 0, '', 100, 6, 79, 1, 'E~O', 1, NULL, 'BAS', 1, NULL, 0),
(29, 497, 'phone_home', 'vtiger_users', 1, '11', 'phone_home', 'Home Phone', 1, 0, '', 50, 9, 79, 1, 'V~O', 1, NULL, 'BAS', 1, NULL, 0),
(29, 498, 'date_format', 'vtiger_users', 1, '16', 'date_format', 'Date Format', 1, 0, '', 30, 3, 118, 1, 'V~O', 1, NULL, 'BAS', 1, NULL, 0),
(29, 499, 'signature', 'vtiger_users', 1, '21', 'signature', 'Signature', 1, 0, '', 250, 13, 79, 1, 'V~O', 1, NULL, 'BAS', 1, NULL, 0),
(29, 500, 'description', 'vtiger_users', 1, '21', 'description', 'Documents', 1, 0, '', 250, 14, 79, 1, 'V~O', 1, NULL, 'BAS', 1, NULL, 0),
(29, 501, 'address_street', 'vtiger_users', 1, '21', 'address_street', 'Street Address', 1, 0, '', 250, 1, 80, 1, 'V~O', 1, NULL, 'BAS', 1, NULL, 0),
(29, 502, 'address_city', 'vtiger_users', 1, '1', 'address_city', 'City', 1, 0, '', 100, 3, 80, 1, 'V~O', 1, NULL, 'BAS', 1, NULL, 0),
(29, 503, 'address_state', 'vtiger_users', 1, '1', 'address_state', 'State', 1, 0, '', 100, 5, 80, 1, 'V~O', 1, NULL, 'BAS', 1, NULL, 0),
(29, 504, 'address_postalcode', 'vtiger_users', 1, '1', 'address_postalcode', 'Postal Code', 1, 0, '', 100, 4, 80, 1, 'V~O', 1, NULL, 'BAS', 1, NULL, 0),
(29, 505, 'address_country', 'vtiger_users', 1, '1', 'address_country', 'Country', 1, 0, '', 100, 2, 80, 1, 'V~O', 1, NULL, 'BAS', 1, NULL, 0),
(29, 506, 'accesskey', 'vtiger_users', 1, '3', 'accesskey', 'Webservice Access Key', 1, 0, '', 100, 2, 83, 2, 'V~O', 1, NULL, 'BAS', 1, NULL, 0),
(29, 507, 'time_zone', 'vtiger_users', 1, '16', 'time_zone', 'Time Zone', 1, 0, '', 200, 5, 118, 1, 'V~O', 1, NULL, 'BAS', 1, NULL, 0),
(29, 508, 'currency_id', 'vtiger_users', 1, '117', 'currency_id', 'Currency', 1, 0, '', 100, 1, 78, 1, 'I~O', 1, NULL, 'BAS', 1, NULL, 0),
(29, 509, 'currency_grouping_pattern', 'vtiger_users', 1, '16', 'currency_grouping_pattern', 'Digit Grouping Pattern', 1, 0, '', 100, 2, 78, 1, 'V~O', 1, NULL, 'BAS', 1, '<b>Currency - Digit Grouping Pattern</b> <br/><br/>This pattern specifies the format in which the currency separator will be placed.', 0),
(29, 510, 'currency_decimal_separator', 'vtiger_users', 1, '16', 'currency_decimal_separator', 'Decimal Separator', 1, 0, '', 2, 3, 78, 1, 'V~O', 1, NULL, 'BAS', 1, '<b>Currency - Decimal Separator</b> <br/><br/>Decimal separator specifies the separator to be used to separate the fractional values from the whole number part. <br/><b>Eg:</b> <br/>. => 123.45 <br/>, => 123,45 <br/>'' => 123''45 <br/>  => 123 45 <br/>$ => 123$45 <br/>', 0),
(29, 511, 'currency_grouping_separator', 'vtiger_users', 1, '16', 'currency_grouping_separator', 'Digit Grouping Separator', 1, 0, '', 2, 4, 78, 1, 'V~O', 1, NULL, 'BAS', 1, '<b>Currency - Grouping Separator</b> <br/><br/>Grouping separator specifies the separator to be used to group the whole number part into hundreds, thousands etc. <br/><b>Eg:</b> <br/>. => 123.456.789 <br/>, => 123,456,789 <br/>'' => 123''456''789 <br/>  => 123 456 789 <br/>$ => 123$456$789 <br/>', 0),
(29, 512, 'currency_symbol_placement', 'vtiger_users', 1, '16', 'currency_symbol_placement', 'Symbol Placement', 1, 0, '', 20, 5, 78, 1, 'V~O', 1, NULL, 'BAS', 1, '<b>Currency - Symbol Placement</b> <br/><br/>Symbol Placement allows you to configure the position of the currency symbol with respect to the currency value.<br/><b>Eg:</b> <br/>$1.0 => $123,456,789.50 <br/>1.0$ => 123,456,789.50$ <br/>', 0),
(29, 513, 'imagename', 'vtiger_users', 1, '105', 'imagename', 'User Image', 1, 0, '', 250, 10, 82, 1, 'V~O', 1, NULL, 'BAS', 1, NULL, 0),
(29, 514, 'internal_mailer', 'vtiger_users', 1, '56', 'internal_mailer', 'INTERNAL_MAIL_COMPOSER', 1, 0, '', 50, 15, 79, 1, 'V~O', 1, NULL, 'BAS', 1, NULL, 0),
(29, 515, 'theme', 'vtiger_users', 1, '31', 'theme', 'Theme', 1, 0, 'softed', 100, 16, 79, 1, 'V~O', 1, NULL, 'BAS', 1, NULL, 0),
(29, 516, 'language', 'vtiger_users', 1, '32', 'language', 'Language', 1, 0, '', 100, 17, 79, 1, 'V~O', 1, NULL, 'BAS', 1, NULL, 0),
(29, 517, 'reminder_interval', 'vtiger_users', 1, '16', 'reminder_interval', 'Reminder Interval', 1, 0, '', 100, 11, 118, 1, 'V~O', 1, NULL, 'BAS', 1, NULL, 0),
(10, 518, 'from_email', 'vtiger_emaildetails', 1, '12', 'from_email', 'From', 1, 2, '', 100, 1, 21, 3, 'V~M', 3, NULL, 'BAS', 0, NULL, 0),
(10, 519, 'to_email', 'vtiger_emaildetails', 1, '8', 'saved_toid', 'To', 1, 2, '', 100, 2, 21, 1, 'V~M', 3, NULL, 'BAS', 0, NULL, 0),
(10, 520, 'cc_email', 'vtiger_emaildetails', 1, '8', 'ccmail', 'CC', 1, 2, '', 1000, 3, 21, 1, 'V~O', 3, NULL, 'BAS', 0, NULL, 0),
(10, 521, 'bcc_email', 'vtiger_emaildetails', 1, '8', 'bccmail', 'BCC', 1, 2, '', 1000, 4, 21, 1, 'V~O', 3, NULL, 'BAS', 0, NULL, 0),
(10, 522, 'idlists', 'vtiger_emaildetails', 1, '357', 'parent_id', 'Parent ID', 1, 2, '', 1000, 5, 21, 1, 'V~O', 3, NULL, 'BAS', 0, NULL, 0),
(10, 523, 'email_flag', 'vtiger_emaildetails', 1, '16', 'email_flag', 'Email Flag', 1, 2, '', 1000, 6, 21, 3, 'V~O', 3, NULL, 'BAS', 0, NULL, 0),
(30, 524, 'smownerid', 'vtiger_crmentity', 1, '53', 'assigned_user_id', 'Assigned To', 1, 2, '', 100, 4, 88, 1, 'V~M', 2, 2, 'BAS', 1, '', 1),
(30, 525, 'createdtime', 'vtiger_crmentity', 1, '70', 'createdtime', 'Created Time', 1, 0, '', 100, 17, 88, 2, 'DT~O', 3, 0, 'BAS', 0, '', 0),
(30, 526, 'modifiedtime', 'vtiger_crmentity', 1, '70', 'modifiedtime', 'Modified Time', 1, 0, '', 100, 18, 88, 2, 'DT~O', 3, 0, 'BAS', 0, '', 0),
(30, 527, 'start_date', 'vtiger_servicecontracts', 1, '5', 'start_date', 'Start Date', 1, 2, '', 100, 7, 88, 1, 'D~O', 2, 4, 'BAS', 1, '', 0),
(30, 528, 'end_date', 'vtiger_servicecontracts', 1, '5', 'end_date', 'End Date', 1, 2, '', 100, 11, 88, 2, 'D~O', 3, 0, 'BAS', 0, '', 0),
(30, 529, 'sc_related_to', 'vtiger_servicecontracts', 1, '10', 'sc_related_to', 'Related to', 1, 2, '', 100, 3, 88, 1, 'V~O', 2, 6, 'BAS', 1, '', 0),
(30, 530, 'tracking_unit', 'vtiger_servicecontracts', 1, '15', 'tracking_unit', 'Tracking Unit', 1, 2, '', 100, 6, 88, 1, 'V~O', 2, 7, 'BAS', 1, '', 0),
(30, 531, 'total_units', 'vtiger_servicecontracts', 1, '7', 'total_units', 'Total Units', 1, 2, '', 100, 8, 88, 1, 'V~O', 2, 8, 'BAS', 1, '', 1),
(30, 532, 'used_units', 'vtiger_servicecontracts', 1, '7', 'used_units', 'Used Units', 1, 2, '', 100, 10, 88, 1, 'V~O', 2, 9, 'BAS', 1, '', 1),
(30, 533, 'subject', 'vtiger_servicecontracts', 1, '1', 'subject', 'Subject', 1, 0, '', 100, 1, 88, 1, 'V~M', 0, 1, 'BAS', 1, '', 1),
(30, 534, 'due_date', 'vtiger_servicecontracts', 1, '23', 'due_date', 'Due date', 1, 2, '', 100, 9, 88, 1, 'D~O', 2, 5, 'BAS', 1, '', 0),
(30, 535, 'planned_duration', 'vtiger_servicecontracts', 1, '1', 'planned_duration', 'Planned Duration', 1, 2, '', 100, 13, 88, 2, 'V~O', 3, 0, 'BAS', 0, '', 0),
(30, 536, 'actual_duration', 'vtiger_servicecontracts', 1, '1', 'actual_duration', 'Actual Duration', 1, 2, '', 100, 15, 88, 2, 'V~O', 3, 0, 'BAS', 0, '', 0),
(30, 537, 'contract_status', 'vtiger_servicecontracts', 1, '15', 'contract_status', 'Status', 1, 2, '', 100, 12, 88, 1, 'V~O', 1, NULL, 'BAS', 1, '', 0),
(30, 538, 'priority', 'vtiger_servicecontracts', 1, '15', 'contract_priority', 'Priority', 1, 2, '', 100, 14, 88, 1, 'V~O', 1, NULL, 'BAS', 1, '', 0),
(30, 539, 'contract_type', 'vtiger_servicecontracts', 1, '15', 'contract_type', 'Type', 1, 2, '', 100, 5, 88, 1, 'V~O', 1, NULL, 'BAS', 1, '', 0),
(30, 540, 'progress', 'vtiger_servicecontracts', 1, '9', 'progress', 'Progress', 1, 2, '', 100, 16, 88, 2, 'N~O~2~2', 3, 3, 'BAS', 0, '', 0),
(30, 541, 'contract_no', 'vtiger_servicecontracts', 1, '4', 'contract_no', 'Contract No', 1, 0, '', 100, 2, 88, 1, 'V~O', 3, 0, 'BAS', 0, '', 1),
(30, 542, 'modifiedby', 'vtiger_crmentity', 1, '52', 'modifiedby', 'Last Modified By', 1, 0, '', 100, 17, 88, 3, 'V~O', 3, 0, 'BAS', 0, '', 0),
(31, 543, 'servicename', 'vtiger_service', 1, '2', 'servicename', 'Service Name', 1, 0, '', 100, 1, 90, 1, 'V~M', 0, 1, 'BAS', 1, '', 1),
(31, 544, 'service_no', 'vtiger_service', 1, '4', 'service_no', 'Service No', 1, 0, '', 100, 2, 90, 1, 'V~O', 3, 0, 'BAS', 0, '', 1),
(31, 545, 'discontinued', 'vtiger_service', 1, '56', 'discontinued', 'Service Active', 1, 2, '', 100, 4, 90, 1, 'V~O', 2, 3, 'BAS', 1, '', 0),
(31, 546, 'sales_start_date', 'vtiger_service', 1, '5', 'sales_start_date', 'Sales Start Date', 1, 2, '', 100, 9, 90, 1, 'D~O', 1, NULL, 'BAS', 1, '', 0),
(31, 547, 'sales_end_date', 'vtiger_service', 1, '5', 'sales_end_date', 'Sales End Date', 1, 2, '', 100, 10, 90, 1, 'D~O~OTH~GE~sales_start_date~Sales Start Date', 1, NULL, 'BAS', 1, '', 0),
(31, 548, 'start_date', 'vtiger_service', 1, '5', 'start_date', 'Support Start Date', 1, 2, '', 100, 11, 90, 1, 'D~O', 1, NULL, 'BAS', 1, '', 0),
(31, 549, 'expiry_date', 'vtiger_service', 1, '5', 'expiry_date', 'Support Expiry Date', 1, 2, '', 100, 12, 90, 1, 'D~O~OTH~GE~start_date~Start Date', 1, NULL, 'BAS', 1, '', 0),
(31, 550, 'website', 'vtiger_service', 1, '17', 'website', 'Website', 1, 2, '', 100, 6, 90, 1, 'V~O', 1, NULL, 'BAS', 1, '', 0),
(31, 551, 'createdtime', 'vtiger_crmentity', 1, '70', 'createdtime', 'Created Time', 1, 0, '', 100, 13, 90, 2, 'DT~O', 3, 0, 'BAS', 0, '', 0),
(31, 552, 'modifiedtime', 'vtiger_crmentity', 1, '70', 'modifiedtime', 'Modified Time', 1, 0, '', 100, 14, 90, 2, 'DT~O', 3, 0, 'BAS', 0, '', 0),
(31, 553, 'modifiedby', 'vtiger_crmentity', 1, '52', 'modifiedby', 'Last Modified By', 1, 0, '', 100, 16, 90, 3, 'V~O', 3, 0, 'BAS', 0, '', 0),
(31, 554, 'service_usageunit', 'vtiger_service', 1, '15', 'service_usageunit', 'Usage Unit', 1, 2, '', 100, 3, 90, 1, 'V~O', 1, NULL, 'BAS', 1, '', 0),
(31, 555, 'qty_per_unit', 'vtiger_service', 1, '1', 'qty_per_unit', 'No of Units', 1, 2, '', 100, 5, 90, 1, 'N~O', 1, NULL, 'BAS', 1, '', 1),
(31, 556, 'smownerid', 'vtiger_crmentity', 1, '53', 'assigned_user_id', 'Owner', 1, 0, '', 100, 8, 90, 1, 'I~O', 1, NULL, 'BAS', 1, '', 0),
(31, 557, 'servicecategory', 'vtiger_service', 1, '15', 'servicecategory', 'Service Category', 1, 2, '', 100, 7, 90, 1, 'V~O', 1, NULL, 'BAS', 1, '', 0),
(31, 558, 'unit_price', 'vtiger_service', 1, '72', 'unit_price', 'Price', 1, 0, '', 100, 1, 91, 1, 'N~O', 2, 2, 'BAS', 0, '', 1),
(31, 559, 'taxclass', 'vtiger_service', 1, '83', 'taxclass', 'Tax Class', 1, 2, '', 100, 4, 91, 1, 'V~O', 1, NULL, 'BAS', 1, '', 0),
(31, 560, 'commissionrate', 'vtiger_service', 1, '9', 'commissionrate', 'Commission Rate', 1, 2, '', 100, 2, 91, 1, 'N~O', 1, NULL, 'BAS', 1, '', 1),
(31, 561, 'description', 'vtiger_crmentity', 1, '19', 'description', 'Description', 1, 2, '', 100, 1, 93, 1, 'V~O', 1, NULL, 'BAS', 1, '', 0),
(36, 562, 'direction', 'vtiger_pbxmanager', 1, '1', 'direction', 'Direction', 1, 2, '', 100, 1, 94, 1, 'V~O', 1, NULL, 'BAS', 1, '', 0),
(36, 563, 'callstatus', 'vtiger_pbxmanager', 1, '1', 'callstatus', 'Call Status', 1, 2, '', 100, 2, 94, 1, 'V~O', 1, NULL, 'BAS', 1, '', 1),
(36, 564, 'starttime', 'vtiger_pbxmanager', 1, '70', 'starttime', 'Start Time', 1, 2, '', 100, 7, 94, 1, 'DT~O', 1, NULL, 'BAS', 1, '', 1),
(36, 565, 'endtime', 'vtiger_pbxmanager', 1, '70', 'endtime', 'End Time', 1, 2, '', 100, 8, 94, 1, 'DT~O', 1, NULL, 'BAS', 1, '', 0),
(36, 566, 'totalduration', 'vtiger_pbxmanager', 1, '7', 'totalduration', 'Total Duration', 1, 2, '', 100, 10, 94, 1, 'I~O', 1, NULL, 'BAS', 1, '', 0),
(36, 567, 'billduration', 'vtiger_pbxmanager', 1, '7', 'billduration', 'Bill Duration', 1, 2, '', 100, 11, 94, 1, 'I~O', 1, NULL, 'BAS', 1, '', 0),
(36, 568, 'recordingurl', 'vtiger_pbxmanager', 1, '17', 'recordingurl', 'Recording URL', 1, 2, '', 100, 9, 94, 1, 'V~O', 1, NULL, 'BAS', 1, '', 1),
(36, 569, 'sourceuuid', 'vtiger_pbxmanager', 1, '1', 'sourceuuid', 'Source UUID', 1, 2, '', 100, 12, 94, 1, 'V~O', 1, NULL, 'BAS', 1, '', 0),
(36, 570, 'gateway', 'vtiger_pbxmanager', 1, '1', 'gateway', 'Gateway', 1, 2, '', 100, 13, 94, 1, 'V~O', 1, NULL, 'BAS', 1, '', 0),
(36, 571, 'customer', 'vtiger_pbxmanager', 1, '10', 'customer', 'Customer', 1, 2, '', 100, 3, 94, 1, 'V~O', 1, NULL, 'BAS', 1, '', 1),
(36, 572, 'user', 'vtiger_pbxmanager', 1, '52', 'user', 'User', 1, 2, '', 100, 4, 94, 1, 'V~O', 1, NULL, 'BAS', 1, '', 1),
(36, 573, 'customernumber', 'vtiger_pbxmanager', 1, '11', 'customernumber', 'Customer Number', 1, 2, '', 100, 5, 94, 1, 'V~M', 1, NULL, 'BAS', 1, '', 0),
(36, 574, 'customertype', 'vtiger_pbxmanager', 1, '1', 'customertype', 'Customer Type', 1, 2, '', 100, 6, 94, 1, 'V~O', 1, NULL, 'BAS', 1, '', 0),
(36, 575, 'smownerid', 'vtiger_crmentity', 1, '53', 'assigned_user_id', 'Assigned To', 1, 2, '', 100, 14, 94, 1, 'V~M', 1, NULL, 'BAS', 1, '', 0),
(36, 576, 'createdtime', 'vtiger_crmentity', 1, '70', 'CreatedTime', 'Created Time', 1, 2, '', 100, 15, 94, 2, 'DT~O', 1, NULL, 'BAS', 1, '', 0),
(36, 577, 'modifiedtime', 'vtiger_crmentity', 1, '70', 'ModifiedTime', 'Modified Time', 1, 2, '', 100, 16, 94, 2, 'DT~O', 1, NULL, 'BAS', 1, '', 0),
(29, 578, 'phone_crm_extension', 'vtiger_users', 1, '11', 'phone_crm_extension', 'CRM Phone Extension', 1, 2, '', 100, 18, 79, 1, 'V~O', 1, NULL, 'BAS', 1, '', 0),
(38, 579, 'projectmilestonename', 'vtiger_projectmilestone', 1, '2', 'projectmilestonename', 'Project Milestone Name', 1, 2, '', 100, 1, 95, 1, 'V~M', 0, 1, 'BAS', 1, '', 1),
(38, 580, 'projectmilestonedate', 'vtiger_projectmilestone', 1, '5', 'projectmilestonedate', 'Milestone Date', 1, 2, '', 100, 5, 95, 1, 'D~O', 0, 3, 'BAS', 1, '', 1),
(38, 581, 'projectid', 'vtiger_projectmilestone', 1, '10', 'projectid', 'Related to', 1, 0, '', 100, 4, 95, 1, 'V~M', 0, 4, 'BAS', 1, '', 0),
(38, 582, 'projectmilestonetype', 'vtiger_projectmilestone', 1, '15', 'projectmilestonetype', 'Type', 1, 2, '', 100, 7, 95, 1, 'V~O', 1, NULL, 'BAS', 1, '', 1),
(38, 583, 'smownerid', 'vtiger_crmentity', 1, '53', 'assigned_user_id', 'Assigned To', 1, 2, '', 100, 6, 95, 1, 'V~M', 0, 2, 'BAS', 1, '', 0),
(38, 584, 'projectmilestone_no', 'vtiger_projectmilestone', 2, '4', 'projectmilestone_no', 'Project Milestone No', 1, 0, '', 100, 2, 95, 1, 'V~O', 3, 4, 'BAS', 0, '', 0),
(38, 585, 'createdtime', 'vtiger_crmentity', 1, '70', 'createdtime', 'Created Time', 1, 2, '', 100, 1, 96, 2, 'T~O', 1, NULL, 'BAS', 1, '', 0),
(38, 586, 'modifiedtime', 'vtiger_crmentity', 1, '70', 'modifiedtime', 'Modified Time', 1, 2, '', 100, 2, 96, 2, 'T~O', 1, NULL, 'BAS', 1, '', 0),
(38, 587, 'modifiedby', 'vtiger_crmentity', 1, '52', 'modifiedby', 'Last Modified By', 1, 0, '', 100, 3, 96, 3, 'V~O', 3, 0, 'BAS', 0, '', 0),
(38, 588, 'description', 'vtiger_crmentity', 1, '19', 'description', 'description', 1, 2, '', 100, 1, 97, 1, 'V~O', 1, NULL, 'BAS', 1, '', 0),
(39, 589, 'projecttaskname', 'vtiger_projecttask', 1, '2', 'projecttaskname', 'Project Task Name', 1, 2, '', 100, 1, 98, 1, 'V~M', 0, 1, 'BAS', 1, '', 1),
(39, 590, 'projecttasktype', 'vtiger_projecttask', 1, '15', 'projecttasktype', 'Type', 1, 2, '', 100, 4, 98, 1, 'V~O', 1, NULL, 'BAS', 1, '', 1),
(39, 591, 'projecttaskpriority', 'vtiger_projecttask', 1, '15', 'projecttaskpriority', 'Priority', 1, 2, '', 100, 3, 98, 1, 'V~O', 1, NULL, 'BAS', 1, '', 0),
(39, 592, 'projectid', 'vtiger_projecttask', 1, '10', 'projectid', 'Related to', 1, 0, '', 100, 6, 98, 1, 'V~M', 0, 5, 'BAS', 1, '', 0),
(39, 593, 'smownerid', 'vtiger_crmentity', 1, '53', 'assigned_user_id', 'Assigned To', 1, 2, '', 100, 7, 98, 1, 'V~M', 0, 2, 'BAS', 1, '', 1),
(39, 594, 'projecttasknumber', 'vtiger_projecttask', 1, '7', 'projecttasknumber', 'Project Task Number', 1, 2, '', 100, 5, 98, 1, 'I~O', 1, NULL, 'BAS', 1, '', 0),
(39, 595, 'projecttask_no', 'vtiger_projecttask', 2, '4', 'projecttask_no', 'Project Task No', 1, 0, '', 100, 2, 98, 1, 'V~O', 3, 4, 'BAS', 0, '', 0),
(39, 596, 'projecttaskprogress', 'vtiger_projecttask', 1, '15', 'projecttaskprogress', 'Progress', 1, 2, '', 100, 1, 99, 1, 'V~O', 1, NULL, 'BAS', 1, '', 1),
(39, 597, 'projecttaskhours', 'vtiger_projecttask', 1, '7', 'projecttaskhours', 'Worked Hours', 1, 2, '', 100, 2, 99, 1, 'V~O', 1, NULL, 'BAS', 1, '', 0),
(39, 598, 'startdate', 'vtiger_projecttask', 1, '5', 'startdate', 'Start Date', 1, 2, '', 100, 3, 99, 1, 'D~O', 0, 3, 'BAS', 1, '', 1),
(39, 599, 'enddate', 'vtiger_projecttask', 1, '5', 'enddate', 'End Date', 1, 2, '', 100, 4, 99, 1, 'D~O~OTH~GE~startdate~Start Date', 1, NULL, 'BAS', 1, '', 1),
(39, 600, 'createdtime', 'vtiger_crmentity', 1, '70', 'createdtime', 'Created Time', 1, 2, '', 100, 5, 99, 2, 'T~O', 1, NULL, 'BAS', 1, '', 0),
(39, 601, 'modifiedtime', 'vtiger_crmentity', 1, '70', 'modifiedtime', 'Modified Time', 1, 2, '', 100, 6, 99, 2, 'T~O', 1, NULL, 'BAS', 1, '', 0),
(39, 602, 'modifiedby', 'vtiger_crmentity', 1, '52', 'modifiedby', 'Last Modified By', 1, 0, '', 100, 7, 99, 3, 'V~O', 3, 0, 'BAS', 0, '', 0),
(39, 603, 'description', 'vtiger_crmentity', 1, '19', 'description', 'description', 1, 2, '', 100, 1, 100, 1, 'V~O', 1, NULL, 'BAS', 1, '', 0),
(40, 604, 'projectname', 'vtiger_project', 1, '2', 'projectname', 'Project Name', 1, 2, '', 100, 1, 101, 1, 'V~M', 0, 1, 'BAS', 1, '', 1),
(40, 605, 'startdate', 'vtiger_project', 1, '23', 'startdate', 'Start Date', 1, 2, '', 100, 3, 101, 1, 'D~O', 0, 3, 'BAS', 1, '', 1),
(40, 606, 'targetenddate', 'vtiger_project', 1, '23', 'targetenddate', 'Target End Date', 1, 2, '', 100, 5, 101, 1, 'D~O~OTH~GE~startdate~Start Date', 0, 4, 'BAS', 1, '', 1),
(40, 607, 'actualenddate', 'vtiger_project', 1, '23', 'actualenddate', 'Actual End Date', 1, 2, '', 100, 6, 101, 1, 'D~O~OTH~GE~startdate~Start Date', 1, NULL, 'BAS', 1, '', 0),
(40, 608, 'projectstatus', 'vtiger_project', 1, '15', 'projectstatus', 'Status', 1, 2, '', 100, 7, 101, 1, 'V~O', 1, NULL, 'BAS', 1, '', 1),
(40, 609, 'projecttype', 'vtiger_project', 1, '15', 'projecttype', 'Type', 1, 2, '', 100, 8, 101, 1, 'V~O', 1, NULL, 'BAS', 1, '', 1),
(40, 610, 'linktoaccountscontacts', 'vtiger_project', 1, '10', 'linktoaccountscontacts', 'Related to', 1, 2, '', 100, 9, 101, 1, 'V~O', 1, NULL, 'BAS', 1, '', 0),
(40, 611, 'smownerid', 'vtiger_crmentity', 1, '53', 'assigned_user_id', 'Assigned To', 1, 2, '', 100, 4, 101, 1, 'V~M', 0, 2, 'BAS', 1, '', 1),
(40, 612, 'project_no', 'vtiger_project', 2, '4', 'project_no', 'Project No', 1, 0, '', 100, 2, 101, 1, 'V~O', 3, 0, 'BAS', 0, '', 0),
(40, 613, 'targetbudget', 'vtiger_project', 1, '7', 'targetbudget', 'Target Budget', 1, 2, '', 100, 1, 102, 1, 'V~O', 1, NULL, 'BAS', 1, '', 0),
(40, 614, 'projecturl', 'vtiger_project', 1, '17', 'projecturl', 'Project Url', 1, 2, '', 100, 2, 102, 1, 'V~O', 1, NULL, 'BAS', 1, '', 0),
(40, 615, 'projectpriority', 'vtiger_project', 1, '15', 'projectpriority', 'Priority', 1, 2, '', 100, 3, 102, 1, 'V~O', 1, NULL, 'BAS', 1, '', 0),
(40, 616, 'progress', 'vtiger_project', 1, '15', 'progress', 'Progress', 1, 2, '', 100, 4, 102, 1, 'V~O', 1, NULL, 'BAS', 1, '', 0),
(40, 617, 'createdtime', 'vtiger_crmentity', 1, '70', 'createdtime', 'Created Time', 1, 2, '', 100, 5, 102, 2, 'T~O', 1, NULL, 'BAS', 1, '', 0),
(40, 618, 'modifiedtime', 'vtiger_crmentity', 1, '70', 'modifiedtime', 'Modified Time', 1, 2, '', 100, 6, 102, 2, 'T~O', 1, NULL, 'BAS', 1, '', 0),
(40, 619, 'modifiedby', 'vtiger_crmentity', 1, '52', 'modifiedby', 'Last Modified By', 1, 0, '', 100, 7, 102, 3, 'V~O', 3, 0, 'BAS', 0, '', 0),
(40, 620, 'description', 'vtiger_crmentity', 1, '19', 'description', 'description', 1, 2, '', 100, 1, 103, 1, 'V~O', 1, NULL, 'BAS', 1, '', 0),
(42, 621, 'asset_no', 'vtiger_assets', 1, '4', 'asset_no', 'Asset No', 1, 0, '', 100, 2, 104, 1, 'V~O', 3, 0, 'BAS', 0, '\n                    ', 1),
(42, 622, 'product', 'vtiger_assets', 1, '10', 'product', 'Product Name', 1, 2, '', 100, 3, 104, 1, 'V~M', 0, 3, 'BAS', 1, '\n                    ', 1),
(42, 623, 'serialnumber', 'vtiger_assets', 1, '2', 'serialnumber', 'Serial Number', 1, 2, '', 100, 4, 104, 1, 'V~M', 0, 5, 'BAS', 1, '\n                    ', 0),
(42, 624, 'datesold', 'vtiger_assets', 1, '5', 'datesold', 'Date Sold', 1, 2, '', 100, 5, 104, 1, 'D~M~OTH~GE~datesold~Date Sold', 0, 0, 'BAS', 1, '\n                    ', 0),
(42, 625, 'dateinservice', 'vtiger_assets', 1, '5', 'dateinservice', 'Date in Service', 1, 2, '', 100, 6, 104, 1, 'D~M~OTH~GE~dateinservice~Date in Service', 0, 4, 'BAS', 1, '\n                    ', 0),
(42, 626, 'assetstatus', 'vtiger_assets', 1, '15', 'assetstatus', 'Status', 1, 2, '', 100, 7, 104, 1, 'V~M', 0, 0, 'BAS', 1, '\n                    ', 0),
(42, 627, 'tagnumber', 'vtiger_assets', 1, '2', 'tagnumber', 'Tag Number', 1, 2, '', 100, 8, 104, 1, 'V~O', 1, NULL, 'BAS', 1, '\n                    ', 0),
(42, 628, 'invoiceid', 'vtiger_assets', 1, '10', 'invoiceid', 'Invoice Name', 1, 2, '', 100, 9, 104, 1, 'V~O', 1, NULL, 'BAS', 1, '\n                    ', 0),
(42, 629, 'shippingmethod', 'vtiger_assets', 1, '2', 'shippingmethod', 'Shipping Method', 1, 2, '', 100, 10, 104, 1, 'V~O', 1, NULL, 'BAS', 1, '\n                    ', 0),
(42, 630, 'shippingtrackingnumber', 'vtiger_assets', 1, '2', 'shippingtrackingnumber', 'Shipping Tracking Number', 1, 2, '', 100, 11, 104, 1, 'V~O', 1, NULL, 'BAS', 1, '\n                    ', 0),
(42, 631, 'smownerid', 'vtiger_crmentity', 1, '53', 'assigned_user_id', 'Assigned To', 1, 2, '', 100, 4, 104, 1, 'V~M', 0, 2, 'BAS', 1, '\n                    ', 0),
(42, 632, 'assetname', 'vtiger_assets', 1, '1', 'assetname', 'Asset Name', 1, 0, '', 100, 12, 104, 1, 'V~M', 0, 6, 'BAS', 1, '\n                    ', 1),
(42, 633, 'account', 'vtiger_assets', 1, '10', 'account', 'Customer Name', 1, 2, '', 100, 13, 104, 1, 'V~M', 0, 0, 'BAS', 1, '\n                    ', 1),
(42, 634, 'contact', 'vtiger_assets', 1, '10', 'contact', 'Contact Name', 1, 2, '', 100, 14, 104, 1, 'V~O', 0, 0, 'BAS', 1, '\n                    ', 0),
(42, 635, 'createdtime', 'vtiger_crmentity', 1, '70', 'createdtime', 'Created Time', 1, 0, '', 100, 14, 104, 2, 'DT~O', 3, 0, 'BAS', 0, '\n                    ', 0),
(42, 636, 'modifiedtime', 'vtiger_crmentity', 1, '70', 'modifiedtime', 'Modified Time', 1, 0, '', 100, 15, 104, 2, 'DT~O', 3, 0, 'BAS', 0, '\n                    ', 0),
(42, 637, 'modifiedby', 'vtiger_crmentity', 1, '52', 'modifiedby', 'Last Modified By', 1, 0, '', 100, 16, 104, 3, 'V~O', 3, 0, 'BAS', 0, '\n                    ', 0),
(42, 638, 'description', 'vtiger_crmentity', 1, '19', 'description', 'Notes', 1, 2, '', 100, 1, 106, 1, 'V~O', 1, NULL, 'BAS', 1, '\n                    ', 0),
(45, 639, 'commentcontent', 'vtiger_modcomments', 1, '19', 'commentcontent', 'Comment', 1, 0, '', 100, 4, 107, 1, 'V~M', 0, 4, 'BAS', 2, '', 1),
(45, 640, 'smownerid', 'vtiger_crmentity', 1, '53', 'assigned_user_id', 'Assigned To', 1, 0, '', 100, 1, 108, 1, 'V~M', 0, 1, 'BAS', 2, '', 1),
(45, 641, 'createdtime', 'vtiger_crmentity', 1, '70', 'createdtime', 'Created Time', 1, 0, '', 100, 5, 108, 2, 'DT~O', 0, 2, 'BAS', 0, '', 0),
(45, 642, 'modifiedtime', 'vtiger_crmentity', 1, '70', 'modifiedtime', 'Modified Time', 1, 0, '', 100, 6, 108, 2, 'DT~O', 0, 3, 'BAS', 0, '', 0),
(45, 643, 'related_to', 'vtiger_modcomments', 1, '10', 'related_to', 'Related To', 1, 2, '', 100, 2, 108, 1, 'V~M', 2, 5, 'BAS', 2, '', 0),
(45, 644, 'smcreatorid', 'vtiger_crmentity', 1, '52', 'creator', 'Creator', 1, 2, '', 100, 4, 108, 2, 'V~O', 1, NULL, 'BAS', 1, '', 0),
(45, 645, 'parent_comments', 'vtiger_modcomments', 1, '10', 'parent_comments', 'Related To Comments', 1, 2, '', 100, 7, 108, 1, 'V~O', 1, NULL, 'BAS', 1, '', 0),
(48, 646, 'smownerid', 'vtiger_crmentity', 1, '53', 'assigned_user_id', 'Assigned To', 1, 0, '', 100, 2, 110, 1, 'V~M', 1, NULL, 'BAS', 1, '', 1),
(48, 647, 'createdtime', 'vtiger_crmentity', 1, '70', 'createdtime', 'Created Time', 1, 0, '', 100, 5, 110, 2, 'DT~O', 1, NULL, 'BAS', 0, '', 0),
(48, 648, 'modifiedtime', 'vtiger_crmentity', 1, '70', 'modifiedtime', 'Modified Time', 1, 0, '', 100, 6, 110, 2, 'DT~O', 1, NULL, 'BAS', 0, '', 0),
(48, 649, 'message', 'vtiger_smsnotifier', 1, '21', 'message', 'message', 1, 0, '', 100, 1, 110, 1, 'V~M', 1, NULL, 'BAS', 1, '', 1),
(48, 650, 'modifiedby', 'vtiger_crmentity', 1, '52', 'modifiedby', 'Last Modified By', 1, 0, '', 100, 7, 110, 3, 'V~O', 1, NULL, 'BAS', 0, '', 0),
(2, 651, 'forecast_amount', 'vtiger_potential', 1, '71', 'forecast_amount', 'Forecast Amount', 1, 2, '', 100, 18, 1, 1, 'N~O', 1, NULL, 'BAS', 0, '', 0),
(29, 652, 'no_of_currency_decimals', 'vtiger_users', 1, '16', 'no_of_currency_decimals', 'Number Of Currency Decimals', 1, 2, '2', 100, 6, 78, 1, 'V~O', 1, NULL, 'BAS', 1, '<b>Currency - Number of Decimal places</b> <br/><br/>Number of decimal places specifies how many number of decimals will be shown after decimal separator.<br/><b>Eg:</b> 123.00', 0),
(23, 653, 'productid', 'vtiger_inventoryproductrel', 1, '10', 'productid', 'Item Name', 0, 2, '', 100, 1, 113, 5, 'V~M', 1, NULL, 'BAS', 0, '', 0),
(23, 654, 'quantity', 'vtiger_inventoryproductrel', 1, '7', 'quantity', 'Quantity', 0, 2, '', 100, 2, 113, 5, 'N~O', 1, NULL, 'BAS', 0, '', 0),
(23, 655, 'listprice', 'vtiger_inventoryproductrel', 1, '71', 'listprice', 'List Price', 0, 2, '', 100, 3, 113, 5, 'N~O', 1, NULL, 'BAS', 0, '', 0),
(23, 656, 'comment', 'vtiger_inventoryproductrel', 1, '19', 'comment', 'Item Comment', 0, 2, '', 100, 4, 113, 5, 'V~O', 1, NULL, 'BAS', 0, '', 0),
(23, 657, 'discount_amount', 'vtiger_inventoryproductrel', 1, '71', 'discount_amount', 'Discount', 0, 2, '', 100, 5, 113, 5, 'N~O', 1, NULL, 'BAS', 0, '', 0),
(23, 658, 'discount_percent', 'vtiger_inventoryproductrel', 1, '7', 'discount_percent', 'Item Discount Percent', 0, 2, '', 100, 6, 113, 5, 'V~O', 1, NULL, 'BAS', 0, '', 0),
(23, 659, 'tax1', 'vtiger_inventoryproductrel', 1, '83', 'tax1', 'Tax1', 0, 2, '', 100, 7, 113, 5, 'V~O', 1, NULL, 'BAS', 0, '', 0),
(23, 660, 'tax2', 'vtiger_inventoryproductrel', 1, '83', 'tax2', 'Tax2', 0, 2, '', 100, 8, 113, 5, 'V~O', 1, NULL, 'BAS', 0, '', 0),
(23, 661, 'tax3', 'vtiger_inventoryproductrel', 1, '83', 'tax3', 'Tax3', 0, 2, '', 100, 9, 113, 5, 'V~O', 1, NULL, 'BAS', 0, '', 0),
(22, 662, 'productid', 'vtiger_inventoryproductrel', 1, '10', 'productid', 'Item Name', 0, 2, '', 100, 1, 114, 5, 'V~M', 1, NULL, 'BAS', 0, '', 0),
(22, 663, 'quantity', 'vtiger_inventoryproductrel', 1, '7', 'quantity', 'Quantity', 0, 2, '', 100, 2, 114, 5, 'N~O', 1, NULL, 'BAS', 0, '', 0),
(22, 664, 'listprice', 'vtiger_inventoryproductrel', 1, '71', 'listprice', 'List Price', 0, 2, '', 100, 3, 114, 5, 'N~O', 1, NULL, 'BAS', 0, '', 0),
(22, 665, 'comment', 'vtiger_inventoryproductrel', 1, '19', 'comment', 'Item Comment', 0, 2, '', 100, 4, 114, 5, 'V~O', 1, NULL, 'BAS', 0, '', 0),
(22, 666, 'discount_amount', 'vtiger_inventoryproductrel', 1, '71', 'discount_amount', 'Discount', 0, 2, '', 100, 5, 114, 5, 'N~O', 1, NULL, 'BAS', 0, '', 0),
(22, 667, 'discount_percent', 'vtiger_inventoryproductrel', 1, '7', 'discount_percent', 'Item Discount Percent', 0, 2, '', 100, 6, 114, 5, 'V~O', 1, NULL, 'BAS', 0, '', 0),
(22, 668, 'tax1', 'vtiger_inventoryproductrel', 1, '83', 'tax1', 'Tax1', 0, 2, '', 100, 7, 114, 5, 'V~O', 1, NULL, 'BAS', 0, '', 0),
(22, 669, 'tax2', 'vtiger_inventoryproductrel', 1, '83', 'tax2', 'Tax2', 0, 2, '', 100, 8, 114, 5, 'V~O', 1, NULL, 'BAS', 0, '', 0),
(22, 670, 'tax3', 'vtiger_inventoryproductrel', 1, '83', 'tax3', 'Tax3', 0, 2, '', 100, 9, 114, 5, 'V~O', 1, NULL, 'BAS', 0, '', 0),
(21, 671, 'productid', 'vtiger_inventoryproductrel', 1, '10', 'productid', 'Item Name', 0, 2, '', 100, 1, 115, 5, 'V~M', 1, NULL, 'BAS', 0, '', 0),
(21, 672, 'quantity', 'vtiger_inventoryproductrel', 1, '7', 'quantity', 'Quantity', 0, 2, '', 100, 2, 115, 5, 'N~O', 1, NULL, 'BAS', 0, '', 0),
(21, 673, 'listprice', 'vtiger_inventoryproductrel', 1, '71', 'listprice', 'List Price', 0, 2, '', 100, 3, 115, 5, 'N~O', 1, NULL, 'BAS', 0, '', 0),
(21, 674, 'comment', 'vtiger_inventoryproductrel', 1, '19', 'comment', 'Item Comment', 0, 2, '', 100, 4, 115, 5, 'V~O', 1, NULL, 'BAS', 0, '', 0),
(21, 675, 'discount_amount', 'vtiger_inventoryproductrel', 1, '71', 'discount_amount', 'Discount', 0, 2, '', 100, 5, 115, 5, 'N~O', 1, NULL, 'BAS', 0, '', 0),
(21, 676, 'discount_percent', 'vtiger_inventoryproductrel', 1, '7', 'discount_percent', 'Item Discount Percent', 0, 2, '', 100, 6, 115, 5, 'V~O', 1, NULL, 'BAS', 0, '', 0),
(21, 677, 'tax1', 'vtiger_inventoryproductrel', 1, '83', 'tax1', 'Tax1', 0, 2, '', 100, 7, 115, 5, 'V~O', 1, NULL, 'BAS', 0, '', 0),
(21, 678, 'tax2', 'vtiger_inventoryproductrel', 1, '83', 'tax2', 'Tax2', 0, 2, '', 100, 8, 115, 5, 'V~O', 1, NULL, 'BAS', 0, '', 0),
(21, 679, 'tax3', 'vtiger_inventoryproductrel', 1, '83', 'tax3', 'Tax3', 0, 2, '', 100, 9, 115, 5, 'V~O', 1, NULL, 'BAS', 0, '', 0),
(20, 680, 'productid', 'vtiger_inventoryproductrel', 1, '10', 'productid', 'Item Name', 0, 2, '', 100, 1, 116, 5, 'V~M', 1, NULL, 'BAS', 0, '', 0);
INSERT INTO `vtiger_field` (`tabid`, `fieldid`, `columnname`, `tablename`, `generatedtype`, `uitype`, `fieldname`, `fieldlabel`, `readonly`, `presence`, `defaultvalue`, `maximumlength`, `sequence`, `block`, `displaytype`, `typeofdata`, `quickcreate`, `quickcreatesequence`, `info_type`, `masseditable`, `helpinfo`, `summaryfield`) VALUES
(20, 681, 'quantity', 'vtiger_inventoryproductrel', 1, '7', 'quantity', 'Quantity', 0, 2, '', 100, 2, 116, 5, 'N~O', 1, NULL, 'BAS', 0, '', 0),
(20, 682, 'listprice', 'vtiger_inventoryproductrel', 1, '71', 'listprice', 'List Price', 0, 2, '', 100, 3, 116, 5, 'N~O', 1, NULL, 'BAS', 0, '', 0),
(20, 683, 'comment', 'vtiger_inventoryproductrel', 1, '19', 'comment', 'Item Comment', 0, 2, '', 100, 4, 116, 5, 'V~O', 1, NULL, 'BAS', 0, '', 0),
(20, 684, 'discount_amount', 'vtiger_inventoryproductrel', 1, '71', 'discount_amount', 'Discount', 0, 2, '', 100, 5, 116, 5, 'N~O', 1, NULL, 'BAS', 0, '', 0),
(20, 685, 'discount_percent', 'vtiger_inventoryproductrel', 1, '7', 'discount_percent', 'Item Discount Percent', 0, 2, '', 100, 6, 116, 5, 'V~O', 1, NULL, 'BAS', 0, '', 0),
(20, 686, 'tax1', 'vtiger_inventoryproductrel', 1, '83', 'tax1', 'Tax1', 0, 2, '', 100, 7, 116, 5, 'V~O', 1, NULL, 'BAS', 0, '', 0),
(20, 687, 'tax2', 'vtiger_inventoryproductrel', 1, '83', 'tax2', 'Tax2', 0, 2, '', 100, 8, 116, 5, 'V~O', 1, NULL, 'BAS', 0, '', 0),
(20, 688, 'tax3', 'vtiger_inventoryproductrel', 1, '83', 'tax3', 'Tax3', 0, 2, '', 100, 9, 116, 5, 'V~O', 1, NULL, 'BAS', 0, '', 0),
(29, 689, 'truncate_trailing_zeros', 'vtiger_users', 1, '56', 'truncate_trailing_zeros', 'Truncate Trailing Zeros', 1, 2, '0', 100, 7, 78, 1, 'V~O', 1, NULL, 'BAS', 1, '<b> Truncate Trailing Zeros </b> <br/><br/>It truncated trailing 0s in any of Currency, Decimal and Percentage Field types<br/><br/><b>Ex:</b><br/>If value is 89.00000 then <br/>decimal and Percentage fields were shows 89<br/>currency field type - shows 89.00<br/>', 0),
(39, 690, 'projecttaskstatus', 'vtiger_projecttask', 1, '15', 'projecttaskstatus', 'Status', 1, 2, '', 100, 8, 98, 1, 'V~O', 0, 6, 'BAS', 1, '', 0),
(45, 691, 'customer', 'vtiger_modcomments', 1, '10', 'customer', 'Customer', 1, 2, '', 100, 5, 107, 3, 'V~O', 1, NULL, 'BAS', 1, '', 0),
(29, 692, 'dayoftheweek', 'vtiger_users', 1, '16', 'dayoftheweek', 'Starting Day of the week', 1, 2, 'Monday', 100, 1, 118, 1, 'V~O', 1, NULL, 'BAS', 1, '', 0),
(29, 693, 'callduration', 'vtiger_users', 1, '16', 'callduration', 'Default Call Duration', 1, 2, '5', 100, 7, 118, 1, 'V~O', 1, NULL, 'BAS', 1, '', 0),
(29, 694, 'othereventduration', 'vtiger_users', 1, '16', 'othereventduration', 'Other Event Duration', 1, 2, '5', 100, 8, 118, 1, 'V~O', 1, NULL, 'BAS', 1, '', 0),
(23, 695, 'pre_tax_total', 'vtiger_invoice', 1, '72', 'pre_tax_total', 'Pre Tax Total', 1, 2, '', 100, 23, 67, 3, 'N~O', 1, NULL, 'BAS', 1, '', 0),
(22, 696, 'pre_tax_total', 'vtiger_salesorder', 1, '72', 'pre_tax_total', 'Pre Tax Total', 1, 2, '', 100, 23, 61, 3, 'N~O', 1, NULL, 'BAS', 1, '', 0),
(21, 697, 'pre_tax_total', 'vtiger_purchaseorder', 1, '72', 'pre_tax_total', 'Pre Tax Total', 1, 2, '', 100, 23, 55, 3, 'N~O', 1, NULL, 'BAS', 1, '', 0),
(20, 698, 'pre_tax_total', 'vtiger_quotes', 1, '72', 'pre_tax_total', 'Pre Tax Total', 1, 2, '', 100, 23, 49, 3, 'N~O', 1, NULL, 'BAS', 1, '', 0),
(29, 699, 'calendarsharedtype', 'vtiger_users', 1, '16', 'calendarsharedtype', 'Calendar Shared Type', 1, 2, 'Public', 100, 12, 118, 3, 'V~O', 1, NULL, 'BAS', 1, '', 0),
(6, 700, 'isconvertedfromlead', 'vtiger_account', 1, '56', 'isconvertedfromlead', 'Is Converted From Lead', 1, 2, 'no', 100, 24, 9, 2, 'C~O', 1, NULL, 'BAS', 1, '', 0),
(4, 701, 'isconvertedfromlead', 'vtiger_contactdetails', 1, '56', 'isconvertedfromlead', 'Is Converted From Lead', 1, 2, 'no', 100, 29, 4, 2, 'C~O', 1, NULL, 'BAS', 1, '', 0),
(2, 702, 'isconvertedfromlead', 'vtiger_potential', 1, '56', 'isconvertedfromlead', 'Is Converted From Lead', 1, 2, 'no', 100, 19, 1, 2, 'C~O', 1, NULL, 'BAS', 1, '', 0),
(29, 703, 'default_record_view', 'vtiger_users', 1, '16', 'default_record_view', 'Default Record View', 1, 2, 'Summary', 100, 19, 79, 1, 'V~O', 1, NULL, 'BAS', 1, '', 0),
(23, 704, 'received', 'vtiger_invoice', 1, '72', 'received', 'Received', 1, 2, '0', 100, 24, 67, 3, 'N~O', 1, NULL, 'BAS', 1, '', 0),
(23, 705, 'balance', 'vtiger_invoice', 1, '72', 'balance', 'Balance', 1, 2, '0', 100, 25, 67, 3, 'N~O', 1, NULL, 'BAS', 1, '', 0),
(21, 706, 'paid', 'vtiger_purchaseorder', 1, '72', 'paid', 'Paid', 1, 2, '0', 100, 24, 55, 3, 'N~O', 1, NULL, 'BAS', 1, '', 0),
(21, 707, 'balance', 'vtiger_purchaseorder', 1, '72', 'balance', 'Balance', 1, 2, '0', 100, 25, 55, 3, 'N~O', 1, NULL, 'BAS', 1, '', 0),
(18, 708, 'smownerid', 'vtiger_crmentity', 1, '53', 'assigned_user_id', 'Assigned To', 1, 2, '', 100, 13, 42, 1, 'V~M', 1, NULL, 'BAS', 1, '', 0),
(7, 709, 'emailoptout', 'vtiger_leaddetails', 1, '56', 'emailoptout', 'Email Opt Out', 1, 2, '', 100, 24, 13, 1, 'C~O', 1, NULL, 'BAS', 1, '', 0),
(45, 710, 'userid', 'vtiger_modcomments', 1, '10', 'userid', 'UserId', 1, 2, '', 100, 6, 107, 3, 'V~O', 1, NULL, 'BAS', 1, '', 0),
(45, 711, 'reasontoedit', 'vtiger_modcomments', 1, '19', 'reasontoedit', 'ReasonToEdit', 1, 2, '', 100, 7, 107, 1, 'V~O', 1, NULL, 'BAS', 1, '', 0),
(23, 712, 's_h_percent', 'vtiger_invoice', 1, '1', 'hdnS_H_Percent', 'S&H Percent', 0, 2, '', 100, 10, 113, 5, 'N~O', 0, 1, 'BAS', 0, '', 0),
(20, 713, 's_h_percent', 'vtiger_quotes', 1, '1', 'hdnS_H_Percent', 'S&H Percent', 0, 2, '', 100, 10, 116, 5, 'N~O', 0, 1, 'BAS', 0, '', 0),
(21, 714, 's_h_percent', 'vtiger_purchaseorder', 1, '1', 'hdnS_H_Percent', 'S&H Percent', 0, 2, '', 100, 10, 115, 5, 'N~O', 0, 1, 'BAS', 0, '', 0),
(22, 715, 's_h_percent', 'vtiger_salesorder', 1, '1', 'hdnS_H_Percent', 'S&H Percent', 0, 2, '', 100, 10, 114, 5, 'N~O', 0, 1, 'BAS', 0, '', 0),
(29, 716, 'leftpanelhide', 'vtiger_users', 1, '56', 'leftpanelhide', 'Left Panel Hide', 1, 2, '0', 100, 20, 79, 1, 'V~O', 1, NULL, 'BAS', 1, '', 0),
(2, 717, 'contact_id', 'vtiger_potential', 1, '10', 'contact_id', 'Contact Name', 1, 2, '', 100, 4, 1, 1, 'V~O', 1, NULL, 'BAS', 1, '', 1),
(13, 718, 'contact_id', 'vtiger_troubletickets', 1, '10', 'contact_id', 'Contact Name', 1, 2, '', 100, 3, 25, 1, 'V~O', 1, NULL, 'BAS', 1, '', 1),
(29, 719, 'rowheight', 'vtiger_users', 1, '16', 'rowheight', 'Row Height', 1, 2, 'medium', 100, 21, 79, 1, 'V~O', 1, NULL, 'BAS', 1, '', 0),
(13, 720, 'from_portal', 'vtiger_ticketcf', 1, '56', 'from_portal', 'From Portal', 1, 0, '', 100, 18, 25, 3, 'C~O', 1, NULL, 'BAS', 1, '', 0),
(29, 721, 'defaulteventstatus', 'vtiger_users', 1, '15', 'defaulteventstatus', 'Default Event Status', 1, 2, '', 100, 9, 118, 1, 'V~O', 1, NULL, 'BAS', 1, '', 0),
(29, 722, 'defaultactivitytype', 'vtiger_users', 1, '15', 'defaultactivitytype', 'Default Activity Type', 1, 2, '', 100, 10, 118, 1, 'V~O', 1, NULL, 'BAS', 1, '', 0),
(29, 723, 'hidecompletedevents', 'vtiger_users', 1, '56', 'hidecompletedevents', 'LBL_HIDE_COMPLETED_EVENTS', 1, 2, '0', 100, 13, 118, 1, 'C~O', 1, NULL, 'BAS', 1, '', 0),
(9, 729, 'smcreatorid', 'vtiger_crmentity', 1, '52', 'created_user_id', 'Created By', 1, 2, '', 100, 23, 19, 2, 'V~O', 3, 5, 'BAS', 0, '', 0),
(29, 750, 'is_owner', 'vtiger_users', 1, '1', 'is_owner', 'Account Owner', 0, 2, '0', 100, 12, 77, 5, 'V~O', 0, 1, 'BAS', 0, '', 0);

-- --------------------------------------------------------

--
-- Estructura de tabla para la tabla `vtiger_fieldmodulerel`
--

CREATE TABLE IF NOT EXISTS `vtiger_fieldmodulerel` (
  `fieldid` int(11) NOT NULL,
  `module` varchar(100) NOT NULL,
  `relmodule` varchar(100) NOT NULL,
  `status` varchar(10) DEFAULT NULL,
  `sequence` int(11) DEFAULT NULL
) ENGINE=InnoDB DEFAULT CHARSET=latin1;

--
-- Volcado de datos para la tabla `vtiger_fieldmodulerel`
--

INSERT INTO `vtiger_fieldmodulerel` (`fieldid`, `module`, `relmodule`, `status`, `sequence`) VALUES
(113, 'Potentials', 'Accounts', NULL, 0),
(529, 'ServiceContracts', 'Contacts', NULL, NULL),
(529, 'ServiceContracts', 'Accounts', NULL, NULL),
(571, 'PBXManager', 'Leads', NULL, NULL),
(571, 'PBXManager', 'Contacts', NULL, NULL),
(571, 'PBXManager', 'Accounts', NULL, NULL),
(581, 'ProjectMilestone', 'Project', NULL, NULL),
(592, 'ProjectTask', 'Project', NULL, NULL),
(610, 'Project', 'Accounts', NULL, NULL),
(610, 'Project', 'Contacts', NULL, NULL),
(622, 'Assets', 'Products', NULL, NULL),
(628, 'Assets', 'Invoice', NULL, NULL),
(633, 'Assets', 'Accounts', NULL, NULL),
(634, 'Assets', 'Contacts', NULL, NULL),
(643, 'ModComments', 'Leads', NULL, NULL),
(643, 'ModComments', 'Contacts', NULL, NULL),
(643, 'ModComments', 'Accounts', NULL, NULL),
(645, 'ModComments', 'ModComments', NULL, NULL),
(643, 'ModComments', 'Potentials', NULL, NULL),
(643, 'ModComments', 'Project', NULL, NULL),
(643, 'ModComments', 'ProjectTask', NULL, NULL),
(653, 'Invoice', 'Products', NULL, NULL),
(653, 'Invoice', 'Services', NULL, NULL),
(662, 'SalesOrder', 'Products', NULL, NULL),
(662, 'SalesOrder', 'Services', NULL, NULL),
(671, 'PurchaseOrder', 'Products', NULL, NULL),
(671, 'PurchaseOrder', 'Services', NULL, NULL),
(680, 'Quotes', 'Products', NULL, NULL),
(680, 'Quotes', 'Services', NULL, NULL),
(643, 'ModComments', 'HelpDesk', NULL, NULL),
(643, 'ModComments', 'Faq', NULL, NULL),
(691, 'ModComments', 'Contacts', NULL, NULL),
(717, 'Potentials', 'Contacts', NULL, NULL),
(157, 'HelpDesk', 'Accounts', NULL, NULL),
(718, 'HelpDesk', 'Contacts', NULL, NULL),
(237, 'Accounts', 'Calendar', NULL, NULL),
(237, 'Leads', 'Calendar', NULL, NULL),
(237, 'HelpDesk', 'Calendar', NULL, NULL),
(237, 'Campaigns', 'Calendar', NULL, NULL),
(237, 'Potentials', 'Calendar', NULL, NULL),
(237, 'PurchaseOrder', 'Calendar', NULL, NULL),
(237, 'SalesOrder', 'Calendar', NULL, NULL),
(237, 'Quotes', 'Calendar', NULL, NULL),
(237, 'Invoice', 'Calendar', NULL, NULL),
(238, 'Contacts', 'Calendar', NULL, NULL),
(643, 'ModComments', 'SalesOrder', NULL, NULL);

-- --------------------------------------------------------

--
-- Estructura de tabla para la tabla `vtiger_field_seq`
--

CREATE TABLE IF NOT EXISTS `vtiger_field_seq` (
  `id` int(11) NOT NULL
) ENGINE=InnoDB DEFAULT CHARSET=latin1;

--
-- Volcado de datos para la tabla `vtiger_field_seq`
--

INSERT INTO `vtiger_field_seq` (`id`) VALUES
(750);

-- --------------------------------------------------------

--
-- Estructura de tabla para la tabla `vtiger_freetagged_objects`
--

CREATE TABLE IF NOT EXISTS `vtiger_freetagged_objects` (
  `tag_id` int(20) NOT NULL DEFAULT '0',
  `tagger_id` int(20) NOT NULL DEFAULT '0',
  `object_id` int(20) NOT NULL DEFAULT '0',
  `tagged_on` timestamp NOT NULL DEFAULT CURRENT_TIMESTAMP ON UPDATE CURRENT_TIMESTAMP,
  `module` varchar(50) NOT NULL DEFAULT ''
) ENGINE=InnoDB DEFAULT CHARSET=latin1;

-- --------------------------------------------------------

--
-- Estructura de tabla para la tabla `vtiger_freetags`
--

CREATE TABLE IF NOT EXISTS `vtiger_freetags` (
  `id` int(19) NOT NULL,
  `tag` varchar(50) NOT NULL DEFAULT '',
  `raw_tag` varchar(50) NOT NULL DEFAULT ''
) ENGINE=InnoDB DEFAULT CHARSET=latin1;

-- --------------------------------------------------------

--
-- Estructura de tabla para la tabla `vtiger_freetags_seq`
--

CREATE TABLE IF NOT EXISTS `vtiger_freetags_seq` (
  `id` int(11) NOT NULL
) ENGINE=InnoDB DEFAULT CHARSET=latin1;

--
-- Volcado de datos para la tabla `vtiger_freetags_seq`
--

INSERT INTO `vtiger_freetags_seq` (`id`) VALUES
(1);

-- --------------------------------------------------------

--
-- Estructura de tabla para la tabla `vtiger_glacct`
--

CREATE TABLE IF NOT EXISTS `vtiger_glacct` (
`glacctid` int(19) NOT NULL,
  `glacct` varchar(200) NOT NULL,
  `presence` int(1) NOT NULL DEFAULT '1',
  `picklist_valueid` int(19) NOT NULL DEFAULT '0',
  `sortorderid` int(11) DEFAULT NULL
) ENGINE=InnoDB AUTO_INCREMENT=10 DEFAULT CHARSET=latin1;

--
-- Volcado de datos para la tabla `vtiger_glacct`
--

INSERT INTO `vtiger_glacct` (`glacctid`, `glacct`, `presence`, `picklist_valueid`, `sortorderid`) VALUES
(1, '300-Sales-Software', 1, 51, 0),
(2, '301-Sales-Hardware', 1, 52, 1),
(3, '302-Rental-Income', 1, 53, 2),
(4, '303-Interest-Income', 1, 54, 3),
(5, '304-Sales-Software-Support', 1, 55, 4),
(6, '305-Sales Other', 1, 56, 5),
(7, '306-Internet Sales', 1, 57, 6),
(8, '307-Service-Hardware Labor', 1, 58, 7),
(9, '308-Sales-Books', 1, 59, 8);

-- --------------------------------------------------------

--
-- Estructura de tabla para la tabla `vtiger_glacct_seq`
--

CREATE TABLE IF NOT EXISTS `vtiger_glacct_seq` (
  `id` int(11) NOT NULL
) ENGINE=InnoDB DEFAULT CHARSET=latin1;

--
-- Volcado de datos para la tabla `vtiger_glacct_seq`
--

INSERT INTO `vtiger_glacct_seq` (`id`) VALUES
(9);

-- --------------------------------------------------------

--
-- Estructura de tabla para la tabla `vtiger_google_oauth2`
--

CREATE TABLE IF NOT EXISTS `vtiger_google_oauth2` (
  `service` varchar(20) DEFAULT NULL,
  `access_token` varchar(500) DEFAULT NULL,
  `refresh_token` varchar(500) DEFAULT NULL,
  `userid` int(19) DEFAULT NULL
) ENGINE=InnoDB DEFAULT CHARSET=utf8;

-- --------------------------------------------------------

--
-- Estructura de tabla para la tabla `vtiger_google_sync_fieldmapping`
--

CREATE TABLE IF NOT EXISTS `vtiger_google_sync_fieldmapping` (
  `vtiger_field` varchar(255) DEFAULT NULL,
  `google_field` varchar(255) DEFAULT NULL,
  `google_field_type` varchar(255) DEFAULT NULL,
  `google_custom_label` varchar(255) DEFAULT NULL,
  `user` int(11) DEFAULT NULL
) ENGINE=InnoDB DEFAULT CHARSET=latin1;

-- --------------------------------------------------------

--
-- Estructura de tabla para la tabla `vtiger_google_sync_settings`
--

CREATE TABLE IF NOT EXISTS `vtiger_google_sync_settings` (
  `user` int(11) DEFAULT NULL,
  `module` varchar(50) DEFAULT NULL,
  `clientgroup` varchar(255) DEFAULT NULL,
  `direction` varchar(50) DEFAULT NULL
) ENGINE=InnoDB DEFAULT CHARSET=latin1;

-- --------------------------------------------------------

--
-- Estructura de tabla para la tabla `vtiger_group2grouprel`
--

CREATE TABLE IF NOT EXISTS `vtiger_group2grouprel` (
  `groupid` int(19) NOT NULL,
  `containsgroupid` int(19) NOT NULL
) ENGINE=InnoDB DEFAULT CHARSET=latin1;

-- --------------------------------------------------------

--
-- Estructura de tabla para la tabla `vtiger_group2role`
--

CREATE TABLE IF NOT EXISTS `vtiger_group2role` (
  `groupid` int(19) NOT NULL,
  `roleid` varchar(255) NOT NULL
) ENGINE=InnoDB DEFAULT CHARSET=latin1;

--
-- Volcado de datos para la tabla `vtiger_group2role`
--

INSERT INTO `vtiger_group2role` (`groupid`, `roleid`) VALUES
(2, 'H4'),
(3, 'H2'),
(4, 'H3');

-- --------------------------------------------------------

--
-- Estructura de tabla para la tabla `vtiger_group2rs`
--

CREATE TABLE IF NOT EXISTS `vtiger_group2rs` (
  `groupid` int(19) NOT NULL,
  `roleandsubid` varchar(255) NOT NULL
) ENGINE=InnoDB DEFAULT CHARSET=latin1;

--
-- Volcado de datos para la tabla `vtiger_group2rs`
--

INSERT INTO `vtiger_group2rs` (`groupid`, `roleandsubid`) VALUES
(2, 'H5'),
(3, 'H3'),
(4, 'H3');

-- --------------------------------------------------------

--
-- Estructura de tabla para la tabla `vtiger_groups`
--

CREATE TABLE IF NOT EXISTS `vtiger_groups` (
  `groupid` int(19) NOT NULL,
  `groupname` varchar(100) DEFAULT NULL,
  `description` text
) ENGINE=InnoDB DEFAULT CHARSET=latin1;

--
-- Volcado de datos para la tabla `vtiger_groups`
--

INSERT INTO `vtiger_groups` (`groupid`, `groupname`, `description`) VALUES
(2, 'Team Selling', 'Group Related to Sales'),
(3, 'Marketing Group', 'Group Related to Marketing Activities'),
(4, 'Support Group', 'Group Related to providing Support to Customers');

-- --------------------------------------------------------

--
-- Estructura de tabla para la tabla `vtiger_homedashbd`
--

CREATE TABLE IF NOT EXISTS `vtiger_homedashbd` (
  `stuffid` int(19) NOT NULL DEFAULT '0',
  `dashbdname` varchar(100) DEFAULT NULL,
  `dashbdtype` varchar(100) DEFAULT NULL
) ENGINE=InnoDB DEFAULT CHARSET=latin1;

-- --------------------------------------------------------

--
-- Estructura de tabla para la tabla `vtiger_homedefault`
--

CREATE TABLE IF NOT EXISTS `vtiger_homedefault` (
  `stuffid` int(19) NOT NULL DEFAULT '0',
  `hometype` varchar(30) NOT NULL,
  `maxentries` int(19) DEFAULT NULL,
  `setype` varchar(30) DEFAULT NULL
) ENGINE=InnoDB DEFAULT CHARSET=latin1;

--
-- Volcado de datos para la tabla `vtiger_homedefault`
--

INSERT INTO `vtiger_homedefault` (`stuffid`, `hometype`, `maxentries`, `setype`) VALUES
(1, 'ALVT', 5, 'Accounts'),
(2, 'HDB', 5, 'Dashboard'),
(3, 'PLVT', 5, 'Potentials'),
(4, 'QLTQ', 5, 'Quotes'),
(5, 'CVLVT', 5, 'NULL'),
(6, 'HLT', 5, 'HelpDesk'),
(7, 'UA', 5, 'Calendar'),
(8, 'GRT', 5, 'NULL'),
(9, 'OLTSO', 5, 'SalesOrder'),
(10, 'ILTI', 5, 'Invoice'),
(11, 'MNL', 5, 'Leads'),
(12, 'OLTPO', 5, 'PurchaseOrder'),
(13, 'PA', 5, 'Calendar'),
(14, 'LTFAQ', 5, 'Faq'),
(16, 'ALVT', 5, 'Accounts'),
(17, 'HDB', 5, 'Dashboard'),
(18, 'PLVT', 5, 'Potentials'),
(19, 'QLTQ', 5, 'Quotes'),
(20, 'CVLVT', 5, 'NULL'),
(21, 'HLT', 5, 'HelpDesk'),
(22, 'UA', 5, 'Calendar'),
(23, 'GRT', 5, 'NULL'),
(24, 'OLTSO', 5, 'SalesOrder'),
(25, 'ILTI', 5, 'Invoice'),
(26, 'MNL', 5, 'Leads'),
(27, 'OLTPO', 5, 'PurchaseOrder'),
(28, 'PA', 5, 'Calendar'),
(29, 'LTFAQ', 5, 'Faq'),
(31, 'ALVT', 5, 'Accounts'),
(32, 'HDB', 5, 'Dashboard'),
(33, 'PLVT', 5, 'Potentials'),
(34, 'QLTQ', 5, 'Quotes'),
(35, 'CVLVT', 5, 'NULL'),
(36, 'HLT', 5, 'HelpDesk'),
(37, 'UA', 5, 'Calendar'),
(38, 'GRT', 5, 'NULL'),
(39, 'OLTSO', 5, 'SalesOrder'),
(40, 'ILTI', 5, 'Invoice'),
(41, 'MNL', 5, 'Leads'),
(42, 'OLTPO', 5, 'PurchaseOrder'),
(43, 'PA', 5, 'Calendar'),
(44, 'LTFAQ', 5, 'Faq'),
(46, 'ALVT', 5, 'Accounts'),
(47, 'HDB', 5, 'Dashboard'),
(48, 'PLVT', 5, 'Potentials'),
(49, 'QLTQ', 5, 'Quotes'),
(50, 'CVLVT', 5, 'NULL'),
(51, 'HLT', 5, 'HelpDesk'),
(52, 'UA', 5, 'Calendar'),
(53, 'GRT', 5, 'NULL'),
(54, 'OLTSO', 5, 'SalesOrder'),
(55, 'ILTI', 5, 'Invoice'),
(56, 'MNL', 5, 'Leads'),
(57, 'OLTPO', 5, 'PurchaseOrder'),
(58, 'PA', 5, 'Calendar'),
(59, 'LTFAQ', 5, 'Faq'),
(61, 'ALVT', 5, 'Accounts'),
(62, 'HDB', 5, 'Dashboard'),
(63, 'PLVT', 5, 'Potentials'),
(64, 'QLTQ', 5, 'Quotes'),
(65, 'CVLVT', 5, 'NULL'),
(66, 'HLT', 5, 'HelpDesk'),
(67, 'UA', 5, 'Calendar'),
(68, 'GRT', 5, 'NULL'),
(69, 'OLTSO', 5, 'SalesOrder'),
(70, 'ILTI', 5, 'Invoice'),
(71, 'MNL', 5, 'Leads'),
(72, 'OLTPO', 5, 'PurchaseOrder'),
(73, 'PA', 5, 'Calendar'),
(74, 'LTFAQ', 5, 'Faq'),
(76, 'ALVT', 5, 'Accounts'),
(77, 'HDB', 5, 'Dashboard'),
(78, 'PLVT', 5, 'Potentials'),
(79, 'QLTQ', 5, 'Quotes'),
(80, 'CVLVT', 5, 'NULL'),
(81, 'HLT', 5, 'HelpDesk'),
(82, 'UA', 5, 'Calendar'),
(83, 'GRT', 5, 'NULL'),
(84, 'OLTSO', 5, 'SalesOrder'),
(85, 'ILTI', 5, 'Invoice'),
(86, 'MNL', 5, 'Leads'),
(87, 'OLTPO', 5, 'PurchaseOrder'),
(88, 'PA', 5, 'Calendar'),
(89, 'LTFAQ', 5, 'Faq'),
(91, 'ALVT', 5, 'Accounts'),
(92, 'HDB', 5, 'Dashboard'),
(93, 'PLVT', 5, 'Potentials'),
(94, 'QLTQ', 5, 'Quotes'),
(95, 'CVLVT', 5, 'NULL'),
(96, 'HLT', 5, 'HelpDesk'),
(97, 'UA', 5, 'Calendar'),
(98, 'GRT', 5, 'NULL'),
(99, 'OLTSO', 5, 'SalesOrder'),
(100, 'ILTI', 5, 'Invoice'),
(101, 'MNL', 5, 'Leads'),
(102, 'OLTPO', 5, 'PurchaseOrder'),
(103, 'PA', 5, 'Calendar'),
(104, 'LTFAQ', 5, 'Faq');

-- --------------------------------------------------------

--
-- Estructura de tabla para la tabla `vtiger_homemodule`
--

CREATE TABLE IF NOT EXISTS `vtiger_homemodule` (
  `stuffid` int(19) NOT NULL,
  `modulename` varchar(100) DEFAULT NULL,
  `maxentries` int(19) NOT NULL,
  `customviewid` int(19) NOT NULL,
  `setype` varchar(30) NOT NULL
) ENGINE=InnoDB DEFAULT CHARSET=latin1;

-- --------------------------------------------------------

--
-- Estructura de tabla para la tabla `vtiger_homemoduleflds`
--

CREATE TABLE IF NOT EXISTS `vtiger_homemoduleflds` (
  `stuffid` int(19) DEFAULT NULL,
  `fieldname` varchar(100) DEFAULT NULL
) ENGINE=InnoDB DEFAULT CHARSET=latin1;

-- --------------------------------------------------------

--
-- Estructura de tabla para la tabla `vtiger_homereportchart`
--

CREATE TABLE IF NOT EXISTS `vtiger_homereportchart` (
  `stuffid` int(11) NOT NULL,
  `reportid` int(19) DEFAULT NULL,
  `reportcharttype` varchar(100) DEFAULT NULL
) ENGINE=InnoDB DEFAULT CHARSET=latin1;

-- --------------------------------------------------------

--
-- Estructura de tabla para la tabla `vtiger_homerss`
--

CREATE TABLE IF NOT EXISTS `vtiger_homerss` (
  `stuffid` int(19) NOT NULL DEFAULT '0',
  `url` varchar(100) DEFAULT NULL,
  `maxentries` int(19) NOT NULL
) ENGINE=InnoDB DEFAULT CHARSET=latin1;

-- --------------------------------------------------------

--
-- Estructura de tabla para la tabla `vtiger_homestuff`
--

CREATE TABLE IF NOT EXISTS `vtiger_homestuff` (
  `stuffid` int(19) NOT NULL DEFAULT '0',
  `stuffsequence` int(19) NOT NULL DEFAULT '0',
  `stufftype` varchar(100) DEFAULT NULL,
  `userid` int(19) NOT NULL,
  `visible` int(10) NOT NULL DEFAULT '0',
  `stufftitle` varchar(100) DEFAULT NULL
) ENGINE=InnoDB DEFAULT CHARSET=latin1;

--
-- Volcado de datos para la tabla `vtiger_homestuff`
--

INSERT INTO `vtiger_homestuff` (`stuffid`, `stuffsequence`, `stufftype`, `userid`, `visible`, `stufftitle`) VALUES
(1, 1, 'Default', 1, 1, 'Top Accounts'),
(2, 2, 'Default', 1, 1, 'Home Page Dashboard'),
(3, 3, 'Default', 1, 1, 'Top Potentials'),
(4, 4, 'Default', 1, 1, 'Top Quotes'),
(5, 5, 'Default', 1, 1, 'Key Metrics'),
(6, 6, 'Default', 1, 1, 'Top Trouble Tickets'),
(7, 7, 'Default', 1, 1, 'Upcoming Activities'),
(8, 8, 'Default', 1, 1, 'My Group Allocation'),
(9, 9, 'Default', 1, 1, 'Top Sales Orders'),
(10, 10, 'Default', 1, 1, 'Top Invoices'),
(11, 11, 'Default', 1, 1, 'My New Leads'),
(12, 12, 'Default', 1, 1, 'Top Purchase Orders'),
(13, 13, 'Default', 1, 1, 'Pending Activities'),
(14, 14, 'Default', 1, 1, 'My Recent FAQs'),
(15, 15, 'Tag Cloud', 1, 0, 'Tag Cloud'),
(31, 1, 'Default', 6, 1, 'Top Accounts'),
(32, 2, 'Default', 6, 1, 'Home Page Dashboard'),
(33, 3, 'Default', 6, 1, 'Top Potentials'),
(34, 4, 'Default', 6, 1, 'Top Quotes'),
(35, 5, 'Default', 6, 1, 'Key Metrics'),
(36, 6, 'Default', 6, 1, 'Top Trouble Tickets'),
(37, 7, 'Default', 6, 1, 'Upcoming Activities'),
(38, 8, 'Default', 6, 1, 'My Group Allocation'),
(39, 9, 'Default', 6, 1, 'Top Sales Orders'),
(40, 10, 'Default', 6, 1, 'Top Invoices'),
(41, 11, 'Default', 6, 1, 'My New Leads'),
(42, 12, 'Default', 6, 1, 'Top Purchase Orders'),
(43, 13, 'Default', 6, 1, 'Pending Activities'),
(44, 14, 'Default', 6, 1, 'My Recent FAQs'),
(45, 15, 'Tag Cloud', 6, 0, 'Tag Cloud'),
(91, 1, 'Default', 10, 1, 'Top Accounts'),
(92, 2, 'Default', 10, 1, 'Home Page Dashboard'),
(93, 3, 'Default', 10, 0, 'Top Potentials'),
(94, 4, 'Default', 10, 1, 'Top Quotes'),
(95, 5, 'Default', 10, 0, 'Key Metrics'),
(96, 6, 'Default', 10, 1, 'Top Trouble Tickets'),
(97, 7, 'Default', 10, 0, 'Upcoming Activities'),
(98, 8, 'Default', 10, 1, 'My Group Allocation'),
(99, 9, 'Default', 10, 1, 'Top Sales Orders'),
(100, 10, 'Default', 10, 1, 'Top Invoices'),
(101, 11, 'Default', 10, 1, 'My New Leads'),
(102, 12, 'Default', 10, 1, 'Top Purchase Orders'),
(103, 13, 'Default', 10, 1, 'Pending Activities'),
(104, 14, 'Default', 10, 1, 'My Recent FAQs'),
(105, 15, 'Tag Cloud', 10, 0, 'Tag Cloud');

-- --------------------------------------------------------

--
-- Estructura de tabla para la tabla `vtiger_homestuff_seq`
--

CREATE TABLE IF NOT EXISTS `vtiger_homestuff_seq` (
  `id` int(11) NOT NULL
) ENGINE=InnoDB DEFAULT CHARSET=latin1;

--
-- Volcado de datos para la tabla `vtiger_homestuff_seq`
--

INSERT INTO `vtiger_homestuff_seq` (`id`) VALUES
(105);

-- --------------------------------------------------------

--
-- Estructura de tabla para la tabla `vtiger_home_layout`
--

CREATE TABLE IF NOT EXISTS `vtiger_home_layout` (
  `userid` int(19) NOT NULL,
  `layout` int(19) NOT NULL DEFAULT '4'
) ENGINE=InnoDB DEFAULT CHARSET=latin1;

-- --------------------------------------------------------

--
-- Estructura de tabla para la tabla `vtiger_hour_format`
--

CREATE TABLE IF NOT EXISTS `vtiger_hour_format` (
`hour_formatid` int(11) NOT NULL,
  `hour_format` varchar(200) NOT NULL,
  `sortorderid` int(11) DEFAULT NULL,
  `presence` int(11) NOT NULL DEFAULT '1'
) ENGINE=InnoDB AUTO_INCREMENT=3 DEFAULT CHARSET=utf8;

--
-- Volcado de datos para la tabla `vtiger_hour_format`
--

INSERT INTO `vtiger_hour_format` (`hour_formatid`, `hour_format`, `sortorderid`, `presence`) VALUES
(1, '12', 1, 1),
(2, '24', 2, 1);

-- --------------------------------------------------------

--
-- Estructura de tabla para la tabla `vtiger_hour_format_seq`
--

CREATE TABLE IF NOT EXISTS `vtiger_hour_format_seq` (
  `id` int(11) NOT NULL
) ENGINE=InnoDB DEFAULT CHARSET=latin1;

--
-- Volcado de datos para la tabla `vtiger_hour_format_seq`
--

INSERT INTO `vtiger_hour_format_seq` (`id`) VALUES
(2);

-- --------------------------------------------------------

--
-- Estructura de tabla para la tabla `vtiger_import_1`
--

CREATE TABLE IF NOT EXISTS `vtiger_import_1` (
`id` int(11) NOT NULL,
  `status` int(11) DEFAULT '0',
  `recordid` int(11) DEFAULT NULL,
  `productcode` varchar(40) DEFAULT NULL,
  `productname` varchar(100) DEFAULT NULL,
  `manufacturer` varchar(200) DEFAULT NULL
) ENGINE=MyISAM AUTO_INCREMENT=693 DEFAULT CHARSET=utf8;

--
-- Volcado de datos para la tabla `vtiger_import_1`
--

INSERT INTO `vtiger_import_1` (`id`, `status`, `recordid`, `productcode`, `productname`, `manufacturer`) VALUES
(1, 1, 13, 'SF-2222544246 J9', 'ACRILICO PUERTA J 9', 'FRAMEC'),
(2, 1, 14, 'SF-222204428 J7E', 'ACRILICO PUERTA J7', 'FRAMEC'),
(3, 1, 15, 'SF-1721724-DV-60', 'BANDEJA DESAGUE DV 60', 'FRAMEC'),
(4, 1, 16, 'SF-4400516158000', 'BRACETO J7 / JV9', 'FRAMEC'),
(5, 1, 17, 'SF-BURLETEDV6000', 'BURLETE PARA DV 60', 'FRAMEC'),
(6, 1, 18, 'SF-9J-CARRO00000', 'CARRO BARQUILLERA J9 EXTRA', 'FRAMEC'),
(7, 1, 19, 'SF-625VSJ - CARR', 'CARRO VSJ 625', 'FRAMEC'),
(8, 1, 20, 'SF-635VSJ - CARR', 'CARRO VSJ 635', 'FRAMEC'),
(9, 1, 21, 'SF-655VSJ - CARR', 'CARRO VSJ 655', 'FRAMEC'),
(10, 1, 22, 'SF-4420399480020', 'CELOSIA FRONTAL VT', 'FRAMEC'),
(11, 1, 23, 'SF-4420399475021', 'CELOS', 'FRAMEC'),
(12, 1, 24, 'SF-CENEFADV60000', 'CENEFA COMPLETA DV 60', 'FRAMEC'),
(13, 1, 25, 'SF-222244362-VSJ', 'Chapa Framec', 'FRAMEC'),
(14, 1, 26, 'SF-CUBRETUBODV60', 'CUBRETUBO DV 60', 'FRAMEC'),
(15, 1, 27, 'SF-4400699386021', 'ESQUINERO CALIPSO', 'FRAMEC'),
(16, 1, 28, 'SF-34071M9954124', 'ESQUINERO INFERIOR FRONTAL J7-', 'FRAMEC'),
(17, 1, 29, 'SF-3420499102124', 'ESQUINERO INFERIOR IZQUIERDO J', 'FRAMEC'),
(18, 1, 30, 'SF-3420499102024', 'ESQUINERO INFERIOR POSTERIOR J', 'FRAMEC'),
(19, 1, 31, 'SF-1721884000000', 'ESQUINERO VT', 'FRAMEC'),
(20, 1, 32, 'SF-1014073000000', 'INTERRUPTOR BIPOLAR NEGRO', 'FRAMEC'),
(21, 1, 33, 'SF-2222044326000', 'KIT PERNOS CUPULA BARQUILLERA', 'FRAMEC'),
(22, 1, 34, 'SF-5691013 -DV60', 'NIVELADORES (BASE PATA)', 'FRAMEC'),
(23, 1, 35, 'SF-0621218000000', 'PARRILLA (REJILLA) DV 60', 'FRAMEC'),
(24, 1, 36, 'SF-4001700003100', 'PROGRAMADOR C/CAJA ELECT J7/J9', 'FRAMEC'),
(25, 1, 37, 'SF-4100400005500', 'RANCO K55', 'FRAMEC'),
(26, 1, 38, 'SF-1721791000000', 'REJILLA ANTERIOR', 'FRAMEC'),
(27, 1, 39, 'SF-REJILLACHICA0', 'REJILLA CHICA J7 / J9', 'FRAMEC'),
(28, 1, 40, 'SF-REJILLACUBREV', 'REJILLA CUBRE EVAPORADOR J9', 'FRAMEC'),
(29, 1, 41, 'SF-REJILLAMOTOR0', 'REJILLA CUBRE MOTOR VT 200', 'FRAMEC'),
(30, 1, 42, 'SF-REJILLAJ90000', 'REJILLA ESCALERA J9', 'FRAMEC'),
(31, 1, 43, 'SF-REJILADV60TRA', 'REJILLA TRASERA DV60', 'FRAMEC'),
(32, 1, 44, 'SF-4420317920000', 'REJILLA VSJ', 'FRAMEC'),
(33, 1, 45, 'SF-4420500504200', 'RUEDA TWIN CASTOR D50', 'FRAMEC'),
(34, 1, 46, 'SF-1185079000000', 'SONDA PTC FRAMEC', 'FRAMEC'),
(35, 1, 47, 'SF-1721836000000', 'SOPORTE VIGA CANASTILLOS', 'FRAMEC'),
(36, 1, 48, 'SF-1701695 -DV60', 'SOPORTES DV 60', 'FRAMEC'),
(37, 1, 49, 'SF-TAPANEGRA0000', 'TAPA BARQUILLERA', 'FRAMEC'),
(38, 1, 50, 'SF-4611918609-62', 'TAPA INFERIOR VS J 625', 'FRAMEC'),
(39, 1, 51, 'SF-461191861-635', 'TAPA INFERIOR VS J 635', 'FRAMEC'),
(40, 1, 52, 'SF-3410724165005', 'TAPA INFERIOR VSJ 655', 'FRAMEC'),
(41, 1, 53, 'SF-9901563F00000', 'TAPA INFERIOR VT 150', 'FRAMEC'),
(42, 1, 54, 'SF-9901567-VT20I', 'TAPA INFERIOR VT 200', 'FRAMEC'),
(43, 1, 55, 'SF-8998311-VT25I', 'TAPA INFERIOR VT250', 'FRAMEC'),
(44, 1, 56, 'SF-4601919805-62', 'TAPA SUPERIOR VS J 625', 'FRAMEC'),
(45, 1, 57, 'SF-9901564F00000', 'TAPA SUPERIOR VT 150', 'FRAMEC'),
(46, 1, 58, 'SF-8998310-VT200', 'TAPA SUPERIOR VT200', 'FRAMEC'),
(47, 1, 59, 'SF-3420499581000', 'TAPON DESAGUE FRAMEC', 'FRAMEC'),
(48, 1, 60, 'SF-3410799489000', 'TAPON ESQUINERO, DE ROSCA', 'FRAMEC'),
(49, 1, 61, 'SF-4100500027200', 'TERMOMETRO RECTANGULAR BRIO', 'FRAMEC'),
(50, 1, 62, 'SF-4001700002100', 'TIMER BIGATTI ISLA', 'FRAMEC'),
(51, 1, 63, 'SF-4400-UNION-T-', 'UNION T PARA CALIPSO', 'FRAMEC'),
(52, 1, 64, 'SF-100001TCL NP1', 'VIDRIO FRONTAL NICE PRO 12', 'FRAMEC'),
(53, 1, 65, 'SF-46014232-J7/9', 'VIDRIO LATERAL J7 - J9', 'FRAMEC'),
(54, 1, 66, 'SF-100002TCL NP1', 'VIDRIO LATERAL NICE PRO 12', 'FRAMEC'),
(55, 1, 67, 'ST-CINTAAISLADOR', '0250 Aislaci', 'GENERICO'),
(56, 1, 68, 'ST-ACEROS0000000', 'ACEROS CUBRE VASCA', 'GENERICO'),
(57, 1, 69, 'ST-ACOPLE0000000', 'ACOPLE R PL SS', 'GENERICO'),
(58, 1, 70, 'ST-ADAPTADORMAGN', 'ADAPTADOR MAGNETICO 5-16', 'GENERICO'),
(59, 1, 71, 'ST-AISLACION0000', 'AISLACION 1/2X3/8 (9X12)', 'GENERICO'),
(60, 1, 72, 'ST-ALOJAMIENTOIN', 'Alojamiento Inferior Tapa CV', 'GENERICO'),
(61, 1, 73, 'ST-ANGULO0000001', 'ANGULO 10X10', 'GENERICO'),
(62, 1, 74, 'ST-ANGULO0000003', 'ANGULO 20X10', 'GENERICO'),
(63, 1, 75, 'ST-ANGULO25X1200', 'ANGULO ALUM 25X12', 'GENERICO'),
(64, 1, 76, 'ST-ANGULO0000000', 'ANGULO ALUMINIO 13 X 13 MM', 'GENERICO'),
(65, 1, 77, 'ST-ANGULO20X20AL', 'ANGULO ALUMINIO 20 X 20', 'GENERICO'),
(66, 1, 78, 'ST-ANGULOFE00000', 'ANGULO FIERRO 20X3', 'GENERICO'),
(67, 1, 79, 'ST-ANTIVIBRAD5/8', 'ANTIVIBRADOR 5/8', 'GENERICO'),
(68, 1, 80, 'ST-APENDICECARGA', 'Apendice de Carga', 'GENERICO'),
(69, 1, 81, 'ST-ASPA172000000', 'ASPA 172MM ASPIRANTE', 'GENERICO'),
(70, 1, 82, 'ST-ASPA200MM0000', 'ASPA 200 MM', 'GENERICO'),
(71, 1, 83, 'ST-BALLAST000002', 'BALLAST 1 X 54W OSRAM', 'GENERICO'),
(72, 1, 84, 'ST-BALLAST000001', 'Ballast Cascada', 'GENERICO'),
(73, 1, 85, 'ST-BALLAST000000', 'Ballats 15,18,20,32,36,40w', 'GENERICO'),
(74, 1, 86, 'ST-003MILBANDESA', 'BANDEJAS DESAGUE MILLENIUM', 'GENERICO'),
(75, 1, 87, 'ST-BANDEJA000000', 'BANDEJAS MURAL MD 14', 'GENERICO'),
(76, 1, 88, 'ST-002J7BANDEJAD', 'BANEJA DESAGUE J7 / J9 CUBILLO', 'GENERICO'),
(77, 1, 89, '3', 'Base Partidos Tubo Fluorescentes', 'GENERICO'),
(78, 1, 90, 'ST-BASETUBO00000', 'Base Tubo Fluorescentes', 'GENERICO'),
(79, 1, 91, 'ST-BOBINA0000000', 'BOBINA 018', 'GENERICO'),
(80, 1, 92, 'ST-CAJACHUKI0000', 'CAJA CHUKI', 'GENERICO'),
(81, 1, 93, 'ST-CAJAESTANCA00', 'CAJA ESTAMCA 80X80 C/CONO', 'GENERICO'),
(82, 1, 94, 'ST-CALAFACTOR000', 'CALEFACTOR DESAGUE W16', 'GENERICO'),
(83, 1, 95, 'ST-CANALETA10X10', 'CANAL UE169 10X10', 'GENERICO'),
(84, 1, 96, 'ST-CAPACITOR56-7', 'CAPACITOR  PARTIDA 56-70', 'GENERICO'),
(85, 1, 97, '22', 'Capacitor 66-77 mF CV200', 'GENERICO'),
(86, 1, 98, 'ST-CAPACITOR0000', 'CAPACITOR 88 - 106MFD 330VAC', 'GENERICO'),
(87, 1, 99, 'ST-CAPACITOR-145', 'CAPACITOR DE PARTIDA 145-175 M', 'GENERICO'),
(88, 1, 100, 'ST-CAPACITOR-640', 'CAPACITOR DE PARTIDA 64-77', 'GENERICO'),
(89, 1, 101, 'ST-CAPACITOR1000', 'CAPACITOR MARCHA 10MFD 370', 'GENERICO'),
(90, 1, 102, '4207e0ee-5d7c-7a94-a04b-5551c51c7a8c', 'Carro', 'GENERICO'),
(91, 1, 103, '16', 'Chapa Alternativa', 'GENERICO'),
(92, 1, 104, 'ST-CINTA00000000', 'CINTA AEROTAPE 9.1 MTS X 50MM', 'GENERICO'),
(93, 1, 105, 'ST-COMPRESOR2416', 'COMPRESOR 2416 ZK-2134', 'GENERICO'),
(94, 1, 106, 'ST-COMPRESOR6220', 'COMPRESOR 6220', 'GENERICO'),
(95, 1, 107, 'ST-COMPRESOR9232', 'COMPRESOR 9232', 'GENERICO'),
(96, 1, 108, 'ST-COMPRESORT216', 'COMPRESOR ASPERA T2168 GK', 'GENERICO'),
(97, 1, 109, 'ST-COMPRESOR2180', 'COMPRESOR ASPERA T-2180GK', 'GENERICO'),
(98, 1, 110, 'ST-COMPRESOR2435', 'COMPRESOR CA2435  Z', 'GENERICO'),
(99, 1, 111, 'ST-COMPRESOR0000', 'COMPRESOR FF-12-HBK', 'GENERICO'),
(100, 1, 112, 'ST-COMPRESOR80FF', 'COMPRESOR FF80HAK R-134 1118', 'GENERICO'),
(101, 1, 113, 'ST-COMPRESOR0007', 'COMPRESOR FG-85-HAK', 'GENERICO'),
(102, 1, 114, 'ST-COMPRESORMS22', 'COMPRESOR MS22TB R404/507', 'GENERICO'),
(103, 1, 115, 'ST-COMPRESORMS26', 'COMPRESOR MS26TB R404/507', 'GENERICO'),
(104, 1, 116, 'ST-COMPRESORMX21', 'COMPRESOR MX21FBA EX 2178GK', 'GENERICO'),
(105, 1, 117, 'ST-COMPRESOR2150', 'COMPRESOR NEK 2150 GK', 'GENERICO'),
(106, 1, 118, 'ST-COMPRESORNF10', 'COMPRESOR NF10FX SECOP 1/4HP R', 'GENERICO'),
(107, 1, 119, 'ST-COMPRESORNF11', 'COMPRESOR NF11FX SECOP 1/3 HP', 'GENERICO'),
(108, 1, 120, 'ST-COMPRESORNF90', 'COMPRESOR NF9FX R-134 1/4 HP S', 'GENERICO'),
(109, 1, 121, 'ST-COMPRESOR2192', 'COMPRESOR NJ 2192 GK 404', 'GENERICO'),
(110, 1, 122, 'ST-COMPRESOR6226', 'COMPRESOR NJ 6226 Z', 'GENERICO'),
(111, 1, 123, 'ST-COMPRESOR9238', 'COMPRESOR NJ 9238 GK', 'GENERICO'),
(112, 1, 124, 'ST-COMPRESOR2212', 'COMPRESOR NJ2212 GK 1.25 HP R4', 'GENERICO'),
(113, 1, 125, 'ST-COMPRESOR9226', 'COMPRESOR NJ9226 GK 1HP R04', 'GENERICO'),
(114, 1, 126, 'ST-COMPRESORT217', 'COMPRESOR NT /  T 2178 GK', 'GENERICO'),
(115, 1, 127, 'ST-COMPRESORSC12', 'COMPRESOR SC 12CL, R404', 'GENERICO'),
(116, 1, 128, 'ST-COMPRESOR12G0', 'COMPRESOR SC12G R-134 1/3HP', 'GENERICO'),
(117, 1, 129, 'ST-COMPRESOR9490', 'COMPRESOR WJ 9490 Z', 'GENERICO'),
(118, 1, 130, 'ST-COMPRESWJ2450', 'COMPRESOR WJ2450ZK SA (NJ2192G', 'GENERICO'),
(119, 1, 131, 'ST-CONECTORHEMBR', 'CONECTOR INDUSTRIAL HEMBRA', 'GENERICO'),
(120, 1, 132, 'ST-3020729INDURA', 'CONECTOR MACHO INDURARC', 'GENERICO'),
(121, 1, 133, 'ST-KIT1200000000', 'Conjunto Reley FFI-12', 'GENERICO'),
(122, 1, 134, 'ST-CONTACTOR0000', 'CONTACTOR 25A AC3 220V', 'GENERICO'),
(123, 1, 135, 'ST-CONTROLADOR00', 'Control carel con 2 Sondas', 'GENERICO'),
(124, 1, 136, 'ST-CONTROLADORXR', 'CONTROLADOR DIXEL XR72 CX', 'GENERICO'),
(125, 1, 137, 'ST-CONTROLADOREK', 'CONTROLADOR EKC 102 A 1 RELE 1', 'GENERICO'),
(126, 1, 138, 'ST-CORDON0,75001', 'CORDON 3 X 0.75 NEGRO', 'GENERICO'),
(127, 1, 139, 'ST-CORDON0000000', 'Cordon 3 x 1,5 (mts)', 'GENERICO'),
(128, 1, 140, 'ST-CORREA0000000', 'Correa 60', 'GENERICO'),
(129, 1, 141, '17', 'Correas A62', 'GENERICO'),
(130, 1, 142, 'ST-CUBRETUBO0000', 'CUBRE TUBO', 'GENERICO'),
(131, 1, 143, 'ST-16AMPENCHEMBR', 'ENCHUFE 16 AMP HEMBRA, 220V', 'GENERICO'),
(132, 1, 144, 'ST-ENCHUFEMACHO2', 'ENCHUFE DE SEGURIDAD LEXO 16 AMP', 'GENERICO'),
(133, 1, 145, 'ST-3004705INDURA', 'ENCHUFE DINCE', 'GENERICO'),
(134, 1, 146, 'ST-ENCHUFE32AHEM', 'ENCHUFE HEMBRA INDUST 32A', 'GENERICO'),
(135, 1, 147, 'ST-ENCHUFEMACHO1', 'Enchufe Macho 10 AMP', 'GENERICO'),
(136, 1, 148, 'ST-16AMPENCHMACH', 'ENCHUFE MACHO DE 16A 220V', 'GENERICO'),
(137, 1, 149, 'ST-ENCHUFE32AMAC', 'ENCHUFE MACHO INDUST 32A', 'GENERICO'),
(138, 1, 150, 'ST-002J7-9ESQDER', 'ESQUINERO DX MESA APOYO BARQUI', 'GENERICO'),
(139, 1, 151, 'ST-002J7-9ESQINF', 'ESQUINERO INF FRONTAL', 'GENERICO'),
(140, 1, 152, 'ST-002J7-9ESQIZQ', 'ESQUINERO IZQ MESA APOYO BARQU', 'GENERICO'),
(141, 1, 153, 'ST-FILTRO3/8-163', 'FILTRO REVERSIBLE 3/8 163', 'GENERICO'),
(142, 1, 154, 'ST-FILTROSEC40G1', 'FILTRO SEC 40G R134', 'GENERICO'),
(143, 1, 155, 'ST-FILTROSECRF25', 'FILTRO SEC REF 25/3R-134A', 'GENERICO'),
(144, 1, 156, 'ST-FILTRO25GR000', 'FILTRO SOLDAR CF-25 1/4X1/4 EV', 'GENERICO'),
(145, 1, 157, 'ST-FLEXIBLE00000', 'FLEXIBLE AGUA MILLEN', 'GENERICO'),
(146, 1, 158, 'ST-FILTRO1/40000', 'FLTRO SECADOR DCL-052 1/4', 'GENERICO'),
(147, 1, 159, 'ST-FLUORESCENTE6', 'Fluorescente 15w', 'GENERICO'),
(148, 1, 160, 'ST-FLUORESCENTE8', 'Fluorescente 21 Cascada y 54w', 'GENERICO'),
(149, 1, 161, 'ST-FLUORESCENTE5', 'FLUORESCENTE 36 W', 'GENERICO'),
(150, 1, 162, 'ST-FLUORESCENTE1', 'FLUORESCENTE 54WATTS', 'GENERICO'),
(151, 1, 163, 'ST-FLUORESCENTE2', 'FLUORESCENTE 8WATTS', 'GENERICO'),
(152, 1, 164, 'ST-FLUORESCENTE9', 'FLUORESCENTE T 5', 'GENERICO'),
(153, 1, 165, 'ST-FUSIBLE500000', 'FUSIBLE 500 MA CORTO VIDRIO', 'GENERICO'),
(154, 1, 166, 'ST-INTERRUPTOR16', 'INT. ROTATIVO TRIF. 16 AMP', 'GENERICO'),
(155, 1, 167, 'ST-INTERRUPTOR2P', 'INTERRUPTOR 2 POS FIJAS LEGRAN', 'GENERICO'),
(156, 1, 168, 'ST-INTERRUPTOR00', 'INTERRUPTOR NEGRO', 'GENERICO'),
(157, 1, 169, '93d9117e-75fc-826d-9685-53597f5224fe', 'Juego electrico Voltimetrico ( rele , capacitor de partida y permanente)', 'GENERICO'),
(158, 1, 170, '11', 'Kit Alojamiento Lave Metalica', 'GENERICO'),
(159, 1, 171, '28', 'Kit Chapa Metalica CC-300', 'GENERICO'),
(160, 1, 172, 'ST-KITELECTRICO0', 'KIT ELECTRICO 2134', 'GENERICO'),
(161, 1, 173, 'ST-KIT1300000000', 'KIT ELECTRICO FFU 130 HA', 'GENERICO'),
(162, 1, 174, 'ST-KITELECTSC18G', 'KIT PARTIDA SC18G SC15CL', 'GENERICO'),
(163, 1, 175, '29', 'Llave de Agua Mill', 'GENERICO'),
(164, 1, 176, 'ST-LLAVEPINCHE00', 'LLAVE DE PINCHE 1/4 Y 3/8', 'GENERICO'),
(165, 1, 177, 'ST-MANGUERA00000', 'MANGUERA', 'GENERICO'),
(166, 1, 178, 'ST-MANGUERA1/413', 'MANGUERA 1/4 130BAR L-4000', 'GENERICO'),
(167, 1, 179, 'ST-PANTALLATUBO0', 'PANTALLA TUBO', 'GENERICO'),
(168, 1, 180, 'ST-PARTIDOR00000', 'Partidor', 'GENERICO'),
(169, 1, 181, '96155f5c-3506-dbfb-fe79-537e2c989d35', 'Pegamento poxipol', 'GENERICO'),
(170, 1, 182, 'ST-PERFILALUM000', 'PERFIL ALUMNIO CONSERVADORAS', 'GENERICO'),
(171, 1, 183, 'ST-001010-032272', 'PERNO ANCLAJE 1/2 X 1/4 (CAJA', 'GENERICO'),
(172, 1, 184, '443ab03c-6bde-0a50-64e9-538756aa8c45', 'Pila maxell LR 44', 'GENERICO'),
(173, 1, 185, 'ST-003MILPORTAPR', 'PORTA PROGRAMADOR Y PORTA BOTO', 'GENERICO'),
(174, 1, 186, 'ST-003MILPROTCAB', 'PROTECTOR CABLE DE VIDRIO LAT', 'GENERICO'),
(175, 1, 187, 'ST-DISPLAY000000', 'PROTECTOR LUMINARIA', 'GENERICO'),
(176, 1, 188, 'e7840e11-56c7-c3c6-6300-537e1859ce37', 'Protector t', 'GENERICO'),
(177, 1, 189, 'ST-PROTECTOR2134', 'PROTECTOR TERMICO NEK 2134GK', 'GENERICO'),
(178, 1, 190, 'ST-ANGULO0000002', 'RECTANGULO 50X25', 'GENERICO'),
(179, 1, 191, 'ST-REFRIGERANTE3', 'REFRIGERANTE R-141b', 'GENERICO'),
(180, 1, 192, 'ST-REFRIGERANTE2', 'REFRIGERANTE R-22', 'GENERICO'),
(181, 1, 193, 'ST-REJILLA000000', 'REJILLA DV60', 'GENERICO'),
(182, 1, 194, 'ST-REJILLAFRONTA', 'REJILLA FRONTAL W-19NF', 'GENERICO'),
(183, 1, 195, 'ST-REJILLA000001', 'REJILLA W16', 'GENERICO'),
(184, 1, 196, 'f0f2c9be-8adc-057c-65c5-536aa1ce2871', 'Rel', 'GENERICO'),
(185, 1, 197, 'cfded232-bbf9-a1e0-723d-53849098b38b', 'Repuesto menor', 'GENERICO'),
(186, 1, 198, 'ST-RESTANGULO50X', 'RESTANGULAR 50 X25', 'GENERICO'),
(187, 1, 199, 'ST-0555044SONDA0', 'SONDA DE REPTO. PTC 2 MTS,', 'GENERICO'),
(188, 1, 200, 'ST-SONDAPTC00000', 'SONDA DE REPUESTO PTC 2 MTS', 'GENERICO'),
(189, 1, 201, 'ST-0555160SONDA0', 'SONDA NTC 2R -50', 'GENERICO'),
(190, 1, 202, 'ST-SOPORTE000000', 'SOPORTE CORTINA', 'GENERICO'),
(191, 1, 203, 'ST-SOPORTEPARED0', 'SOPORTE DE PARED', 'GENERICO'),
(192, 1, 204, 'ST-SOPORTPARRILL', 'SOPORTE PARRILLA S/S', 'GENERICO'),
(193, 1, 205, 'ST-003MILSOPSUPV', 'SOPORTE SUP VIDRIO LATERAL', 'GENERICO'),
(194, 1, 206, 'ST-SPRAYALUMINIO', 'SPRAY ALUMINIO', 'GENERICO'),
(195, 1, 207, 'ST-SPRAYAZUL0000', 'SPRAY AZUL', 'GENERICO'),
(196, 1, 208, 'ST-SPRAYBLANCO00', 'SPRAY BLANCO', 'GENERICO'),
(197, 1, 209, 'ST-SPRAYGRIS0000', 'SPRAY GRIS', 'GENERICO'),
(198, 1, 210, 'ST-SPRAYNEGRO000', 'SPRAY NEGRO', 'GENERICO'),
(199, 1, 211, 'ST-SPRAYROJO0000', 'SPRAY ROJO', 'GENERICO'),
(200, 1, 212, '324ac762-b4aa-a209-2f2d-53597f53edfa', 'Switch de Encendido valor COLDANDINA', 'GENERICO'),
(201, 1, 213, 'ST-TAPACAJA00000', 'TAPA CAJA CHUKI', 'GENERICO'),
(202, 1, 214, 'ST-002TELAXCORTM', 'TELA CORTINA MURAL', 'GENERICO'),
(203, 1, 215, 'ST-003TELACORTMI', 'TELA PARA CORTINAS', 'GENERICO'),
(204, 1, 216, 'ST-TERMOMETRODIG', 'TERMETRO DIGITAL', 'GENERICO'),
(205, 1, 217, 'ST-TERMOCON00001', 'TERMOCONTRAILER DE  1/4', 'GENERICO'),
(206, 1, 218, 'ST-TERMOCON00002', 'TERMOCONTRAILER DE 3/8', 'GENERICO'),
(207, 1, 219, 'ST-TERMOMETRO000', 'TERMOMETRO HORIZONTAL -25', 'GENERICO'),
(208, 1, 220, 'ST-TERMOCON00000', 'TERMONCTRAILER DE 1/2', 'GENERICO'),
(209, 1, 221, 'ST-HEATSEALSTIK0', 'TERMOSELLADO', 'GENERICO'),
(210, 1, 222, '23', 'Termostato Analogo', 'GENERICO'),
(211, 1, 223, 'ST-TERMOSTATOCON', 'TERMOSTATO CONG. 02 DANFOSS', 'GENERICO'),
(212, 1, 224, 'ST-0555029TERMOS', 'TERMOSTATO EKC 102A 084B-8540', 'GENERICO'),
(213, 1, 225, 'ST-TUBOCu5/16"00', 'TUBERIA COBRE 5/16"', 'GENERICO'),
(214, 1, 226, 'ST-TUBERIA REC 1', 'TUBERIA REC 1/2"', 'GENERICO'),
(215, 1, 227, 'ST-TUBERIA1/4"00', 'TUBERIA RECOCIDA 1/4"', 'GENERICO'),
(216, 1, 228, 'ST-TUBERIA3/8"00', 'TUBERIA RECOCIDA 3/8"', 'GENERICO'),
(217, 1, 229, 'ST-FLUORESCENTE7', 'tubo de 18 wtts', 'GENERICO'),
(218, 1, 230, 'ST-FLUORESCENTE4', 'Tubo de 58 watts', 'GENERICO'),
(219, 1, 231, 'ST-FLUORESCENTE3', 'Tubo fluorescente 36 w', 'GENERICO'),
(220, 1, 232, '8b817a7c-4908-8e09-5af8-5385fb13d846', 'tubos de 40wtts', 'GENERICO'),
(221, 1, 233, 'ST-TUERCA1/40000', 'TUERCA 1/4', 'GENERICO'),
(222, 1, 234, 'ST-TUERCA0000001', 'TUERCA FLEK 1/2', 'GENERICO'),
(223, 1, 235, 'ST-TUERCA0000000', 'TUERCA FLEK 5/8', 'GENERICO'),
(224, 1, 236, 'ST-UNION1/4 FLAR', 'UNION 1/4 FLARE X 1/4 FLARE', 'GENERICO'),
(225, 1, 237, 'ST-VALVULA000000', 'VALVULA 4 VIAS', 'GENERICO'),
(226, 1, 238, 'ST-VALVULA 1/4"C', 'VALVULA DE CARGA 1/4"', 'GENERICO'),
(227, 1, 239, 'ST-VALVSOLEN1/4R', 'VALVULA SOLENOIDE 1/4 32F ROSC', 'GENERICO'),
(228, 1, 240, 'ST-VENTILADOR15W', 'Ventilador 15W c/aro', 'GENERICO'),
(229, 1, 241, '45', 'Ventilador 25w', 'GENERICO'),
(230, 1, 242, 'ST-VENTILADOR000', 'VENTILADOR CENTRIFUGO', 'GENERICO'),
(231, 1, 243, '37', 'Ventilador Display', 'GENERICO'),
(232, 1, 244, 'ST-PLANCHAZNC35X', 'ZNC LIS 35X1X2', 'GENERICO'),
(233, 1, 245, 'YR-3300866GA2035', 'ABRAZADERA CABLE S/TORNILLO', 'IARP'),
(234, 1, 246, 'SY-0424032000000', 'ACRILICO EDERA 126', 'IARP'),
(235, 1, 247, 'SY-0424045000000', 'ACRILICO FENICE 118', 'IARP'),
(236, 1, 248, 'SY-0424061000000', 'ACRILICO FENICE S 7', 'IARP'),
(237, 1, 249, 'SY-0424063000000', 'ACRILICO FENICE S13', 'IARP'),
(238, 1, 250, 'SY-0424005400000', 'ACRILICO FENICE S9', 'IARP'),
(239, 1, 251, 'YR-3604195E57067', 'ALUMINIO MANILLA PUERTA', 'IARP'),
(240, 1, 252, 'YR-3604095FENN48', 'ALUMINIO MANILLA PUERTA CUP', 'IARP'),
(241, 1, 253, 'YR-0533007E57023', 'ANCLAJE PUERTA BODEGA', 'IARP'),
(242, 1, 254, 'YR-3303963FENN53', 'BALLAST 30 W', 'IARP'),
(243, 1, 255, 'YR-3303898E57075', 'BALLAST 58W', 'IARP'),
(244, 1, 256, 'YR-2000545GEMBAN', 'BANDEJA EVAPORADORA GEMMA', 'IARP'),
(245, 1, 257, 'YR-6060122E57059', 'BASE INTERNA EDERA', 'IARP'),
(246, 1, 258, 'YR-3302657FENN07', 'BISAGRA PTA. BODEGA', 'IARP'),
(247, 1, 259, 'YR-0160741SOPORT', 'BOLSA DE 20 SOPORTE PARRILLAS AB', 'IARP'),
(248, 1, 260, 'YR-0412286E57009', 'BRACETO (SOPORTE) PUERTA CUPU', 'IARP'),
(249, 1, 261, 'SY-0412002000000', 'BRACETO FENICE', 'IARP'),
(250, 1, 262, 'YR-0412285E57008', 'BRACETO PUERTA CUP DX', 'IARP'),
(251, 1, 263, 'YR-0321140FENN94', 'BURLETE CUPULA LATERAL', 'IARP'),
(252, 1, 264, 'YR-0313206AB7000', 'BURLETE MAGNETICO AB700', 'IARP'),
(253, 1, 265, 'YR-0313204FENN91', 'BURLETE MANILLA PTA. CUPULA', 'IARP'),
(254, 1, 266, 'YR-0313310FENN25', 'BURLETE PTA BODEGA FENNICE', 'IARP'),
(255, 1, 267, 'YR-0313013FENN24', 'BURLETE SUP CUPULA FENICCE', 'IARP'),
(256, 1, 268, 'YR-0320820FENN92', 'BURLETE VIDRIO FRONTAL CUPULA', 'IARP'),
(257, 1, 269, 'YR-0423075000000', 'CERRADURA CONSSERV PV330', 'IARP'),
(258, 1, 270, 'YR-0210786E57013', 'COMPRESOR EMT2117 GK', 'IARP'),
(259, 1, 271, 'YR-0210529PV3304', 'COMPRESOR NEK 2121GK', 'IARP'),
(260, 1, 272, 'YR-0210608GA1505', 'COMPRESOR NEK 2168GK 220', 'IARP'),
(261, 1, 273, 'YR-0130135FENN11', 'CONDENSADOR 26T 3R', 'IARP'),
(262, 1, 274, 'YR-0130125GAMA06', 'CONDENSADOR 6T', 'IARP'),
(263, 1, 275, 'YR-0130137E57118', 'CONDENSADOR ESTATICO', 'IARP'),
(264, 1, 276, 'YR-0130154PV3305', 'CONDENSADOR STATICO PV330', 'IARP'),
(265, 1, 277, 'YR-0163297FENN85', 'CONTRA IMAN FENN CUERPO BARQU', 'IARP'),
(266, 1, 278, 'YR-3303590EISS32', 'CUBIERTA SWITCH', 'IARP'),
(267, 1, 279, 'YR-3303588EISS45', 'CUBIERTA SWITCH LIGHT', 'IARP'),
(268, 1, 280, 'YR-0431222FENN82', 'CUBRE ANCLAJE PUERTA BODEGA F', 'IARP'),
(269, 1, 281, 'YR-0408013GAMA11', 'CUBRE BULBO TERMOMETRO', 'IARP'),
(270, 1, 282, 'YR-0340537FENN43', 'CUBRE CUADRO COMANDO FENNICE', 'IARP'),
(271, 1, 283, 'YR-7071320FENN51', 'CUBRE TUBO FLUORESC CUPULA FE', 'IARP'),
(272, 1, 284, 'YR-0250210E57111', 'CUPULA EDERA 157', 'IARP'),
(273, 1, 285, 'YR-0312674GAMA15', 'DISTANCIADOR ESQUINERO', 'IARP'),
(274, 1, 286, 'YR-0312508FENN88', 'DISTANCIADOR IMAN FENN', 'IARP'),
(275, 1, 287, 'YR-0312675GA2016', 'DISTANCIADOR INSERTO', 'IARP'),
(276, 1, 288, 'YR-0431254FENN73', 'ESQUINERO DX PIANO APOYO FENN', 'IARP'),
(277, 1, 289, 'YR-0312673GAMA01', 'ESQUINERO GAMA', 'IARP'),
(278, 1, 290, 'YR-0162287E57107', 'ESQUINERO PIANO APOYO DX', 'IARP'),
(279, 1, 291, 'YR-0162288E57108', 'ESQUINERO PIANO APOYO SX', 'IARP'),
(280, 1, 292, 'YR-0431255FENN74', 'ESQUINERO SX PIANO APOYO FENN', 'IARP'),
(281, 1, 293, 'YR-0119030FENN16', 'EVAPORADOR FENNICE', 'IARP'),
(282, 1, 294, 'YR-3302369FENN18', 'FILTRO EMC FNC', 'IARP'),
(283, 1, 295, 'SY-0145390000000', 'FILTRO GR 20', 'IARP'),
(284, 1, 296, 'YR-0145034FENN17', 'FILTRO GR20 Fenice', 'IARP'),
(285, 1, 297, 'YR-0145039GAMA17', 'FILTRO GR20 GAMA', 'IARP'),
(286, 1, 298, 'YR-0145001E57030', 'FILTRO MECANICO', 'IARP'),
(287, 1, 299, 'YR-0145031E57027', 'FILTRO SECADOR EDERA', 'IARP'),
(288, 1, 300, 'YR-0200088E57044', 'FLUORESCENTE 58W', 'IARP'),
(289, 1, 301, 'YR-0250247FENN79', 'FRONTAL CURVO FENN', 'IARP'),
(290, 1, 302, 'YR-0428003FENN80', 'IMAN PUERTA BODEGA FENN', 'IARP'),
(291, 1, 303, 'YR-0200002EISS43', 'INDICADOR ROJO', 'IARP'),
(292, 1, 304, 'YR-0312686GAMA22', 'INSERTO BUMPER GRIS', 'IARP'),
(293, 1, 305, 'YR-0312685GA2022', 'INSERTO BUMPER GRIS Lateral', 'IARP'),
(294, 1, 306, 'YR-3300972E57042', 'INTERRUPTOR BIP', 'IARP'),
(295, 1, 307, 'YR-3301934EISS36', 'INTERRUPTOR BIPOLAR', 'IARP'),
(296, 1, 308, 'YR-0202008FENN27', 'INTERRUPTOR BLANCO FENN', 'IARP'),
(297, 1, 309, 'YR-3300757E57043', 'INTERRUPTOR MAGNETICO 16A', 'IARP'),
(298, 1, 310, 'YR-0202083FENN26', 'INTERRUPTOR NEGRO/VERDE FENN', 'IARP'),
(299, 1, 311, 'YR-0200007FENN61', 'INTERRUPTOR ROJO', 'IARP'),
(300, 1, 312, 'YR-6060114-GAM25', 'KIT SOPORTE CANASTILLOS G/250', 'IARP'),
(301, 1, 313, 'YR-6060058-GAM20', 'KIT SOPORTE CANASTILLOS GAM20', 'IARP'),
(302, 1, 314, 'YR-3600526E57010', 'KLIXON EDERA 157', 'IARP'),
(303, 1, 315, 'YR-3601872E57048', 'LATERAL CUPULA DX EDERA', 'IARP'),
(304, 1, 316, 'YR-0041056-70712', 'LAVAPORCIONADOR CON SOPORTE', 'IARP'),
(305, 1, 317, 'YR-3601876E57066', 'MANILLA CUPULA', 'IARP'),
(306, 1, 318, 'YR-0312609GAMA13', 'MARCO CONTROLES EXT', 'IARP'),
(307, 1, 319, 'YR-3303767GAMA14', 'MARCO CONTROLES EXT SUPP', 'IARP'),
(308, 1, 320, 'YR-0221140FENN34', 'MOTOR VENTILADOR CMPLT FENN 3', 'IARP'),
(309, 1, 321, 'YR-0220072GAMA24', 'MOTOR VENTILADOR CPLTO. GAM', 'IARP'),
(310, 1, 322, 'YR-0521020E57086', 'ORING', 'IARP'),
(311, 1, 323, 'YR-0521018FENN59', 'ORING BRACETO CUPULA FENNICE INF', 'IARP'),
(312, 1, 324, 'YR-0521017FENN58', 'ORING BRACETO CUPULA FENNICE SUP', 'IARP'),
(313, 1, 325, 'YR-0403007GA2018', 'ORING MOTOVENTILADOR GAMA', 'IARP'),
(314, 1, 326, 'YR-0534041FENN33', 'ORING VIDRIO LAT CUPULA FENN', 'IARP'),
(315, 1, 327, 'YR-0340598EISS42', 'PANEL ACRILICO', 'IARP'),
(316, 1, 328, 'YR-3604008FENN47', 'PARTE SUPERIOR CUPULA FENNICE', 'IARP'),
(317, 1, 329, 'YR-0207012FENN65', 'PARTIDOR FS11 FENNICE', 'IARP'),
(318, 1, 330, 'YR-3604577GAMA27', 'PERFIL GAMMA', 'IARP'),
(319, 1, 331, 'YR-3604598GAMA28', 'PERFIL LATERAL 150-200 GAM', 'IARP'),
(320, 1, 332, 'YR-3450445PV3319', 'PERFIL PVC PUERTA INF PV33 DX', 'IARP'),
(321, 1, 333, 'YR-3451006PV3323', 'PERFIL PVC PUERTA INF PV33 SX', 'IARP'),
(322, 1, 334, 'YR-3450442PV3320', 'PERFIL PVC PUERTA SUP PV33 DX', 'IARP'),
(323, 1, 335, 'YR-3451005PV3322', 'PERFIL PVC PUERTA SUP PV33 LAT', 'IARP'),
(324, 1, 336, 'YR-3450443PV3321', 'PERFIL PVC PUERTA SUP PV33 SX', 'IARP'),
(325, 1, 337, 'YR-3450111GAMA29', 'PERFIL TAPA INF 150-200', 'IARP'),
(326, 1, 338, 'YR-3451018GA2031', 'PERFIL TAPA INF. LAT GAM200', 'IARP'),
(327, 1, 339, 'YR-3450114GAMA30', 'PERFIL TAPA SUP 150-200', 'IARP'),
(328, 1, 340, 'YR-3451020GA2032', 'PERFIL TAPA SUP LAT', 'IARP'),
(329, 1, 341, 'YR-3451014GA1531', 'PERFIL TAPA SUP LAT GA 150', 'IARP'),
(330, 1, 342, 'YR-3451014GA1532', 'PERFIL TAPA SUP LAT GAMA 150', 'IARP'),
(331, 1, 343, 'YR-0530097E57054', 'PERNO 5X2 MACHO CUPULA', 'IARP'),
(332, 1, 344, 'YR-0530094E57056', 'PERNO 5X220 MACHO CUPULA', 'IARP'),
(333, 1, 345, 'YR-0530130FENN06', 'PERNO BISAGRA PTA. BODEGA', 'IARP'),
(334, 1, 346, 'YR-0530005FENN38', 'PERNO BRACETO CUP FENNICE', 'IARP'),
(335, 1, 347, 'YR-0530058FENN37', 'PERNO CUPULA M5X13 TC FENN', 'IARP'),
(336, 1, 348, 'YR-0530021FENN36', 'PERNO M5X8 TC CUPULA FENNICE', 'IARP'),
(337, 1, 349, 'YR-0530065E57057', 'PERNO PORTA LAMPARA', 'IARP'),
(338, 1, 350, 'YR-0530066FENN40', 'PERNO VIDRIO LAT CUPULA FENNI', 'IARP'),
(339, 1, 351, 'YR-3601877E57068', 'PORTA LAMPARA', 'IARP'),
(340, 1, 352, 'YR-0500300FENN46', 'PORTA PARTIDOR CUPULA FENNICE', 'IARP'),
(341, 1, 353, 'YR-0500100FENN45', 'PORTA TUBO CUPULA FENNICE', 'IARP'),
(342, 1, 354, 'YR-0501600E57063', 'PORTA TUBO FLUORESC', 'IARP'),
(343, 1, 355, 'YR-0315000E57064', 'PORTA TUBO FLUORESCENTE', 'IARP'),
(344, 1, 356, 'YR-3300204EISS17', 'PORTATUBO', 'IARP'),
(345, 1, 357, 'YR-0543000GAMA33', 'PROLONGADOR DRENAJE', 'IARP'),
(346, 1, 358, 'YR-6060476FENN63', 'PUERTA BODEGA COMPLETA', 'IARP'),
(347, 1, 359, 'YR-6060487E57091', 'PUERTA BODEGA EDERA', 'IARP'),
(348, 1, 360, 'YR-0425011FENN77', 'RECIBE GOTERA', 'IARP'),
(349, 1, 361, 'YR-0427761FENN21', 'REJILLA CUBRE EVAPORADOR', 'IARP'),
(350, 1, 362, 'SY-REJILLAS7EVAP', 'REJILLA CUBRE EVAPORADOR S7', 'IARP'),
(351, 1, 363, 'SY-REJILLACUBREV', 'REJILLA CUBRE EVAPORADOR S9', 'IARP'),
(352, 1, 364, 'YR-0427526E57037', 'REJILLA EVAPORADOR EDERA', 'IARP'),
(353, 1, 365, 'YR-3700786E57034', 'REJILLA FRONTAL EDERA', 'IARP'),
(354, 1, 366, 'YR-3700957FENN22', 'REJILLA LAT IZQUIERDA FENICE', 'IARP'),
(355, 1, 367, 'YR-3700787E57038', 'REJILLA LATERAL', 'IARP'),
(356, 1, 368, 'YR-0427827GAMA20', 'REJILLA LATERAL GAM', 'IARP'),
(357, 1, 369, 'YR-0427478E57039', 'REJILLA POSTERIOR EDERA', 'IARP'),
(358, 1, 370, 'YR-0427717FENN83', 'REJILLA POSTERIOR FENN', 'IARP'),
(359, 1, 371, 'YR-7069480FENN23', 'REJILLA POSTERIOR FENNICE', 'IARP'),
(360, 1, 372, 'YR-0427856GAMA21', 'REJILLA POSTERIOR GAMMA', 'IARP'),
(361, 1, 373, 'YR-3300702E57077', 'RELAY G7L', 'IARP'),
(362, 1, 374, 'YR-0205278E57078', 'RESISTENCIA  10W', 'IARP'),
(363, 1, 375, 'YR-0205341E57083', 'RESISTENCIA  20W', 'IARP'),
(364, 1, 376, 'YR-0205255E57079', 'RESISTENCIA 10W', 'IARP'),
(365, 1, 377, 'YR-0205539FENN54', 'RESISTENCIA 10W/MT', 'IARP'),
(366, 1, 378, 'YR-0205247E57080', 'RESISTENCIA 13W', 'IARP'),
(367, 1, 379, 'YR-0205336FENN56', 'RESISTENCIA 13W/MT FENN', 'IARP'),
(368, 1, 380, 'YR-0205537FENN55', 'RESISTENCIA 160W', 'IARP'),
(369, 1, 381, 'YR-0505516E57082', 'RESISTENCIA EDERA 165W POSTERIOR', 'IARP'),
(370, 1, 382, 'YR-0205517E57081', 'RESISTENCIA EDERA 165W TRASERA', 'IARP'),
(371, 1, 383, 'YR-3602589FENN04', 'RESISTENCIA EVAP. (CLIXON)', 'IARP'),
(372, 1, 384, 'YR-3304769GEMAVA', 'RESISTENCIA EVAPORADOR GEMMA', 'IARP'),
(373, 1, 385, 'YR-0163477FENN76', 'RESISTENCIA/EVAPORADOR AGUA', 'IARP'),
(374, 1, 386, 'YR-0402037PV3324', 'RUEDA D.50 BLANCA', 'IARP'),
(375, 1, 387, 'YR-0402010FENN60', 'RUEDA D.60 FENNICE', 'IARP'),
(376, 1, 388, 'YR-0402038E57087', 'RUEDA D.80', 'IARP'),
(377, 1, 389, 'SY-0402010000000', 'RUEDA FENICE', 'IARP'),
(378, 1, 390, 'YR-0415219FENN06', 'SEGURO BISAGRA PTA BODEGA', 'IARP'),
(379, 1, 391, 'YR-3302024E57088', 'SE', 'IARP'),
(380, 1, 392, 'YR-3404850WISS50', 'SOPORTE', 'IARP'),
(381, 1, 393, 'YR-0415216E57001', 'SOPORTE BISAGRA PTA.BOD', 'IARP'),
(382, 1, 394, 'YR-0312609EISS23', 'SOPORTE CONTROL', 'IARP'),
(383, 1, 395, 'YR-3601279E57065', 'SOPORTE CUPULA FRONTAL', 'IARP'),
(384, 1, 396, 'YR-3303587EISS44', 'SOPORTE INDICADOR', 'IARP'),
(385, 1, 397, 'YR-0542061FENN68', 'SOPORTE LAT SX VASCA', 'IARP'),
(386, 1, 398, 'YR-0431313PV3325', 'SOPORTE PUERTAS', 'IARP'),
(387, 1, 399, 'YR-0541002FENN31', 'SOPORTE RESISTENC IA', 'IARP'),
(388, 1, 400, 'YR-0541017E57047', 'SOPORTE RESISTENCIA (82)', 'IARP'),
(389, 1, 401, 'YR-0541001FENN32', 'SOPORTE RESISTENCIA FENN', 'IARP'),
(390, 1, 402, 'YR-0542060FENN67', 'SOPORTE VASCA LAT DX FENN', 'IARP'),
(391, 1, 403, 'YR-4250040000000', 'TACHO ACERO INOX 5 LTS.', 'IARP'),
(392, 1, 404, 'YR-3303779PV3328', 'TAPA  CERRADURA PV33', 'IARP'),
(393, 1, 405, 'YR-0427885PV3314', 'TAPA AZUL UNIDAD PV33', 'IARP'),
(394, 1, 406, 'YR-0408001GAMA12', 'TAPA BULBO GAMMA', 'IARP'),
(395, 1, 407, 'YR-3303768GAMA08', 'TAPA CIEGA CONTROL GAMA', 'IARP'),
(396, 1, 408, 'YR-3303795GA2008', 'TAPA CONTROL TERMOMETRO', 'IARP'),
(397, 1, 409, 'YR-3303794GA2007', 'TAPA CONTROL TERMOSTATO', 'IARP'),
(398, 1, 410, 'YR-0340337E57060', 'TAPA CUADRO COMANDO', 'IARP'),
(399, 1, 411, 'YR-7067714E57022', 'TAPA EVAPORADOR DX', 'IARP'),
(400, 1, 412, 'YR-7073712E57019', 'TAPA EVAPORADOR DX EDERA', 'IARP'),
(401, 1, 413, 'YR-7073711E57021', 'TAPA EVAPORADOR SX', 'IARP'),
(402, 1, 414, 'YR-7074238E57020', 'TAPA EVAPORADOR SX EDERA', 'IARP'),
(403, 1, 415, 'YR-0071986GA2009', 'TAPA INFERIOR 200', 'IARP'),
(404, 1, 416, 'YR-0071988GA1509', 'TAPA INFERIOR GAM150', 'IARP'),
(405, 1, 417, 'YR-7072032FENN41', 'TAPA MET CUBIERTA CAMARA', 'IARP'),
(406, 1, 418, 'YR-0071987GA2010', 'TAPA SUPERIOR GA200', 'IARP'),
(407, 1, 419, 'YR-0071989GA1510', 'TAPA SUPERIOR GAMMA150', 'IARP'),
(408, 1, 420, 'YR-3303591GAMA07', 'TAPA TERMOMETRO EXT', 'IARP'),
(409, 1, 421, 'YR-3303589GAMA26', 'TAPA TERMOSTATO', 'IARP'),
(410, 1, 422, 'YR-0162283E57100', 'TAPA TORNILLO C', 'IARP'),
(411, 1, 423, 'YR-0162284E57099', 'TAPA TORNILLO PL', 'IARP'),
(412, 1, 424, 'YR-0427715PV3315', 'TAPA UNIDAD ABS AZUL', 'IARP'),
(413, 1, 425, 'YR-0445006GAMA34', 'TAPON DESAGUE GAMMA', 'IARP'),
(414, 1, 426, 'YR-0312448FENN70', 'TAPON DRENAJE EXT FENN', 'IARP'),
(415, 1, 427, 'YR-0162285E57102', 'TAPON DX PERFIL INF CUPULA', 'IARP'),
(416, 1, 428, 'YR-0312015FENN69', 'TAPON INTERNO DRENAJE FENICE', 'IARP'),
(417, 1, 429, 'YR-0312038GAMA38', 'TAPON INTERNO DRENAJE GAMA', 'IARP'),
(418, 1, 430, 'YR-0312105GAMA36', 'TAPON INTERRUPTOR GAMMA', 'IARP'),
(419, 1, 431, 'YR-0162286E57103', 'TAPON SX PERFIL INF CUPULA', 'IARP'),
(420, 1, 432, 'YR-3306385FENN04', 'TARJETA ELECTRONICA', 'IARP'),
(421, 1, 433, 'YR-3303796EISS79', 'TERMOMETRO DISCO', 'IARP'),
(422, 1, 434, 'YR-0406001FENN71', 'TERMOMETRO FENICE', 'IARP'),
(423, 1, 435, 'YR-3303592GAMA39', 'TERMOMETRO GAMA', 'IARP'),
(424, 1, 436, 'YR-0406040PV3330', 'TERMOMETRO PV33', 'IARP'),
(425, 1, 437, 'YR-0225178EISS80', 'TERMOSTATO', 'IARP'),
(426, 1, 438, 'YR-3305084GAMA40', 'TERMOSTATO DANFOSS 077B2397', 'IARP'),
(427, 1, 439, 'YR-3303610FENN87', 'TERMOSTATO K50L3425 C/SOP', 'IARP'),
(428, 1, 440, 'YR-3301898FENN72', 'TERMOSTATO K55 C/SOPORTE', 'IARP'),
(429, 1, 441, 'SY-3302004FENTIM', 'TIMER DIGITAL FENICE', 'IARP'),
(430, 1, 442, 'YR-3302004FENN75', 'TIMER FENNICE', 'IARP'),
(431, 1, 443, 'YR-7069764FENN13', 'TUBO EVAPORADOR DX FENN', 'IARP'),
(432, 1, 444, 'YR-7067972FENN14', 'TUBO EVAPORADOR SX FENN', 'IARP'),
(433, 1, 445, 'YR-0200087EISS26', 'TUBO FLUORESCENTE', 'IARP'),
(434, 1, 446, 'YR-0200085EISS34', 'TUBO FLUORESCENTE 18W', 'IARP'),
(435, 1, 447, 'YR-0200086FENN28', 'TUBO FLUORESCENTE FENN', 'IARP'),
(436, 1, 448, 'YR-0505025FENN80', 'TUERCA IMAN PTA.BODG PZA88', 'IARP'),
(437, 1, 449, 'YR-0412002FENN03', 'UNION PUERTA CUPULA (BRACETO)', 'IARP'),
(438, 1, 450, 'YR-0189035FENN10', 'VALVULA SOLENOIDE EVR3 C/BOBI', 'IARP'),
(439, 1, 451, 'YR-250516FRONTAL', 'VIDRIO FRONTAL F9', 'IARP'),
(440, 1, 452, 'yr-0250515FENI13', 'VIDRIO FRONTAL FENICE 13', 'IARP'),
(441, 1, 453, 'YR-0250246FENN78', 'VIDRIO LATERAL DERECHO', 'IARP'),
(442, 1, 454, 'YR-3605939FENI13', 'VIDRIO LATERAL DX FENICE 13', 'IARP'),
(443, 1, 455, 'YR-0250249FENN93', 'VIDRIO LATERAL IZQ FENN', 'IARP'),
(444, 1, 456, 'YR-3605940FENI14', 'VIDRIO LATERAL SX FENICE 13', 'IARP'),
(445, 1, 457, 'SI-4425181154VEN', 'ACRILICO  (CONVOGLIATORE MAN', 'ISA'),
(446, 1, 458, 'SI-442581164CONV', 'ACRILICO CONVOGLIATORE ASPIRAZ', 'ISA'),
(447, 1, 459, 'SI-430610392ANEL', 'ANILLO VENTILADOR NMB471 23TB', 'ISA'),
(448, 1, 460, 'SI-SI50610101ASP', 'ASPA MOTOR VENTILADOR', 'ISA'),
(449, 1, 461, 'SI-506101008VENT', 'ASPA VENTILADOR 230', 'ISA'),
(450, 1, 462, 'SI-442254412BAND', 'BANDEJA DESAGUE', 'ISA'),
(451, 1, 463, 'SI-436215518BURL', 'BURLETE', 'ISA'),
(452, 1, 464, 'SI-491099298CALE', 'CALEFACTOR', 'ISA'),
(453, 1, 465, 'SI-4303170042CAR', 'CARTER LAT BASAM', 'ISA'),
(454, 1, 466, 'SI-418227413CENT', 'CENTRALINA ELECT ID 971', 'ISA'),
(455, 1, 467, 'SI-418227691CENT', 'CENTRALINA ELECT ID 974', 'ISA'),
(456, 1, 468, 'SI-4000893CORTIN', 'CORTINA CUPULA MN 12', 'ISA'),
(457, 1, 469, 'SI-400089457CORT', 'CORTINA CUPULA MN 16', 'ISA'),
(458, 1, 470, 'SI-4760568861COR', 'CORTINA LUZ MILLE 12 07', 'ISA'),
(459, 1, 471, 'SI-4760568851TEN', 'CORTINA LUZ MN 16 07', 'ISA'),
(460, 1, 472, 'SI-430256828CUBI', 'CUBIERTA SX MESA APOYO', 'ISA'),
(461, 1, 473, 'SI-418770849CUBT', 'CUBRE TUBO COMPLETO MN 07012', 'ISA'),
(462, 1, 474, 'SI-44251811173DE', 'DEFLECTOR LAT', 'ISA'),
(463, 1, 475, 'SI-4425181173DEF', 'DEFLECTOR LATERAL OM 134S', 'ISA'),
(464, 1, 476, 'SI-24225DISTANZI', 'ESPACIADOR TACHOS CD 12/12+12', 'ISA'),
(465, 1, 477, 'SI-491000033VIDR', 'FRIDIO FRONTAL MN 16', 'ISA'),
(466, 1, 478, 'SI-4016GANCHOCOR', 'GANCHOS DE CORTINA EN TEFLON', 'ISA'),
(467, 1, 479, 'SI-30352196INTER', 'INTERRUPTOR BIPOLAR BLANCO MN0', 'ISA'),
(468, 1, 480, 'SI-2POSICINTERRU', 'Interruptor Mill', 'ISA'),
(469, 1, 481, 'SI-44220294CARTE', 'PANEL FRONTAL  R7037', 'ISA'),
(470, 1, 482, 'SI-4323568552PAN', 'PANEL LATERAL DX EXTERNO', 'ISA'),
(471, 1, 483, 'SI-4323568542PAN', 'PANEL LATERAL EXTERNO', 'ISA'),
(472, 1, 484, 'SI-436256903PERF', 'PERFIL MANILLA MN 16', 'ISA'),
(473, 1, 485, 'SI-4362568991PER', 'PERFIL TACHOS GANASCIA MN 12 0', 'ISA'),
(474, 1, 486, 'SI-442205669TERM', 'PERFIL TERMINAL', 'ISA'),
(475, 1, 487, 'SI-41877085PLAFO', 'PLAFONIERA COMPLETA MIN 07 16', 'ISA'),
(476, 1, 488, 'SI-422157126REJI', 'REJILLA', 'ISA'),
(477, 1, 489, 'SI-491090818REJI', 'REJILLA ANTERIOR INF MN 12', 'ISA'),
(478, 1, 490, 'SI-491090884REJI', 'REJILLA ANTERIOR MILLENIUM', 'ISA'),
(479, 1, 491, 'SI-REJILLAEVAP12', 'REJILLA CUBREEVAPORADOR MILLEN 12', 'ISA'),
(480, 1, 492, 'SI-REJILLAEVAP16', 'REJILLA CUBREEVAPORADOR MILLEN 16', 'ISA'),
(481, 1, 493, 'SI-430156775REJI', 'REJILLA FRONTAL MN 12 07', 'ISA'),
(482, 1, 494, 'SI-491099299REJI', 'REJILLA INFERIOR OLA 150', 'ISA'),
(483, 1, 495, 'SI-SI23813REJILL', 'REJILLA MILLENIUM', 'ISA'),
(484, 1, 496, 'SI-422156816REJV', 'REJILLA MN 16-18', 'ISA'),
(485, 1, 497, 'SI-4185054083RES', 'RESISTENCIA 1300 500W', 'ISA'),
(486, 1, 498, 'SI-4185053921RES', 'RESISTENCIA CORAZZATA 1250X30', 'ISA'),
(487, 1, 499, 'SI-505028RETARDA', 'RETARDADOR RT 123', 'ISA'),
(488, 1, 500, 'SI-4302586829REV', 'REVESTIMIENTO LX SERV MN 12 07', 'ISA'),
(489, 1, 501, 'SI-30560914NFS23', 'RUEDA 23 NFS - OMEGA 134', 'ISA'),
(490, 1, 502, 'SI-4183622221NTC', 'SONDA NTC 3 M', 'ISA'),
(491, 1, 503, 'SI-4183034631PTC', 'SONDA PTC ISA', 'ISA'),
(492, 1, 504, 'SI-430156764SOPO', 'SOPORTE REJILLA MN 12', 'ISA'),
(493, 1, 505, 'SI-442205668TERM', 'TERMIANL PROF BATTIC VERDE PETR', 'ISA'),
(494, 1, 506, 'SI-44220324TERMI', 'TERMINAL PERFIL GRIS', 'ISA'),
(495, 1, 507, 'SI-442205667TERM', 'TERMINAL PERFIL VERDE', 'ISA'),
(496, 1, 508, 'SI-442205671TERM', 'TERMINAL PROF. BATTIC CAF', 'ISA'),
(497, 1, 509, 'SI-44220567TERMI', 'TERMINAL PROF. BATTIC CAF', 'ISA'),
(498, 1, 510, 'SI-505018016TERM', 'TERMOMETRO -40 + 40 TR5825', 'ISA'),
(499, 1, 511, 'SI-505014041TERM', 'TERMOSTATO 1 NTO 01 HTP', 'ISA'),
(500, 1, 512, 'SI-506010013VALV', 'VALVULA ESP TS2 ODS', 'ISA'),
(501, 1, 513, 'SI-418100035VENT', 'VENTILADOR 230V', 'ISA'),
(502, 1, 514, 'SI-400064297VENT', 'VENTILADOR BET 3C05   CAVO L-3', 'ISA'),
(503, 1, 515, 'SI-40081472VENTI', 'VENTILADOR N16/30', 'ISA'),
(504, 1, 516, 'SI-400007147VENT', 'VENTILADOR NET3 CAVO L3000 OME', 'ISA'),
(505, 1, 517, 'SI-400007082VENT', 'VENTILADOR NET3C10 CAVO L-100', 'ISA'),
(506, 1, 518, 'SI-505015073VENT', 'VENTILADOR NMB471 23TB', 'ISA'),
(507, 1, 519, 'SI-400007085VENT', 'VENTILADOR NT3C16PVCCAVO L-100', 'ISA'),
(508, 1, 520, 'SI-4481180623VID', 'VIDRIO 1149.3 X 523 OM 134S', 'ISA'),
(509, 1, 521, 'SI-4481180641VID', 'VIDRIO CURVO 1342X254.5 OM134S', 'ISA'),
(510, 1, 522, 'SI-4484241512VID', 'VIDRIO FRONTAL 646X1116 MN12', 'ISA'),
(511, 1, 523, 'SI-4484241522VID', 'VIDRIO FRONTAL 646X1476 MN 16', 'ISA'),
(512, 1, 524, 'SI-491000032VIDR', 'VIDRIO FRONTAL MN 12', 'ISA'),
(513, 1, 525, 'SI-448603923VIDI', 'VIDRIO INTERIOR 844X173.5 NS/E', 'ISA'),
(514, 1, 526, 'SI-448605344VIDI', 'VIDRIO INTERIOR NS EN 150', 'ISA'),
(515, 1, 527, 'SI-44872232VIDRI', 'VIDRIO LATERAL DX 890X476 ML', 'ISA'),
(516, 1, 528, 'SI-4481569644000', 'VIDRIO LATERAL DX MN 07', 'ISA'),
(517, 1, 529, 'SI-448722321VIDR', 'VIDRIO LATERAL SX 890X476 ML', 'ISA'),
(518, 1, 530, 'SI-4481569654VID', 'VIDRIO LATERAL SX MN 07', 'ISA'),
(519, 1, 531, 'SI-4487222321VID', 'VIDRO LATERAL SX 890X476', 'ISA'),
(520, 1, 532, 'SE-2003-CARRO000', 'CARRO EFI 2003', 'LIEHBERR'),
(521, 1, 533, 'SE-2703 - CARRO0', 'CARRO EFI 2703', 'LIEHBERR'),
(522, 1, 534, 'SE-3403 - CARRO0', 'CARRO EFI 3403', 'LIEHBERR'),
(523, 1, 535, 'SE-4803 - CARRO0', 'CARRO EFI 4803', 'LIEHBERR'),
(524, 1, 536, 'SE-5503 - CARRO0', 'CARRO EFI 5503', 'LIEHBERR'),
(525, 1, 537, 'SE-CELOSIAEFI000', 'CELOSIA EFI', 'LIEHBERR'),
(526, 1, 538, 'SE-LIE7435775000', 'CELOSIA MANTENEDORES EFI', 'LIEHBERR'),
(527, 1, 539, 'SE-LIE7043730-00', 'Chapa kit Cerradura EFI', 'LIEHBERR'),
(528, 1, 540, 'SE-LIE9900710-00', 'JUEGO DE TOPES PUERTAS CONSERV', 'LIEHBERR'),
(529, 1, 541, 'SE-LIE6940779000', 'RELE 3403 - 2703', 'LIEHBERR'),
(530, 1, 542, 'SE-LIE9407740000', 'RELE 4803', 'LIEHBERR'),
(531, 1, 543, 'SE-LIE6072740000', 'RELE 5503', 'LIEHBERR'),
(532, 1, 544, 'SE-LIE9746741-00', 'TAPA INFERIOR EFI 2703', 'LIEHBERR'),
(533, 1, 545, 'SE-LIE9746725-00', 'TAPA INFERIOR EFI 3403', 'LIEHBERR'),
(534, 1, 546, 'SE-LIE9745753-00', 'TAPA INFERIOR EFI 4803', 'LIEHBERR'),
(535, 1, 547, 'SE-LIE9745777-00', 'TAPA INFERIOR EFI 5503', 'LIEHBERR'),
(536, 1, 548, 'SE-LIE9746717-00', 'TAPA SUPERIOR EFE3403', 'LIEHBERR'),
(537, 1, 549, 'SE-LIE9746733-00', 'TAPA SUPERIOR EFI 2703', 'LIEHBERR'),
(538, 1, 550, 'SE-LIE9745752-00', 'TAPA SUPERIOR EFI 4803', 'LIEHBERR'),
(539, 1, 551, 'SE-LIE9745773-00', 'TAPA SUPERIOR EFI 5503', 'LIEHBERR'),
(540, 1, 552, 'SE-LIE7432751000', 'TAPON DESAGUE EFI', 'LIEHBERR'),
(541, 1, 553, 'SE-LIE6151733-01', 'TERMOSTATO AO10828', 'LIEHBERR'),
(542, 1, 554, 'SE-LIE9871736-01', 'VENTILADOR COMPLETO EBM IQ3608', 'LIEHBERR'),
(543, 1, 555, 'SE-LIE9870704-02', 'VENTILADOR COMPLETO FD-F611A', 'LIEHBERR'),
(544, 1, 556, 'SM-1015258000000', 'abrazaderas', 'MIMET'),
(545, 1, 557, 'SM-1001153000000', 'ASPA VENTILADOR 230-28" (HELIC', 'MIMET'),
(546, 1, 558, 'SM-1018993000000', 'BALLAST WH-230 L', 'MIMET'),
(547, 1, 559, 'SM-1015927000000', 'BARRA TORSION PUERTA', 'MIMET'),
(548, 1, 560, 'SM-1001459000000', 'BASE TUBO FLUORESCENTE', 'MIMET'),
(549, 1, 561, 'SM-1014365000000', 'Bisagra Conj Display', 'MIMET'),
(550, 1, 562, 'SM-1054900000000', 'CALEFACTOR 350W 220V', 'MIMET'),
(551, 1, 563, 'SM-1016778000000', 'CALEFACTOR DESAGUE VV16BTF', 'MIMET'),
(552, 1, 564, 'SM-CVCANASTILLOS', 'CANASTILLOS INCL CV200 Y CV 35', 'MIMET'),
(553, 1, 565, 'SM-1021440000000', 'CAPACITOR 220 50-60 38-46F', 'MIMET'),
(554, 1, 566, 'SM-1030431000000', 'Capacitor 88-108 mF CV350', 'MIMET'),
(555, 1, 567, 'SM-300CC-CARRO00', 'CARRO CASCADA 300CC', 'MIMET'),
(556, 1, 568, 'SM-100CV-CARRO00', 'CARRO CV 100', 'MIMET'),
(557, 1, 569, 'SM-200CV-CARRO00', 'CARRO CV 200', 'MIMET'),
(558, 1, 570, 'SM-350CV-CARRO00', 'CARRO CV 350', 'MIMET'),
(559, 1, 571, 'SM-580CV-CARRO00', 'CARRO CV 580', 'MIMET'),
(560, 1, 572, 'SM-1033476000000', 'Celocia Chica', 'MIMET'),
(561, 1, 573, 'SM-1033475000000', 'Celocia Grande', 'MIMET'),
(562, 1, 574, 'SM-1013672000000', 'CELOS{IA VV-8 / 12 S/PLA', 'MIMET'),
(563, 1, 575, 'SM-CELOSIAFRONTA', 'CELOSIA FRONTAL VV 16', 'MIMET'),
(564, 1, 576, 'SM-CELOSIALATERA', 'CELOSIA LATERAL', 'MIMET'),
(565, 1, 577, 'SM-CELOSIATRASER', 'CELOSIA TRASERA', 'MIMET'),
(566, 1, 578, 'SM-1054121000000', 'CELOSIA VV16BTF NEGRO', 'MIMET'),
(567, 1, 579, 'SM-1033959000000', 'CELOSIA VV16NF', 'MIMET'),
(568, 1, 580, 'SM-1026408000000', 'Chapa Inferior Cascada', 'MIMET'),
(569, 1, 581, 'SM-1036431000000', 'Chapa kit Cerradura', 'MIMET'),
(570, 1, 582, 'SM-1025123000000', 'Chapa VV-16', 'MIMET'),
(571, 1, 583, 'SM-1043302000000', 'CINTA AEROTAPE 9.1 MTSX50MM', 'MIMET'),
(572, 1, 584, 'SM-1014366000000', 'CJTO BISAGRA IZQUIERDA', 'MIMET'),
(573, 1, 585, 'SM-1034263000000', 'CJTO. MARCO LETRERO VV16BTF N', 'MIMET'),
(574, 1, 586, 'SM-1054171000000', 'CJTO. MARCO LETRERO VV16BTF NE', 'MIMET'),
(575, 1, 587, 'SM-1033960000000', 'CJTO. MARCO LETRERO VV19NF', 'MIMET'),
(576, 1, 588, 'SM-1027126000000', 'COMPRESOR ASPERA NJ 9238 GK', 'MIMET'),
(577, 1, 589, 'SM-1036267000000', 'COMPRESOR ASPERA T2180 GK 404', 'MIMET'),
(578, 1, 590, 'SM-1012678000000', 'COMPRESOR CAP 220/50-60 EI60 H', 'MIMET'),
(579, 1, 591, 'SM-1001873000000', 'COMPRESOR CAP FG85HK EMB 220V', 'MIMET'),
(580, 1, 592, 'SM-1001891000000', 'Compresor CS-18G CV580', 'MIMET'),
(581, 1, 593, 'SM-1013009000000', 'COMPRESOR DANFOSS SC21G', 'MIMET'),
(582, 1, 594, 'SM-1072166000000', 'COMPRESOR FFI 10 HAK 220V', 'MIMET'),
(583, 1, 595, 'SM-1044332000000', 'Compresor FFU-130 CV350', 'MIMET'),
(584, 1, 596, 'SM-1001950000000', 'Compresor FG-75 CV200', 'MIMET'),
(585, 1, 597, 'SM-1023889000000', 'COMPRESOR NE 2134GK', 'MIMET'),
(586, 1, 598, 'SM-1075146000000', 'COMPRESOR NT6222 GK', 'MIMET'),
(587, 1, 599, 'SM-1014742000000', 'COMPRESOR SC18CL DANFOSS', 'MIMET'),
(588, 1, 600, 'SM-1026318000000', 'COMPRESOR SC-21CL R404 DANFOSS', 'MIMET'),
(589, 1, 601, 'SM-1032419000000', 'CONTROL DIGITAL CAREL MODL PJE', 'MIMET'),
(590, 1, 602, 'SM-1045309000000', 'CONTROLADOR PZD3COPO 2 SONDAS', 'MIMET'),
(591, 1, 603, 'SM-CUBRETUBO3000', 'CUBRE TUBO CC 300', 'MIMET'),
(592, 1, 604, 'SM-1069307000000', 'CUERPO DESAGUE IPA BLANC', 'MIMET'),
(593, 1, 605, 'SM-1014654000000', 'CUERPO VALVULA COMPENS VV15BT', 'MIMET'),
(594, 1, 606, 'SM-1012704000000', 'ESCUADRA CORTAFRIO INF IZQUIER', 'MIMET'),
(595, 1, 607, 'SM-1012708000000', 'Esquinero', 'MIMET'),
(596, 1, 608, 'SM-1017135000000', 'FILTRO SEC DML 052 1/4 SOLDAR', 'MIMET'),
(597, 1, 609, 'SM-1001754000000', 'FILTRO SEC RF 25/3 R-134', 'MIMET'),
(598, 1, 610, 'SM-1036680000000', 'FILTRO SECADOR DCL 083 3/8" SO', 'MIMET'),
(599, 1, 611, 'SM-1016002000000', 'Filtro Secador GR-25', 'MIMET'),
(600, 1, 612, 'SM-1036724000000', 'FUNDENTE PLATA ARGENTA 50 GRS.', 'MIMET'),
(601, 1, 613, 'SM-1069308000000', 'GUIA DESAGUE IPA BLANC', 'MIMET'),
(602, 1, 614, 'SM-1001151000000', 'HELICE 20 -28', 'MIMET'),
(603, 1, 615, 'SM-1032309000000', 'HELICE 230-31 PLASTICA ELCO', 'MIMET'),
(604, 1, 616, 'SM-1001144000000', 'HELICE A-172 ELCO', 'MIMET'),
(605, 1, 617, 'SM-1001454000000', 'INTERRUPTOR DE PUERTA VV16BTF', 'MIMET'),
(606, 1, 618, 'SM-1024285000000', 'Interruptor display Arcolet', 'MIMET'),
(607, 1, 619, 'SM-1015006000000', 'Interruptor H8 Display', 'MIMET'),
(608, 1, 620, 'SM-1027047000000', 'INTERRUPTOR MAGNETICO 2020-196', 'MIMET'),
(609, 1, 621, 'SM-1009860000000', 'INTERRUPTOR TIMBRE', 'MIMET'),
(610, 1, 622, 'SM-1016659000000', 'INTERRUPTOR VV16 BTF', 'MIMET'),
(611, 1, 623, 'SM-1031432000000', 'KIT LLAVE METALICA NVO MODELO', 'MIMET'),
(612, 1, 624, 'SM-1036171000000', 'LATERAL DISPLAY DERECHO', 'MIMET'),
(613, 1, 625, 'SM-1036227000000', 'LATERAL DISPLAY IZQUIERDO', 'MIMET'),
(614, 1, 626, 'SM-1021833000000', 'LLAVE KIT CERRADURA 404 AMSTRO', 'MIMET'),
(615, 1, 627, 'SM-1025961000000', 'LLAVE METALIC CERRADURA CC300', 'MIMET'),
(616, 1, 628, 'SM-1022476000000', 'MANILLA CURVA VV', 'MIMET'),
(617, 1, 629, 'SM-1016478000000', 'MARCO BURLETE VV12 1250X555', 'MIMET'),
(618, 1, 630, 'SM-1007682000000', 'MARCO BURLETE VV19', 'MIMET'),
(619, 1, 631, 'SM-1001564000000', 'ORIFICIO DANFOSS 02', 'MIMET'),
(620, 1, 632, 'SM-1026638000000', 'PANTALLA CC300', 'MIMET'),
(621, 1, 633, 'SM-1036692000000', 'PANTALLA FLUOR STAD', 'MIMET'),
(622, 1, 634, 'SM-100PARRILLA00', 'PARRILLA (REJILLA) VV 16', 'MIMET'),
(623, 1, 635, 'SM-PARRILLALATER', 'PARRILLA LATERAL CASCADA', 'MIMET'),
(624, 1, 636, 'SM-1001997000000', 'PARTIDOR UNIVERSAL S10 PHILIPS', 'MIMET'),
(625, 1, 637, 'SM-1019456000000', 'PATIN REGULABLE 1/2"', 'MIMET'),
(626, 1, 638, 'SM-1002004000000', 'PATIN REGULABLE VV16', 'MIMET'),
(627, 1, 639, 'SM-1014827000000', 'PETG LECH X225X667 MM VV19', 'MIMET'),
(628, 1, 640, 'SM-1026407000000', 'PORTA CHAPA SUPERIOR', 'MIMET'),
(629, 1, 641, 'SM-1068390000000', 'PORTACERRADURA INFERIOR IPA GR', 'MIMET'),
(630, 1, 642, 'SM-1068391000000', 'PORTACERRADURA SUPERIOR IPA GR', 'MIMET'),
(631, 1, 643, 'SM-1022366000000', 'QUICIO INFERIOR VV16BTFN', 'MIMET'),
(632, 1, 644, 'SM-1022365000000', 'QUICIO SUPERIOR DERECHO VV16BT', 'MIMET'),
(633, 1, 645, 'SM-1001040000000', 'REFRIGERANTE R-134A', 'MIMET'),
(634, 1, 646, 'SM-1072207000000', 'REFRIGERANTE R-22 MIMET', 'MIMET'),
(635, 1, 647, 'SM-1036783000000', 'REFRIGERANTE R-507 (11.3)', 'MIMET'),
(636, 1, 648, 'SM-REJILLACC3000', 'REJILLA BLANCA CONS CC-300', 'MIMET'),
(637, 1, 649, 'SM-1021092000000', 'RELE OMROM G7L-1A-TUBJ CB', 'MIMET'),
(638, 1, 650, 'SM-1014921000000', 'RODILLO VV-15BT', 'MIMET'),
(639, 1, 651, 'SM-1002270000000', 'Rueda THN-50', 'MIMET'),
(640, 1, 652, 'SM-1029927000000', 'Sonda NTC carell', 'MIMET'),
(641, 1, 653, 'SM-1019059000000', 'SOPORTE PARRILLA S/S MIMET', 'MIMET'),
(642, 1, 654, 'SM-1068-CC300INF', 'TAPA DE VIDRIO INFERIOR  CC300', 'MIMET'),
(643, 1, 655, 'SM-1014655000000', 'TAPA VALVULA VV15 BT', 'MIMET'),
(644, 1, 656, 'SM-1066430- 35IA', 'Tapa Vidrio Inclinada Inf CV 350 IAN', 'MIMET'),
(645, 1, 657, 'SM-1066432-CV58I', 'Tapa Vidrio Inclinada Inf CV 580 AN', 'MIMET'),
(646, 1, 658, 'SM-1066431 - 35I', 'Tapa Vidrio Inclinada Sup CV 350 IAN', 'MIMET'),
(647, 1, 659, 'SM-1066433-CV58I', 'Tapa Vidrio Inclinada Sup CV 580 AN', 'MIMET'),
(648, 1, 660, 'SM-1068374000000', 'TAPA VIDRIO INF. CV-580 A', 'MIMET'),
(649, 1, 661, 'SM-1018606-CV200', 'TAPA VIDRIO INFERIOR CV200AN,', 'MIMET'),
(650, 1, 662, 'SM-1068-CV200INF', 'Tapa Vidrio Recta Inf CV 200', 'MIMET'),
(651, 1, 663, 'SM-1068372-CV350', 'Tapa Vidrio Recta Inf CV 350 AN', 'MIMET'),
(652, 1, 664, 'SM-1068-CV200SUP', 'Tapa Vidrio Recta Sup CV 200', 'MIMET'),
(653, 1, 665, 'SM-1068373-CV350', 'Tapa Vidrio Recta Sup CV 350 AN', 'MIMET'),
(654, 1, 666, 'SM-1068375000000', 'TAPA VIDRIO SUP. CV-580 A', 'MIMET'),
(655, 1, 667, 'SM-1068-CC300SUP', 'TAPA VIDRIO SUPERIOR CC300', 'MIMET'),
(656, 1, 668, 'SM-1018605-CV200', 'TAPA VIDRIO SUPERIOR CV200AN', 'MIMET'),
(657, 1, 669, 'SM-1069309000000', 'Tap', 'MIMET'),
(658, 1, 670, 'SM-1012668000000', 'TAPON EXTERNO DESAGUE CVP', 'MIMET'),
(659, 1, 671, 'SM-1069310000000', 'TAPON EXTERNO DESAGUE IPA BLA', 'MIMET'),
(660, 1, 672, 'SM-1012667000000', 'TAPON INTERNO DESAGUE CVP', 'MIMET'),
(661, 1, 673, 'SM-1014488000000', 'Termometro Ref-88', 'MIMET'),
(662, 1, 674, 'SM-1016709000000', 'TERMOSTATO DANFOSS 077B1125', 'MIMET'),
(663, 1, 675, 'SM-1016225000000', 'Termostato Danfoss Congelado', 'MIMET'),
(664, 1, 676, 'SM-1006374000000', 'Tope Plastico Recto', 'MIMET'),
(665, 1, 677, 'SM-1034410000000', 'TRANSFORMADOR LEDS LVP35-12', 'MIMET'),
(666, 1, 678, 'SM-1026184000000', 'TRANSFORMADOR PUERTA VV16BTF', 'MIMET'),
(667, 1, 679, 'SM-1045184000000', 'TUBERIA REC 1/2" MIMET', 'MIMET'),
(668, 1, 680, 'SM-1045186000000', 'TUBERIA RECOCIDA 1/4" MIMET', 'MIMET'),
(669, 1, 681, 'SM-1045187000000', 'TUBERIA RECOCIDA 3/8" MIMET', 'MIMET'),
(670, 1, 682, 'SM-1045223000000', 'TUBO COBRE 5/16"', 'MIMET'),
(671, 1, 683, 'SM-1000417000000', 'TUBO CU REC  3/8"', 'MIMET'),
(672, 1, 684, 'SM-1000422000000', 'TUBO CU REC 05 ESP 1/4', 'MIMET'),
(673, 1, 685, 'SM-1000416000000', 'TUBO CU REC 5/16"', 'MIMET'),
(674, 1, 686, 'SM-1002624000000', 'TUBO FLUORESCENTE 15W', 'MIMET'),
(675, 1, 687, 'SM-1002625000000', 'TUBO FLUORESCENTE 30W', 'MIMET'),
(676, 1, 688, 'SM-1002619000000', 'TUBO FLUORESCENTE 36W', 'MIMET'),
(677, 1, 689, 'SM-1018846000000', 'TUBO FLUORESCENTE F21T5/841', 'MIMET'),
(678, 1, 690, 'SM-1034137000000', 'TUBO LEDS 120 CMS X 18LEDS', 'MIMET'),
(679, 1, 691, 'SM-1074291000000', 'TUBO LEDS 120CMS X36 LEDS', 'MIMET'),
(680, 1, 692, 'SM-1046793000000', 'TUBO LEDS 60 CM X 18 LED 12V', 'MIMET'),
(681, 1, 693, 'SM-1037223000000', 'TUERCA FLARE 1/2 BRONCE', 'MIMET'),
(682, 1, 694, 'SM-1037222000000', 'TUERCA FLARE 3/8 BRONCE', 'MIMET'),
(683, 1, 695, 'SM-1037206000000', 'VALVULA DE CARGA 1/4" MIMET', 'MIMET'),
(684, 1, 696, 'SM-1036558000000', 'VALVULA EXPANSION TS2', 'MIMET'),
(685, 1, 697, 'SM-1032136000000', 'Ventilador 10w', 'MIMET'),
(686, 1, 698, 'SM-1030821000000', 'Ventilador 18w', 'MIMET'),
(687, 1, 699, 'SM-1001961000000', 'Ventilador 5 Watt', 'MIMET'),
(688, 1, 700, 'SM-1021000000000', 'VENTILADOR EBM 18W', 'MIMET'),
(689, 1, 701, 'SG-330PVCELOSIAC', 'CELOSIA CHICA PV-330', 'USADOS'),
(690, 1, 702, 'SG-330PVCELOSIAG', 'CELOSIA GRANDE PV-330', 'USADOS'),
(691, 1, 703, 'SG-330PV-TAPAINF', 'TAPA INF PV-330 IARP', 'USADOS'),
(692, 1, 704, 'SG-330PV-TAPASUP', 'TAPA SUP PV-330 IARP', 'USADOS');

-- --------------------------------------------------------

--
-- Estructura de tabla para la tabla `vtiger_import_locks`
--

CREATE TABLE IF NOT EXISTS `vtiger_import_locks` (
  `vtiger_import_lock_id` int(11) NOT NULL,
  `userid` int(11) NOT NULL,
  `tabid` int(11) NOT NULL,
  `importid` int(11) NOT NULL,
  `locked_since` datetime DEFAULT NULL
) ENGINE=InnoDB DEFAULT CHARSET=utf8;

-- --------------------------------------------------------

--
-- Estructura de tabla para la tabla `vtiger_import_locks_seq`
--

CREATE TABLE IF NOT EXISTS `vtiger_import_locks_seq` (
  `id` int(11) NOT NULL
) ENGINE=InnoDB DEFAULT CHARSET=utf8;

--
-- Volcado de datos para la tabla `vtiger_import_locks_seq`
--

INSERT INTO `vtiger_import_locks_seq` (`id`) VALUES
(1);

-- --------------------------------------------------------

--
-- Estructura de tabla para la tabla `vtiger_import_maps`
--

CREATE TABLE IF NOT EXISTS `vtiger_import_maps` (
`id` int(19) NOT NULL,
  `name` varchar(36) NOT NULL,
  `module` varchar(36) NOT NULL,
  `content` longblob,
  `has_header` int(1) NOT NULL DEFAULT '1',
  `deleted` int(1) NOT NULL DEFAULT '0',
  `date_entered` timestamp NOT NULL DEFAULT CURRENT_TIMESTAMP ON UPDATE CURRENT_TIMESTAMP,
  `date_modified` timestamp NOT NULL DEFAULT '0000-00-00 00:00:00',
  `assigned_user_id` varchar(36) DEFAULT NULL,
  `is_published` varchar(3) NOT NULL DEFAULT 'no'
) ENGINE=InnoDB DEFAULT CHARSET=latin1;

-- --------------------------------------------------------

--
-- Estructura de tabla para la tabla `vtiger_import_queue`
--

CREATE TABLE IF NOT EXISTS `vtiger_import_queue` (
  `importid` int(11) NOT NULL,
  `userid` int(11) NOT NULL,
  `tabid` int(11) NOT NULL,
  `field_mapping` text,
  `default_values` text,
  `merge_type` int(11) DEFAULT NULL,
  `merge_fields` text,
  `status` int(11) DEFAULT '0'
) ENGINE=InnoDB DEFAULT CHARSET=utf8;

-- --------------------------------------------------------

--
-- Estructura de tabla para la tabla `vtiger_import_queue_seq`
--

CREATE TABLE IF NOT EXISTS `vtiger_import_queue_seq` (
  `id` int(11) NOT NULL
) ENGINE=InnoDB DEFAULT CHARSET=utf8;

--
-- Volcado de datos para la tabla `vtiger_import_queue_seq`
--

INSERT INTO `vtiger_import_queue_seq` (`id`) VALUES
(1);

-- --------------------------------------------------------

--
-- Estructura de tabla para la tabla `vtiger_industry`
--

CREATE TABLE IF NOT EXISTS `vtiger_industry` (
`industryid` int(19) NOT NULL,
  `industry` varchar(200) NOT NULL,
  `presence` int(1) NOT NULL DEFAULT '1',
  `picklist_valueid` int(19) NOT NULL DEFAULT '0',
  `sortorderid` int(11) DEFAULT NULL
) ENGINE=InnoDB AUTO_INCREMENT=33 DEFAULT CHARSET=latin1;

--
-- Volcado de datos para la tabla `vtiger_industry`
--

INSERT INTO `vtiger_industry` (`industryid`, `industry`, `presence`, `picklist_valueid`, `sortorderid`) VALUES
(2, 'Apparel', 1, 61, 1),
(3, 'Banking', 1, 62, 2),
(4, 'Biotechnology', 1, 63, 3),
(5, 'Chemicals', 1, 64, 4),
(6, 'Communications', 1, 65, 5),
(7, 'Construction', 1, 66, 6),
(8, 'Consulting', 1, 67, 7),
(9, 'Education', 1, 68, 8),
(10, 'Electronics', 1, 69, 9),
(11, 'Energy', 1, 70, 10),
(12, 'Engineering', 1, 71, 11),
(13, 'Entertainment', 1, 72, 12),
(14, 'Environmental', 1, 73, 13),
(15, 'Finance', 1, 74, 14),
(16, 'Food & Beverage', 1, 75, 15),
(17, 'Government', 1, 76, 16),
(18, 'Healthcare', 1, 77, 17),
(19, 'Hospitality', 1, 78, 18),
(20, 'Insurance', 1, 79, 19),
(21, 'Machinery', 1, 80, 20),
(22, 'Manufacturing', 1, 81, 21),
(23, 'Media', 1, 82, 22),
(24, 'Not For Profit', 1, 83, 23),
(25, 'Recreation', 1, 84, 24),
(26, 'Retail', 1, 85, 25),
(27, 'Shipping', 1, 86, 26),
(28, 'Technology', 1, 87, 27),
(29, 'Telecommunications', 1, 88, 28),
(30, 'Transportation', 1, 89, 29),
(31, 'Utilities', 1, 90, 30),
(32, 'Other', 1, 91, 31);

-- --------------------------------------------------------

--
-- Estructura de tabla para la tabla `vtiger_industry_seq`
--

CREATE TABLE IF NOT EXISTS `vtiger_industry_seq` (
  `id` int(11) NOT NULL
) ENGINE=InnoDB DEFAULT CHARSET=latin1;

--
-- Volcado de datos para la tabla `vtiger_industry_seq`
--

INSERT INTO `vtiger_industry_seq` (`id`) VALUES
(32);

-- --------------------------------------------------------

--
-- Estructura de tabla para la tabla `vtiger_inventorynotification`
--

CREATE TABLE IF NOT EXISTS `vtiger_inventorynotification` (
`notificationid` int(19) NOT NULL,
  `notificationname` varchar(200) DEFAULT NULL,
  `notificationsubject` varchar(200) DEFAULT NULL,
  `notificationbody` text,
  `label` varchar(50) DEFAULT NULL,
  `status` varchar(30) DEFAULT NULL
) ENGINE=InnoDB AUTO_INCREMENT=4 DEFAULT CHARSET=latin1;

--
-- Volcado de datos para la tabla `vtiger_inventorynotification`
--

INSERT INTO `vtiger_inventorynotification` (`notificationid`, `notificationname`, `notificationsubject`, `notificationbody`, `label`, `status`) VALUES
(1, 'InvoiceNotification', '{PRODUCTNAME} Stock Level is Low', 'Dear {HANDLER},\n\nThe current stock of {PRODUCTNAME} in our warehouse is {CURRENTSTOCK}. Kindly procure required number of units as the stock level is below reorder level {REORDERLEVELVALUE}.\n\nPlease treat this information as Urgent as the invoice is already sent  to the customer.\n\nSeverity: Critical\n\nThanks,\n{CURRENTUSER} ', 'InvoiceNotificationDescription', NULL),
(2, 'QuoteNotification', 'Quote given for {PRODUCTNAME}', 'Dear {HANDLER},\n\nQuote is generated for {QUOTEQUANTITY} units of {PRODUCTNAME}. The current stock of {PRODUCTNAME} in our warehouse is {CURRENTSTOCK}.\n\nSeverity: Minor\n\nThanks,\n{CURRENTUSER} ', 'QuoteNotificationDescription', NULL),
(3, 'SalesOrderNotification', 'Sales Order generated for {PRODUCTNAME}', 'Dear {HANDLER},\n\nSalesOrder is generated for {SOQUANTITY} units of {PRODUCTNAME}. The current stock of {PRODUCTNAME} in our warehouse is {CURRENTSTOCK}.\n\nPlease treat this information  with priority as the sales order is already generated.\n\nSeverity: Major\n\nThanks,\n{CURRENTUSER} ', 'SalesOrderNotificationDescription', NULL);

-- --------------------------------------------------------

--
-- Estructura de tabla para la tabla `vtiger_inventorynotification_seq`
--

CREATE TABLE IF NOT EXISTS `vtiger_inventorynotification_seq` (
  `id` int(11) NOT NULL
) ENGINE=InnoDB DEFAULT CHARSET=latin1;

--
-- Volcado de datos para la tabla `vtiger_inventorynotification_seq`
--

INSERT INTO `vtiger_inventorynotification_seq` (`id`) VALUES
(3);

-- --------------------------------------------------------

--
-- Estructura de tabla para la tabla `vtiger_inventoryproductrel`
--

CREATE TABLE IF NOT EXISTS `vtiger_inventoryproductrel` (
  `id` int(19) DEFAULT NULL,
  `productid` int(19) DEFAULT NULL,
  `sequence_no` int(4) DEFAULT NULL,
  `quantity` decimal(25,3) DEFAULT NULL,
  `listprice` decimal(27,8) DEFAULT NULL,
  `discount_percent` decimal(7,3) DEFAULT NULL,
  `discount_amount` decimal(27,8) DEFAULT NULL,
  `comment` text,
  `description` text,
  `incrementondel` int(11) NOT NULL DEFAULT '0',
`lineitem_id` int(11) NOT NULL,
  `tax1` decimal(7,3) DEFAULT NULL,
  `tax2` decimal(7,3) DEFAULT NULL,
  `tax3` decimal(7,3) DEFAULT NULL
) ENGINE=InnoDB AUTO_INCREMENT=17 DEFAULT CHARSET=latin1;

--
-- Volcado de datos para la tabla `vtiger_inventoryproductrel`
--

INSERT INTO `vtiger_inventoryproductrel` (`id`, `productid`, `sequence_no`, `quantity`, `listprice`, `discount_percent`, `discount_amount`, `comment`, `description`, `incrementondel`, `lineitem_id`, `tax1`, `tax2`, `tax3`) VALUES
(10, 8, 1, 1.000, 10.00000000, NULL, NULL, '', NULL, 1, 2, 4.500, 10.000, 12.500),
(9, 8, 1, 1.000, 10.00000000, NULL, NULL, '', NULL, 0, 3, 4.500, 10.000, 12.500),
(9, 11, 2, 3.000, 125.00000000, NULL, NULL, '', NULL, 0, 4, 4.500, 10.000, 12.500),
(705, 11, 1, 30.000, 125.00000000, 0.000, 0.00000000, '', '', 0, 5, 0.000, 0.000, 0.000),
(705, 12, 2, 40.000, 60.00000000, 0.000, 0.00000000, '', '', 0, 6, 0.000, 0.000, 0.000),
(706, 11, 1, 30.000, 125.00000000, 0.000, 0.00000000, '', '', 0, 7, 0.000, 0.000, 0.000),
(706, 12, 2, 40.000, 60.00000000, 0.000, 0.00000000, '', '', 0, 8, 0.000, 0.000, 0.000),
(707, 11, 1, 30.000, 125.00000000, 0.000, 0.00000000, '', '', 0, 9, 0.000, 0.000, 0.000),
(707, 12, 2, 40.000, 60.00000000, 0.000, 0.00000000, '', '', 0, 10, 0.000, 0.000, 0.000),
(708, 11, 1, 30.000, 125.00000000, 0.000, 0.00000000, '', '', 0, 11, 0.000, 0.000, 0.000),
(708, 12, 2, 40.000, 60.00000000, 0.000, 0.00000000, '', '', 0, 12, 0.000, 0.000, 0.000),
(709, 11, 1, 30.000, 125.00000000, 0.000, 0.00000000, '', '', 0, 13, 0.000, 0.000, 0.000),
(709, 12, 2, 40.000, 60.00000000, 0.000, 0.00000000, '', '', 0, 14, 0.000, 0.000, 0.000),
(710, 11, 1, 5.000, 125.00000000, 0.000, 0.00000000, '', '', 0, 15, 0.000, 0.000, 0.000),
(710, 12, 2, 10.000, 60.00000000, 0.000, 0.00000000, '', '', 0, 16, 0.000, 0.000, 0.000);

-- --------------------------------------------------------

--
-- Estructura de tabla para la tabla `vtiger_inventoryproductrel_seq`
--

CREATE TABLE IF NOT EXISTS `vtiger_inventoryproductrel_seq` (
  `id` int(11) NOT NULL
) ENGINE=InnoDB DEFAULT CHARSET=latin1;

--
-- Volcado de datos para la tabla `vtiger_inventoryproductrel_seq`
--

INSERT INTO `vtiger_inventoryproductrel_seq` (`id`) VALUES
(0);

-- --------------------------------------------------------

--
-- Estructura de tabla para la tabla `vtiger_inventoryshippingrel`
--

CREATE TABLE IF NOT EXISTS `vtiger_inventoryshippingrel` (
  `id` int(19) DEFAULT NULL,
  `shtax1` decimal(7,3) DEFAULT NULL,
  `shtax2` decimal(7,3) DEFAULT NULL,
  `shtax3` decimal(7,3) DEFAULT NULL
) ENGINE=InnoDB DEFAULT CHARSET=latin1;

--
-- Volcado de datos para la tabla `vtiger_inventoryshippingrel`
--

INSERT INTO `vtiger_inventoryshippingrel` (`id`, `shtax1`, `shtax2`, `shtax3`) VALUES
(10, 4.500, 10.000, 12.500),
(9, 4.500, 10.000, 12.500),
(705, NULL, NULL, NULL),
(706, NULL, NULL, NULL),
(707, NULL, NULL, NULL),
(708, NULL, NULL, NULL),
(709, NULL, NULL, NULL),
(710, NULL, NULL, NULL);

-- --------------------------------------------------------

--
-- Estructura de tabla para la tabla `vtiger_inventorysubproductrel`
--

CREATE TABLE IF NOT EXISTS `vtiger_inventorysubproductrel` (
  `id` int(19) NOT NULL,
  `sequence_no` int(10) NOT NULL,
  `productid` int(19) NOT NULL
) ENGINE=InnoDB DEFAULT CHARSET=latin1;

-- --------------------------------------------------------

--
-- Estructura de tabla para la tabla `vtiger_inventorytaxinfo`
--

CREATE TABLE IF NOT EXISTS `vtiger_inventorytaxinfo` (
  `taxid` int(3) NOT NULL,
  `taxname` varchar(50) DEFAULT NULL,
  `taxlabel` varchar(50) DEFAULT NULL,
  `percentage` decimal(7,3) DEFAULT NULL,
  `deleted` int(1) DEFAULT NULL
) ENGINE=InnoDB DEFAULT CHARSET=latin1;

--
-- Volcado de datos para la tabla `vtiger_inventorytaxinfo`
--

INSERT INTO `vtiger_inventorytaxinfo` (`taxid`, `taxname`, `taxlabel`, `percentage`, `deleted`) VALUES
(1, 'tax1', 'VAT', 4.500, 0),
(2, 'tax2', 'Sales', 10.000, 0),
(3, 'tax3', 'Service', 12.500, 0);

-- --------------------------------------------------------

--
-- Estructura de tabla para la tabla `vtiger_inventorytaxinfo_seq`
--

CREATE TABLE IF NOT EXISTS `vtiger_inventorytaxinfo_seq` (
  `id` int(11) NOT NULL
) ENGINE=InnoDB DEFAULT CHARSET=latin1;

--
-- Volcado de datos para la tabla `vtiger_inventorytaxinfo_seq`
--

INSERT INTO `vtiger_inventorytaxinfo_seq` (`id`) VALUES
(3);

-- --------------------------------------------------------

--
-- Estructura de tabla para la tabla `vtiger_inventory_tandc`
--

CREATE TABLE IF NOT EXISTS `vtiger_inventory_tandc` (
  `id` int(19) NOT NULL,
  `type` varchar(30) NOT NULL,
  `tandc` text
) ENGINE=InnoDB DEFAULT CHARSET=latin1;

--
-- Volcado de datos para la tabla `vtiger_inventory_tandc`
--

INSERT INTO `vtiger_inventory_tandc` (`id`, `type`, `tandc`) VALUES
(1, 'Inventory', '\n - Unless otherwise agreed in writing by the supplier all invoices are payable within thirty (30) days of the date of invoice, in the currency of the invoice, drawn on a bank based in India or by such other method as is agreed in advance by the Supplier.\n\n - All prices are not inclusive of VAT which shall be payable in addition by the Customer at the applicable rate.');

-- --------------------------------------------------------

--
-- Estructura de tabla para la tabla `vtiger_inventory_tandc_seq`
--

CREATE TABLE IF NOT EXISTS `vtiger_inventory_tandc_seq` (
  `id` int(11) NOT NULL
) ENGINE=InnoDB DEFAULT CHARSET=latin1;

--
-- Volcado de datos para la tabla `vtiger_inventory_tandc_seq`
--

INSERT INTO `vtiger_inventory_tandc_seq` (`id`) VALUES
(1);

-- --------------------------------------------------------

--
-- Estructura de tabla para la tabla `vtiger_invitees`
--

CREATE TABLE IF NOT EXISTS `vtiger_invitees` (
  `activityid` int(19) NOT NULL,
  `inviteeid` int(19) NOT NULL
) ENGINE=InnoDB DEFAULT CHARSET=latin1;

-- --------------------------------------------------------

--
-- Estructura de tabla para la tabla `vtiger_invoice`
--

CREATE TABLE IF NOT EXISTS `vtiger_invoice` (
  `invoiceid` int(19) NOT NULL DEFAULT '0',
  `subject` varchar(100) DEFAULT NULL,
  `salesorderid` int(19) DEFAULT NULL,
  `customerno` varchar(100) DEFAULT NULL,
  `contactid` int(19) DEFAULT NULL,
  `notes` varchar(100) DEFAULT NULL,
  `invoicedate` date DEFAULT NULL,
  `duedate` date DEFAULT NULL,
  `invoiceterms` varchar(100) DEFAULT NULL,
  `type` varchar(100) DEFAULT NULL,
  `adjustment` decimal(25,8) DEFAULT NULL,
  `salescommission` decimal(25,3) DEFAULT NULL,
  `exciseduty` decimal(25,3) DEFAULT NULL,
  `subtotal` decimal(25,8) DEFAULT NULL,
  `total` decimal(25,8) DEFAULT NULL,
  `taxtype` varchar(25) DEFAULT NULL,
  `discount_percent` decimal(25,3) DEFAULT NULL,
  `discount_amount` decimal(25,8) DEFAULT NULL,
  `s_h_amount` decimal(25,8) DEFAULT NULL,
  `shipping` varchar(100) DEFAULT NULL,
  `accountid` int(19) DEFAULT NULL,
  `terms_conditions` text,
  `purchaseorder` varchar(200) DEFAULT NULL,
  `invoicestatus` varchar(200) DEFAULT NULL,
  `invoice_no` varchar(100) DEFAULT NULL,
  `currency_id` int(19) NOT NULL DEFAULT '1',
  `conversion_rate` decimal(10,3) NOT NULL DEFAULT '1.000',
  `pre_tax_total` decimal(25,8) DEFAULT NULL,
  `received` decimal(25,8) DEFAULT NULL,
  `balance` decimal(25,8) DEFAULT NULL,
  `s_h_percent` int(11) DEFAULT NULL
) ENGINE=InnoDB DEFAULT CHARSET=latin1;

--
-- Volcado de datos para la tabla `vtiger_invoice`
--

INSERT INTO `vtiger_invoice` (`invoiceid`, `subject`, `salesorderid`, `customerno`, `contactid`, `notes`, `invoicedate`, `duedate`, `invoiceterms`, `type`, `adjustment`, `salescommission`, `exciseduty`, `subtotal`, `total`, `taxtype`, `discount_percent`, `discount_amount`, `s_h_amount`, `shipping`, `accountid`, `terms_conditions`, `purchaseorder`, `invoicestatus`, `invoice_no`, `currency_id`, `conversion_rate`, `pre_tax_total`, `received`, `balance`, `s_h_percent`) VALUES
(10, 'TestSalesOrder', 9, '', 0, NULL, NULL, NULL, NULL, NULL, 0.00000000, 0.000, 0.000, 10.00000000, 12.70000000, 'group', NULL, NULL, 0.00000000, NULL, 6, '- Unless otherwise agreed in writing by the supplier all invoices are payable within thirty (30) days of the date of invoice, in the currency of the invoice, drawn on a bank based in India or by such other method as is agreed in advance by the Supplier.\r\n\r\n - All prices are not inclusive of VAT which shall be payable in addition by the Customer at the applicable rate.', '', '', 'INV1', 1, 1.000, 10.00000000, 0.00000000, 12.70000000, 27);

-- --------------------------------------------------------

--
-- Estructura de tabla para la tabla `vtiger_invoicebillads`
--

CREATE TABLE IF NOT EXISTS `vtiger_invoicebillads` (
  `invoicebilladdressid` int(19) NOT NULL DEFAULT '0',
  `bill_city` varchar(30) DEFAULT NULL,
  `bill_code` varchar(30) DEFAULT NULL,
  `bill_country` varchar(30) DEFAULT NULL,
  `bill_state` varchar(30) DEFAULT NULL,
  `bill_street` varchar(250) DEFAULT NULL,
  `bill_pobox` varchar(30) DEFAULT NULL
) ENGINE=InnoDB DEFAULT CHARSET=latin1;

--
-- Volcado de datos para la tabla `vtiger_invoicebillads`
--

INSERT INTO `vtiger_invoicebillads` (`invoicebilladdressid`, `bill_city`, `bill_code`, `bill_country`, `bill_state`, `bill_street`, `bill_pobox`) VALUES
(10, '', '', '', '', '-', '');

-- --------------------------------------------------------

--
-- Estructura de tabla para la tabla `vtiger_invoicecf`
--

CREATE TABLE IF NOT EXISTS `vtiger_invoicecf` (
  `invoiceid` int(19) NOT NULL DEFAULT '0'
) ENGINE=InnoDB DEFAULT CHARSET=latin1;

--
-- Volcado de datos para la tabla `vtiger_invoicecf`
--

INSERT INTO `vtiger_invoicecf` (`invoiceid`) VALUES
(10);

-- --------------------------------------------------------

--
-- Estructura de tabla para la tabla `vtiger_invoiceshipads`
--

CREATE TABLE IF NOT EXISTS `vtiger_invoiceshipads` (
  `invoiceshipaddressid` int(19) NOT NULL DEFAULT '0',
  `ship_city` varchar(30) DEFAULT NULL,
  `ship_code` varchar(30) DEFAULT NULL,
  `ship_country` varchar(30) DEFAULT NULL,
  `ship_state` varchar(30) DEFAULT NULL,
  `ship_street` varchar(250) DEFAULT NULL,
  `ship_pobox` varchar(30) DEFAULT NULL
) ENGINE=InnoDB DEFAULT CHARSET=latin1;

--
-- Volcado de datos para la tabla `vtiger_invoiceshipads`
--

INSERT INTO `vtiger_invoiceshipads` (`invoiceshipaddressid`, `ship_city`, `ship_code`, `ship_country`, `ship_state`, `ship_street`, `ship_pobox`) VALUES
(10, '', '', '', '', '-', '');

-- --------------------------------------------------------

--
-- Estructura de tabla para la tabla `vtiger_invoicestatus`
--

CREATE TABLE IF NOT EXISTS `vtiger_invoicestatus` (
`invoicestatusid` int(19) NOT NULL,
  `invoicestatus` varchar(200) NOT NULL,
  `presence` int(1) NOT NULL DEFAULT '1',
  `picklist_valueid` int(19) NOT NULL DEFAULT '0',
  `sortorderid` int(11) DEFAULT NULL
) ENGINE=InnoDB AUTO_INCREMENT=8 DEFAULT CHARSET=latin1;

--
-- Volcado de datos para la tabla `vtiger_invoicestatus`
--

INSERT INTO `vtiger_invoicestatus` (`invoicestatusid`, `invoicestatus`, `presence`, `picklist_valueid`, `sortorderid`) VALUES
(1, 'AutoCreated', 0, 92, 0),
(2, 'Created', 0, 93, 1),
(3, 'Approved', 0, 94, 2),
(4, 'Sent', 0, 95, 3),
(5, 'Credit Invoice', 0, 96, 4),
(6, 'Paid', 0, 97, 5),
(7, 'Cancel', 1, 288, 1);

-- --------------------------------------------------------

--
-- Estructura de tabla para la tabla `vtiger_invoicestatushistory`
--

CREATE TABLE IF NOT EXISTS `vtiger_invoicestatushistory` (
`historyid` int(19) NOT NULL,
  `invoiceid` int(19) NOT NULL,
  `accountname` varchar(100) DEFAULT NULL,
  `total` decimal(10,0) DEFAULT NULL,
  `invoicestatus` varchar(200) DEFAULT NULL,
  `lastmodified` datetime DEFAULT NULL
) ENGINE=InnoDB DEFAULT CHARSET=latin1;

-- --------------------------------------------------------

--
-- Estructura de tabla para la tabla `vtiger_invoicestatus_seq`
--

CREATE TABLE IF NOT EXISTS `vtiger_invoicestatus_seq` (
  `id` int(11) NOT NULL
) ENGINE=InnoDB DEFAULT CHARSET=latin1;

--
-- Volcado de datos para la tabla `vtiger_invoicestatus_seq`
--

INSERT INTO `vtiger_invoicestatus_seq` (`id`) VALUES
(7);

-- --------------------------------------------------------

--
-- Estructura de tabla para la tabla `vtiger_invoice_recurring_info`
--

CREATE TABLE IF NOT EXISTS `vtiger_invoice_recurring_info` (
  `salesorderid` int(11) NOT NULL DEFAULT '0',
  `recurring_frequency` varchar(200) DEFAULT NULL,
  `start_period` date DEFAULT NULL,
  `end_period` date DEFAULT NULL,
  `last_recurring_date` date DEFAULT NULL,
  `payment_duration` varchar(200) DEFAULT NULL,
  `invoice_status` varchar(200) DEFAULT NULL
) ENGINE=InnoDB DEFAULT CHARSET=latin1;

-- --------------------------------------------------------

--
-- Estructura de tabla para la tabla `vtiger_language`
--

CREATE TABLE IF NOT EXISTS `vtiger_language` (
`id` int(11) NOT NULL,
  `name` varchar(50) DEFAULT NULL,
  `prefix` varchar(10) DEFAULT NULL,
  `label` varchar(30) DEFAULT NULL,
  `lastupdated` datetime DEFAULT NULL,
  `sequence` int(11) DEFAULT NULL,
  `isdefault` int(1) DEFAULT NULL,
  `active` int(1) DEFAULT NULL
) ENGINE=InnoDB AUTO_INCREMENT=17 DEFAULT CHARSET=latin1;

--
-- Volcado de datos para la tabla `vtiger_language`
--

INSERT INTO `vtiger_language` (`id`, `name`, `prefix`, `label`, `lastupdated`, `sequence`, `isdefault`, `active`) VALUES
(1, 'English', 'en_us', 'US English', '2016-08-24 21:08:18', NULL, 1, 1),
(2, 'Brazilian', 'pt_br', 'PT Brasil', '2016-08-24 21:20:10', NULL, 0, 1),
(3, 'Italian', 'it_it', 'IT Italian', '2016-08-24 21:16:06', NULL, 0, 1),
(4, 'Turkce', 'tr_tr', 'Turkce Dil Paketi', '2016-08-24 21:18:17', NULL, 0, 1),
(5, 'Dutch', 'nl_nl', 'NL-Dutch', '2016-08-24 21:18:17', NULL, 0, 1),
(6, 'Russian', 'ru_ru', 'Russian', '2016-08-24 21:18:56', NULL, 0, 1),
(7, 'Deutsch', 'de_de', 'DE Deutsch', '2016-08-24 21:18:56', NULL, 0, 1),
(8, 'Hungarian', 'hu_hu', 'HU Magyar', '2016-08-24 21:18:56', NULL, 0, 1),
(9, 'Spanish', 'es_es', 'ES Spanish', '2016-08-24 21:18:57', NULL, 0, 1),
(10, 'J?zyk Polski', 'pl_pl', 'J?zyk Polski', '2016-08-24 21:20:10', NULL, 0, 1),
(11, 'Romana', 'ro_ro', 'Romana', '2016-08-24 21:20:10', NULL, 0, 1),
(12, 'Swedish', 'sv_se', 'Swedish', '2016-08-24 21:22:47', NULL, 0, 1),
(13, 'Mexican Spanish', 'es_mx', 'ES Mexico', '2016-08-24 21:19:20', NULL, 0, 1),
(14, 'Arabic', 'ar_ae', 'Arabic', '2016-08-24 21:22:47', NULL, 0, 1),
(15, 'British English', 'en_gb', 'British English', '2016-08-24 21:19:24', NULL, 0, 1),
(16, 'Pack de langue français', 'fr_fr', 'Pack de langue français', '2016-08-24 21:20:10', NULL, 0, 1);

-- --------------------------------------------------------

--
-- Estructura de tabla para la tabla `vtiger_language_seq`
--

CREATE TABLE IF NOT EXISTS `vtiger_language_seq` (
  `id` int(11) NOT NULL
) ENGINE=InnoDB DEFAULT CHARSET=latin1;

--
-- Volcado de datos para la tabla `vtiger_language_seq`
--

INSERT INTO `vtiger_language_seq` (`id`) VALUES
(16);

-- --------------------------------------------------------

--
-- Estructura de tabla para la tabla `vtiger_leadaddress`
--

CREATE TABLE IF NOT EXISTS `vtiger_leadaddress` (
  `leadaddressid` int(19) NOT NULL DEFAULT '0',
  `city` varchar(30) DEFAULT NULL,
  `code` varchar(30) DEFAULT NULL,
  `state` varchar(30) DEFAULT NULL,
  `pobox` varchar(30) DEFAULT NULL,
  `country` varchar(30) DEFAULT NULL,
  `phone` varchar(50) DEFAULT NULL,
  `mobile` varchar(50) DEFAULT NULL,
  `fax` varchar(50) DEFAULT NULL,
  `lane` varchar(250) DEFAULT NULL,
  `leadaddresstype` varchar(30) DEFAULT 'Billing'
) ENGINE=InnoDB DEFAULT CHARSET=latin1;

-- --------------------------------------------------------

--
-- Estructura de tabla para la tabla `vtiger_leaddetails`
--

CREATE TABLE IF NOT EXISTS `vtiger_leaddetails` (
  `leadid` int(19) NOT NULL,
  `lead_no` varchar(100) NOT NULL,
  `email` varchar(100) DEFAULT NULL,
  `interest` varchar(50) DEFAULT NULL,
  `firstname` varchar(40) DEFAULT NULL,
  `salutation` varchar(200) DEFAULT NULL,
  `lastname` varchar(80) NOT NULL,
  `company` varchar(100) NOT NULL,
  `annualrevenue` decimal(25,8) DEFAULT NULL,
  `industry` varchar(200) DEFAULT NULL,
  `campaign` varchar(30) DEFAULT NULL,
  `rating` varchar(200) DEFAULT NULL,
  `leadstatus` varchar(50) DEFAULT NULL,
  `leadsource` varchar(200) DEFAULT NULL,
  `converted` int(1) DEFAULT '0',
  `designation` varchar(50) DEFAULT 'SalesMan',
  `licencekeystatus` varchar(50) DEFAULT NULL,
  `space` varchar(250) DEFAULT NULL,
  `comments` text,
  `priority` varchar(50) DEFAULT NULL,
  `demorequest` varchar(50) DEFAULT NULL,
  `partnercontact` varchar(50) DEFAULT NULL,
  `productversion` varchar(20) DEFAULT NULL,
  `product` varchar(50) DEFAULT NULL,
  `maildate` date DEFAULT NULL,
  `nextstepdate` date DEFAULT NULL,
  `fundingsituation` varchar(50) DEFAULT NULL,
  `purpose` varchar(50) DEFAULT NULL,
  `evaluationstatus` varchar(50) DEFAULT NULL,
  `transferdate` date DEFAULT NULL,
  `revenuetype` varchar(50) DEFAULT NULL,
  `noofemployees` int(50) DEFAULT NULL,
  `secondaryemail` varchar(100) DEFAULT NULL,
  `assignleadchk` int(1) DEFAULT '0',
  `emailoptout` varchar(3) DEFAULT NULL
) ENGINE=InnoDB DEFAULT CHARSET=latin1;

-- --------------------------------------------------------

--
-- Estructura de tabla para la tabla `vtiger_leadscf`
--

CREATE TABLE IF NOT EXISTS `vtiger_leadscf` (
  `leadid` int(19) NOT NULL DEFAULT '0'
) ENGINE=InnoDB DEFAULT CHARSET=latin1;

-- --------------------------------------------------------

--
-- Estructura de tabla para la tabla `vtiger_leadsource`
--

CREATE TABLE IF NOT EXISTS `vtiger_leadsource` (
`leadsourceid` int(19) NOT NULL,
  `leadsource` varchar(200) NOT NULL,
  `presence` int(1) NOT NULL DEFAULT '1',
  `picklist_valueid` int(19) NOT NULL DEFAULT '0',
  `sortorderid` int(11) DEFAULT NULL
) ENGINE=InnoDB AUTO_INCREMENT=14 DEFAULT CHARSET=latin1;

--
-- Volcado de datos para la tabla `vtiger_leadsource`
--

INSERT INTO `vtiger_leadsource` (`leadsourceid`, `leadsource`, `presence`, `picklist_valueid`, `sortorderid`) VALUES
(2, 'Cold Call', 1, 99, 1),
(3, 'Existing Customer', 1, 100, 2),
(4, 'Self Generated', 1, 101, 3),
(5, 'Employee', 1, 102, 4),
(6, 'Partner', 1, 103, 5),
(7, 'Public Relations', 1, 104, 6),
(8, 'Direct Mail', 1, 105, 7),
(9, 'Conference', 1, 106, 8),
(10, 'Trade Show', 1, 107, 9),
(11, 'Web Site', 1, 108, 10),
(12, 'Word of mouth', 1, 109, 11),
(13, 'Other', 1, 110, 12);

-- --------------------------------------------------------

--
-- Estructura de tabla para la tabla `vtiger_leadsource_seq`
--

CREATE TABLE IF NOT EXISTS `vtiger_leadsource_seq` (
  `id` int(11) NOT NULL
) ENGINE=InnoDB DEFAULT CHARSET=latin1;

--
-- Volcado de datos para la tabla `vtiger_leadsource_seq`
--

INSERT INTO `vtiger_leadsource_seq` (`id`) VALUES
(13);

-- --------------------------------------------------------

--
-- Estructura de tabla para la tabla `vtiger_leadstage`
--

CREATE TABLE IF NOT EXISTS `vtiger_leadstage` (
`leadstageid` int(19) NOT NULL,
  `stage` varchar(200) NOT NULL,
  `sortorderid` int(19) NOT NULL DEFAULT '0',
  `presence` int(1) NOT NULL DEFAULT '1'
) ENGINE=InnoDB DEFAULT CHARSET=latin1;

-- --------------------------------------------------------

--
-- Estructura de tabla para la tabla `vtiger_leadstatus`
--

CREATE TABLE IF NOT EXISTS `vtiger_leadstatus` (
`leadstatusid` int(19) NOT NULL,
  `leadstatus` varchar(200) NOT NULL,
  `presence` int(1) NOT NULL DEFAULT '1',
  `picklist_valueid` int(19) NOT NULL DEFAULT '0',
  `sortorderid` int(11) DEFAULT NULL
) ENGINE=InnoDB AUTO_INCREMENT=13 DEFAULT CHARSET=latin1;

--
-- Volcado de datos para la tabla `vtiger_leadstatus`
--

INSERT INTO `vtiger_leadstatus` (`leadstatusid`, `leadstatus`, `presence`, `picklist_valueid`, `sortorderid`) VALUES
(2, 'Attempted to Contact', 1, 112, 1),
(3, 'Cold', 1, 113, 2),
(4, 'Contact in Future', 1, 114, 3),
(5, 'Contacted', 1, 115, 4),
(6, 'Hot', 1, 116, 5),
(7, 'Junk Lead', 1, 117, 6),
(8, 'Lost Lead', 1, 118, 7),
(9, 'Not Contacted', 1, 119, 8),
(10, 'Pre Qualified', 1, 120, 9),
(11, 'Qualified', 1, 121, 10),
(12, 'Warm', 1, 122, 11);

-- --------------------------------------------------------

--
-- Estructura de tabla para la tabla `vtiger_leadstatus_seq`
--

CREATE TABLE IF NOT EXISTS `vtiger_leadstatus_seq` (
  `id` int(11) NOT NULL
) ENGINE=InnoDB DEFAULT CHARSET=latin1;

--
-- Volcado de datos para la tabla `vtiger_leadstatus_seq`
--

INSERT INTO `vtiger_leadstatus_seq` (`id`) VALUES
(12);

-- --------------------------------------------------------

--
-- Estructura de tabla para la tabla `vtiger_leadsubdetails`
--

CREATE TABLE IF NOT EXISTS `vtiger_leadsubdetails` (
  `leadsubscriptionid` int(19) NOT NULL DEFAULT '0',
  `website` varchar(255) DEFAULT NULL,
  `callornot` int(1) DEFAULT '0',
  `readornot` int(1) DEFAULT '0',
  `empct` int(10) DEFAULT '0'
) ENGINE=InnoDB DEFAULT CHARSET=latin1;

-- --------------------------------------------------------

--
-- Estructura de tabla para la tabla `vtiger_lead_view`
--

CREATE TABLE IF NOT EXISTS `vtiger_lead_view` (
`lead_viewid` int(19) NOT NULL,
  `lead_view` varchar(200) NOT NULL,
  `sortorderid` int(19) NOT NULL DEFAULT '0',
  `presence` int(1) NOT NULL DEFAULT '1'
) ENGINE=InnoDB AUTO_INCREMENT=4 DEFAULT CHARSET=latin1;

--
-- Volcado de datos para la tabla `vtiger_lead_view`
--

INSERT INTO `vtiger_lead_view` (`lead_viewid`, `lead_view`, `sortorderid`, `presence`) VALUES
(1, 'Today', 0, 1),
(2, 'Last 2 Days', 1, 1),
(3, 'Last Week', 2, 1);

-- --------------------------------------------------------

--
-- Estructura de tabla para la tabla `vtiger_lead_view_seq`
--

CREATE TABLE IF NOT EXISTS `vtiger_lead_view_seq` (
  `id` int(11) NOT NULL
) ENGINE=InnoDB DEFAULT CHARSET=latin1;

--
-- Volcado de datos para la tabla `vtiger_lead_view_seq`
--

INSERT INTO `vtiger_lead_view_seq` (`id`) VALUES
(3);

-- --------------------------------------------------------

--
-- Estructura de tabla para la tabla `vtiger_links`
--

CREATE TABLE IF NOT EXISTS `vtiger_links` (
  `linkid` int(11) NOT NULL,
  `tabid` int(11) DEFAULT NULL,
  `linktype` varchar(50) DEFAULT NULL,
  `linklabel` varchar(50) DEFAULT NULL,
  `linkurl` varchar(255) DEFAULT NULL,
  `linkicon` varchar(100) DEFAULT NULL,
  `sequence` int(11) DEFAULT NULL,
  `handler_path` varchar(128) DEFAULT NULL,
  `handler_class` varchar(50) DEFAULT NULL,
  `handler` varchar(50) DEFAULT NULL
) ENGINE=InnoDB DEFAULT CHARSET=latin1;

--
-- Volcado de datos para la tabla `vtiger_links`
--

INSERT INTO `vtiger_links` (`linkid`, `tabid`, `linktype`, `linklabel`, `linkurl`, `linkicon`, `sequence`, `handler_path`, `handler_class`, `handler`) VALUES
(1, 6, 'DETAILVIEWBASIC', 'LBL_ADD_NOTE', 'index.php?module=Documents&action=EditView&return_module=$MODULE$&return_action=DetailView&return_id=$RECORD$&parent_id=$RECORD$', 'themes/images/bookMark.gif', 0, 'modules/Documents/Documents.php', 'Documents', 'isLinkPermitted'),
(2, 6, 'DETAILVIEWBASIC', 'LBL_SHOW_ACCOUNT_HIERARCHY', 'index.php?module=Accounts&action=AccountHierarchy&accountid=$RECORD$', '', 0, NULL, NULL, NULL),
(3, 7, 'DETAILVIEWBASIC', 'LBL_ADD_NOTE', 'index.php?module=Documents&action=EditView&return_module=$MODULE$&return_action=DetailView&return_id=$RECORD$&parent_id=$RECORD$', 'themes/images/bookMark.gif', 0, 'modules/Documents/Documents.php', 'Documents', 'isLinkPermitted'),
(4, 4, 'DETAILVIEWBASIC', 'LBL_ADD_NOTE', 'index.php?module=Documents&action=EditView&return_module=$MODULE$&return_action=DetailView&return_id=$RECORD$&parent_id=$RECORD$', 'themes/images/bookMark.gif', 0, 'modules/Documents/Documents.php', 'Documents', 'isLinkPermitted'),
(5, 0, 'HEADERSCRIPT', 'Incoming Calls', 'modules/PBXManager/resources/PBXManagerJS.js', '', 0, 'modules/PBXManager/PBXManager.php', 'PBXManager', 'checkLinkPermission'),
(9, 45, 'HEADERSCRIPT', 'ModCommentsCommonHeaderScript', 'modules/ModComments/ModCommentsCommon.js', '', 0, NULL, NULL, NULL),
(10, 7, 'DETAILVIEWWIDGET', 'DetailViewBlockCommentWidget', 'block://ModComments:modules/ModComments/ModComments.php', '', 0, NULL, NULL, NULL),
(11, 4, 'DETAILVIEWWIDGET', 'DetailViewBlockCommentWidget', 'block://ModComments:modules/ModComments/ModComments.php', '', 0, NULL, NULL, NULL),
(12, 6, 'DETAILVIEWWIDGET', 'DetailViewBlockCommentWidget', 'block://ModComments:modules/ModComments/ModComments.php', '', 0, NULL, NULL, NULL),
(13, 2, 'DETAILVIEWWIDGET', 'DetailViewBlockCommentWidget', 'block://ModComments:modules/ModComments/ModComments.php', '', 0, NULL, NULL, NULL),
(16, 4, 'DETAILVIEWSIDEBARWIDGET', 'Google Map', 'module=Google&view=Map&mode=showMap&viewtype=detail', '', 0, NULL, NULL, NULL),
(17, 7, 'DETAILVIEWSIDEBARWIDGET', 'Google Map', 'module=Google&view=Map&mode=showMap&viewtype=detail', '', 0, NULL, NULL, NULL),
(18, 6, 'DETAILVIEWSIDEBARWIDGET', 'Google Map', 'module=Google&view=Map&mode=showMap&viewtype=detail', '', 0, NULL, NULL, NULL),
(19, 4, 'LISTVIEWSIDEBARWIDGET', 'Google Contacts', 'module=Google&view=List&sourcemodule=Contacts', '', 0, NULL, NULL, NULL),
(20, 9, 'LISTVIEWSIDEBARWIDGET', 'Google Calendar', 'module=Google&view=List&sourcemodule=Calendar', '', 0, NULL, NULL, NULL),
(21, 48, 'DETAILVIEWBASIC', 'LBL_CHECK_STATUS', 'javascript:SMSNotifier.checkstatus($RECORD$)', 'themes/images/reload.gif', 0, NULL, NULL, NULL),
(23, 48, 'HEADERSCRIPT', 'SMSNotifierCommonJS', 'modules/SMSNotifier/SMSNotifierCommon.js', '', 0, NULL, NULL, NULL),
(24, 7, 'LISTVIEWBASIC', 'Send SMS', 'SMSNotifierCommon.displaySelectWizard(this, ''$MODULE$'');', '', 0, NULL, NULL, NULL),
(25, 7, 'DETAILVIEWBASIC', 'Send SMS', 'javascript:SMSNotifierCommon.displaySelectWizard_DetailView(''$MODULE$'', ''$RECORD$'');', '', 0, NULL, NULL, NULL),
(26, 4, 'LISTVIEWBASIC', 'Send SMS', 'SMSNotifierCommon.displaySelectWizard(this, ''$MODULE$'');', '', 0, NULL, NULL, NULL),
(27, 4, 'DETAILVIEWBASIC', 'Send SMS', 'javascript:SMSNotifierCommon.displaySelectWizard_DetailView(''$MODULE$'', ''$RECORD$'');', '', 0, NULL, NULL, NULL),
(28, 6, 'LISTVIEWBASIC', 'Send SMS', 'SMSNotifierCommon.displaySelectWizard(this, ''$MODULE$'');', '', 0, NULL, NULL, NULL),
(29, 6, 'DETAILVIEWBASIC', 'Send SMS', 'javascript:SMSNotifierCommon.displaySelectWizard_DetailView(''$MODULE$'', ''$RECORD$'');', '', 0, NULL, NULL, NULL),
(30, 39, 'DETAILVIEWBASIC', 'Add Note', 'index.php?module=Documents&action=EditView&return_module=ProjectTask&return_action=DetailView&return_id=$RECORD$&parent_id=$RECORD$', '', 0, 'modules/Documents/Documents.php', 'Documents', 'isLinkPermitted'),
(31, 39, 'DETAILVIEWWIDGET', 'DetailViewBlockCommentWidget', 'block://ModComments:modules/ModComments/ModComments.php', '', 0, NULL, NULL, NULL),
(32, 40, 'DETAILVIEWBASIC', 'Add Project Task', 'index.php?module=ProjectTask&action=EditView&projectid=$RECORD$&return_module=Project&return_action=DetailView&return_id=$RECORD$', '', 0, 'modules/ProjectTask/ProjectTask.php', 'ProjectTask', 'isLinkPermitted'),
(33, 40, 'DETAILVIEWBASIC', 'Add Note', 'index.php?module=Documents&action=EditView&return_module=Project&return_action=DetailView&return_id=$RECORD$&parent_id=$RECORD$', '', 1, 'modules/Documents/Documents.php', 'Documents', 'isLinkPermitted'),
(34, 40, 'DETAILVIEWWIDGET', 'DetailViewBlockCommentWidget', 'block://ModComments:modules/ModComments/ModComments.php', '', 0, NULL, NULL, NULL),
(35, 2, 'DASHBOARDWIDGET', 'History', 'index.php?module=Potentials&view=ShowWidget&name=History', '', 1, NULL, NULL, NULL),
(36, 2, 'DASHBOARDWIDGET', 'Upcoming Activities', 'index.php?module=Potentials&view=ShowWidget&name=CalendarActivities', '', 2, NULL, NULL, NULL),
(37, 2, 'DASHBOARDWIDGET', 'Funnel', 'index.php?module=Potentials&view=ShowWidget&name=GroupedBySalesStage', '', 3, NULL, NULL, NULL),
(38, 2, 'DASHBOARDWIDGET', 'Potentials by Stage', 'index.php?module=Potentials&view=ShowWidget&name=GroupedBySalesPerson', '', 4, NULL, NULL, NULL),
(39, 2, 'DASHBOARDWIDGET', 'Pipelined Amount', 'index.php?module=Potentials&view=ShowWidget&name=PipelinedAmountPerSalesPerson', '', 5, NULL, NULL, NULL),
(40, 2, 'DASHBOARDWIDGET', 'Total Revenue', 'index.php?module=Potentials&view=ShowWidget&name=TotalRevenuePerSalesPerson', '', 6, NULL, NULL, NULL),
(41, 2, 'DASHBOARDWIDGET', 'Top Potentials', 'index.php?module=Potentials&view=ShowWidget&name=TopPotentials', '', 7, NULL, NULL, NULL),
(42, 2, 'DASHBOARDWIDGET', 'Overdue Activities', 'index.php?module=Potentials&view=ShowWidget&name=OverdueActivities', '', 9, NULL, NULL, NULL),
(43, 6, 'DASHBOARDWIDGET', 'History', 'index.php?module=Accounts&view=ShowWidget&name=History', '', 1, NULL, NULL, NULL),
(44, 6, 'DASHBOARDWIDGET', 'Upcoming Activities', 'index.php?module=Accounts&view=ShowWidget&name=CalendarActivities', '', 2, NULL, NULL, NULL),
(45, 6, 'DASHBOARDWIDGET', 'Overdue Activities', 'index.php?module=Accounts&view=ShowWidget&name=OverdueActivities', '', 3, NULL, NULL, NULL),
(46, 4, 'DASHBOARDWIDGET', 'History', 'index.php?module=Contacts&view=ShowWidget&name=History', '', 1, NULL, NULL, NULL),
(47, 4, 'DASHBOARDWIDGET', 'Upcoming Activities', 'index.php?module=Contacts&view=ShowWidget&name=CalendarActivities', '', 2, NULL, NULL, NULL),
(48, 4, 'DASHBOARDWIDGET', 'Overdue Activities', 'index.php?module=Contacts&view=ShowWidget&name=OverdueActivities', '', 3, NULL, NULL, NULL),
(49, 7, 'DASHBOARDWIDGET', 'History', 'index.php?module=Leads&view=ShowWidget&name=History', '', 1, NULL, NULL, NULL),
(50, 7, 'DASHBOARDWIDGET', 'Upcoming Activities', 'index.php?module=Leads&view=ShowWidget&name=CalendarActivities', '', 2, NULL, NULL, NULL),
(51, 7, 'DASHBOARDWIDGET', 'Leads by Status', 'index.php?module=Leads&view=ShowWidget&name=LeadsByStatus', '', 4, NULL, NULL, NULL),
(52, 7, 'DASHBOARDWIDGET', 'Leads by Source', 'index.php?module=Leads&view=ShowWidget&name=LeadsBySource', '', 5, NULL, NULL, NULL),
(53, 7, 'DASHBOARDWIDGET', 'Leads by Industry', 'index.php?module=Leads&view=ShowWidget&name=LeadsByIndustry', '', 6, NULL, NULL, NULL),
(54, 7, 'DASHBOARDWIDGET', 'Overdue Activities', 'index.php?module=Leads&view=ShowWidget&name=OverdueActivities', '', 7, NULL, NULL, NULL),
(55, 13, 'DASHBOARDWIDGET', 'Tickets by Status', 'index.php?module=HelpDesk&view=ShowWidget&name=TicketsByStatus', '', 1, NULL, NULL, NULL),
(56, 13, 'DASHBOARDWIDGET', 'Open Tickets', 'index.php?module=HelpDesk&view=ShowWidget&name=OpenTickets', '', 2, NULL, NULL, NULL),
(57, 3, 'DASHBOARDWIDGET', 'History', 'index.php?module=Home&view=ShowWidget&name=History', '', 1, NULL, NULL, NULL),
(58, 3, 'DASHBOARDWIDGET', 'Upcoming Activities', 'index.php?module=Home&view=ShowWidget&name=CalendarActivities', '', 2, NULL, NULL, NULL),
(59, 3, 'DASHBOARDWIDGET', 'Funnel', 'index.php?module=Potentials&view=ShowWidget&name=GroupedBySalesStage', '', 3, NULL, NULL, NULL),
(60, 3, 'DASHBOARDWIDGET', 'Potentials by Stage', 'index.php?module=Potentials&view=ShowWidget&name=GroupedBySalesPerson', '', 4, NULL, NULL, NULL),
(61, 3, 'DASHBOARDWIDGET', 'Pipelined Amount', 'index.php?module=Potentials&view=ShowWidget&name=PipelinedAmountPerSalesPerson', '', 5, NULL, NULL, NULL),
(62, 3, 'DASHBOARDWIDGET', 'Total Revenue', 'index.php?module=Potentials&view=ShowWidget&name=TotalRevenuePerSalesPerson', '', 6, NULL, NULL, NULL),
(63, 3, 'DASHBOARDWIDGET', 'Top Potentials', 'index.php?module=Potentials&view=ShowWidget&name=TopPotentials', '', 7, NULL, NULL, NULL),
(64, 3, 'DASHBOARDWIDGET', 'Leads by Status', 'index.php?module=Leads&view=ShowWidget&name=LeadsByStatus', '', 10, NULL, NULL, NULL),
(65, 3, 'DASHBOARDWIDGET', 'Leads by Source', 'index.php?module=Leads&view=ShowWidget&name=LeadsBySource', '', 11, NULL, NULL, NULL),
(66, 3, 'DASHBOARDWIDGET', 'Leads by Industry', 'index.php?module=Leads&view=ShowWidget&name=LeadsByIndustry', '', 12, NULL, NULL, NULL),
(67, 3, 'DASHBOARDWIDGET', 'Overdue Activities', 'index.php?module=Home&view=ShowWidget&name=OverdueActivities', '', 13, NULL, NULL, NULL),
(68, 3, 'DASHBOARDWIDGET', 'Tickets by Status', 'index.php?module=HelpDesk&view=ShowWidget&name=TicketsByStatus', '', 13, NULL, NULL, NULL),
(69, 3, 'DASHBOARDWIDGET', 'Open Tickets', 'index.php?module=HelpDesk&view=ShowWidget&name=OpenTickets', '', 14, NULL, NULL, NULL),
(70, 13, 'DETAILVIEWWIDGET', 'DetailViewBlockCommentWidget', 'block://ModComments:modules/ModComments/ModComments.php', '', 0, NULL, NULL, NULL),
(71, 15, 'DETAILVIEWWIDGET', 'DetailViewBlockCommentWidget', 'block://ModComments:modules/ModComments/ModComments.php', '', 0, NULL, NULL, NULL),
(100, 3, 'DASHBOARDWIDGET', 'Key Metrics', 'index.php?module=Home&view=ShowWidget&name=KeyMetrics', '', 0, NULL, NULL, NULL),
(101, 3, 'DASHBOARDWIDGET', 'Mini List', 'index.php?module=Home&view=ShowWidget&name=MiniList', '', 0, NULL, NULL, NULL),
(102, 3, 'DASHBOARDWIDGET', 'Tag Cloud', 'index.php?module=Home&view=ShowWidget&name=TagCloud', '', 0, NULL, NULL, NULL),
(103, 2, 'DASHBOARDWIDGET', 'Funnel Amount', 'index.php?module=Potentials&view=ShowWidget&name=FunnelAmount', '', 10, NULL, NULL, NULL),
(104, 3, 'DASHBOARDWIDGET', 'Funnel Amount', 'index.php?module=Potentials&view=ShowWidget&name=FunnelAmount', '', 10, NULL, NULL, NULL),
(105, 3, 'DASHBOARDWIDGET', 'Notebook', 'index.php?module=Home&view=ShowWidget&name=Notebook', '', 0, NULL, NULL, NULL),
(106, 49, 'HEADERSCRIPT', 'ExtensionStoreCommonHeaderScript', 'modules/ExtensionStore/ExtensionStore.js', '', 0, NULL, NULL, NULL),
(107, 22, 'DETAILVIEWWIDGET', 'DetailViewBlockCommentWidget', 'block://ModComments:modules/ModComments/ModComments.php', '', 0, NULL, NULL, NULL);

-- --------------------------------------------------------

--
-- Estructura de tabla para la tabla `vtiger_links_seq`
--

CREATE TABLE IF NOT EXISTS `vtiger_links_seq` (
  `id` int(11) NOT NULL
) ENGINE=InnoDB DEFAULT CHARSET=latin1;

--
-- Volcado de datos para la tabla `vtiger_links_seq`
--

INSERT INTO `vtiger_links_seq` (`id`) VALUES
(107);

-- --------------------------------------------------------

--
-- Estructura de tabla para la tabla `vtiger_loginhistory`
--

CREATE TABLE IF NOT EXISTS `vtiger_loginhistory` (
`login_id` int(11) NOT NULL,
  `user_name` varchar(255) DEFAULT NULL,
  `user_ip` varchar(25) NOT NULL,
  `logout_time` timestamp NOT NULL DEFAULT CURRENT_TIMESTAMP ON UPDATE CURRENT_TIMESTAMP,
  `login_time` timestamp NOT NULL DEFAULT '0000-00-00 00:00:00',
  `status` varchar(25) DEFAULT NULL
) ENGINE=InnoDB AUTO_INCREMENT=14 DEFAULT CHARSET=latin1;

--
-- Volcado de datos para la tabla `vtiger_loginhistory`
--

INSERT INTO `vtiger_loginhistory` (`login_id`, `user_name`, `user_ip`, `logout_time`, `login_time`, `status`) VALUES
(1, 'admin', '192.168.0.16', '2016-08-25 02:51:45', '2016-08-25 01:23:23', 'Signed off'),
(2, 'admin', '192.168.0.16', '2016-08-25 02:54:21', '2016-08-25 02:52:11', 'Signed off'),
(3, 'admin', '192.168.0.16', '0000-00-00 00:00:00', '2016-08-25 02:56:09', 'Signed in'),
(4, 'admin', '181.143.224.26', '0000-00-00 00:00:00', '2016-08-31 20:59:37', 'Signed in'),
(5, 'admin', '::1', '0000-00-00 00:00:00', '2016-09-08 00:45:44', 'Signed in'),
(6, 'admin', '::1', '2016-09-12 21:36:42', '2016-09-09 02:50:25', 'Signed off'),
(7, 'admin', '::1', '0000-00-00 00:00:00', '2016-09-12 21:39:56', 'Signed in'),
(8, 'admin', '::1', '2016-10-01 18:42:51', '2016-10-01 17:09:13', 'Signed off'),
(9, 'test1', '::1', '0000-00-00 00:00:00', '2016-10-01 18:39:09', 'Signed in'),
(10, 'admin', '::1', '2016-10-01 18:49:51', '2016-10-01 18:46:23', 'Signed off'),
(11, 'test1', '::1', '0000-00-00 00:00:00', '2016-10-01 18:48:57', 'Signed in'),
(12, 'admin', '::1', '2016-10-01 19:01:19', '2016-10-01 18:50:02', 'Signed off'),
(13, 'test1', '::1', '0000-00-00 00:00:00', '2016-10-01 19:01:24', 'Signed in');

-- --------------------------------------------------------

--
-- Estructura de tabla para la tabla `vtiger_mailer_queue`
--

CREATE TABLE IF NOT EXISTS `vtiger_mailer_queue` (
  `id` int(11) NOT NULL,
  `fromname` varchar(100) DEFAULT NULL,
  `fromemail` varchar(100) DEFAULT NULL,
  `mailer` varchar(10) DEFAULT NULL,
  `content_type` varchar(15) DEFAULT NULL,
  `subject` varchar(999) DEFAULT NULL,
  `body` text,
  `relcrmid` int(11) DEFAULT NULL,
  `failed` int(1) NOT NULL DEFAULT '0',
  `failreason` varchar(255) DEFAULT NULL
) ENGINE=InnoDB DEFAULT CHARSET=utf8;

-- --------------------------------------------------------

--
-- Estructura de tabla para la tabla `vtiger_mailer_queueattachments`
--

CREATE TABLE IF NOT EXISTS `vtiger_mailer_queueattachments` (
  `id` int(11) DEFAULT NULL,
  `path` text,
  `name` varchar(100) DEFAULT NULL,
  `encoding` varchar(50) DEFAULT NULL,
  `type` varchar(100) DEFAULT NULL
) ENGINE=InnoDB DEFAULT CHARSET=utf8;

-- --------------------------------------------------------

--
-- Estructura de tabla para la tabla `vtiger_mailer_queueinfo`
--

CREATE TABLE IF NOT EXISTS `vtiger_mailer_queueinfo` (
  `id` int(11) DEFAULT NULL,
  `name` varchar(100) DEFAULT NULL,
  `email` varchar(100) DEFAULT NULL,
  `type` varchar(7) DEFAULT NULL
) ENGINE=InnoDB DEFAULT CHARSET=utf8;

-- --------------------------------------------------------

--
-- Estructura de tabla para la tabla `vtiger_mailmanager_mailattachments`
--

CREATE TABLE IF NOT EXISTS `vtiger_mailmanager_mailattachments` (
  `userid` int(11) DEFAULT NULL,
  `muid` int(11) DEFAULT NULL,
  `aname` varchar(100) DEFAULT NULL,
  `lastsavedtime` int(11) DEFAULT NULL,
  `attachid` int(19) NOT NULL,
  `path` varchar(200) NOT NULL,
  `cid` varchar(50) DEFAULT NULL
) ENGINE=InnoDB DEFAULT CHARSET=utf8;

-- --------------------------------------------------------

--
-- Estructura de tabla para la tabla `vtiger_mailmanager_mailrecord`
--

CREATE TABLE IF NOT EXISTS `vtiger_mailmanager_mailrecord` (
  `userid` int(11) DEFAULT NULL,
  `mfrom` varchar(255) DEFAULT NULL,
  `mto` varchar(255) DEFAULT NULL,
  `mcc` varchar(500) DEFAULT NULL,
  `mbcc` varchar(500) DEFAULT NULL,
  `mdate` varchar(20) DEFAULT NULL,
  `msubject` varchar(500) DEFAULT NULL,
  `mbody` text,
  `mcharset` varchar(10) DEFAULT NULL,
  `misbodyhtml` int(1) DEFAULT NULL,
  `mplainmessage` int(1) DEFAULT NULL,
  `mhtmlmessage` int(1) DEFAULT NULL,
  `muniqueid` varchar(500) DEFAULT NULL,
  `mbodyparsed` int(1) DEFAULT NULL,
  `muid` int(11) DEFAULT NULL,
  `lastsavedtime` int(11) DEFAULT NULL
) ENGINE=InnoDB DEFAULT CHARSET=utf8;

-- --------------------------------------------------------

--
-- Estructura de tabla para la tabla `vtiger_mailmanager_mailrel`
--

CREATE TABLE IF NOT EXISTS `vtiger_mailmanager_mailrel` (
  `mailuid` varchar(999) DEFAULT NULL,
  `crmid` int(11) DEFAULT NULL,
  `emailid` int(11) DEFAULT NULL
) ENGINE=InnoDB DEFAULT CHARSET=utf8;

-- --------------------------------------------------------

--
-- Estructura de tabla para la tabla `vtiger_mailscanner`
--

CREATE TABLE IF NOT EXISTS `vtiger_mailscanner` (
`scannerid` int(11) NOT NULL,
  `scannername` varchar(30) DEFAULT NULL,
  `server` varchar(100) DEFAULT NULL,
  `protocol` varchar(10) DEFAULT NULL,
  `username` varchar(255) DEFAULT NULL,
  `password` varchar(255) DEFAULT NULL,
  `ssltype` varchar(10) DEFAULT NULL,
  `sslmethod` varchar(30) DEFAULT NULL,
  `connecturl` varchar(255) DEFAULT NULL,
  `searchfor` varchar(10) DEFAULT NULL,
  `markas` varchar(10) DEFAULT NULL,
  `isvalid` int(1) DEFAULT NULL,
  `time_zone` varchar(10) DEFAULT NULL
) ENGINE=InnoDB DEFAULT CHARSET=latin1;

-- --------------------------------------------------------

--
-- Estructura de tabla para la tabla `vtiger_mailscanner_actions`
--

CREATE TABLE IF NOT EXISTS `vtiger_mailscanner_actions` (
`actionid` int(11) NOT NULL,
  `scannerid` int(11) DEFAULT NULL,
  `actiontype` varchar(10) DEFAULT NULL,
  `module` varchar(30) DEFAULT NULL,
  `lookup` varchar(30) DEFAULT NULL,
  `sequence` int(11) DEFAULT NULL
) ENGINE=InnoDB DEFAULT CHARSET=latin1;

-- --------------------------------------------------------

--
-- Estructura de tabla para la tabla `vtiger_mailscanner_folders`
--

CREATE TABLE IF NOT EXISTS `vtiger_mailscanner_folders` (
`folderid` int(11) NOT NULL,
  `scannerid` int(11) DEFAULT NULL,
  `foldername` varchar(255) DEFAULT NULL,
  `lastscan` varchar(30) DEFAULT NULL,
  `rescan` int(1) DEFAULT NULL,
  `enabled` int(1) DEFAULT NULL
) ENGINE=InnoDB DEFAULT CHARSET=latin1;

-- --------------------------------------------------------

--
-- Estructura de tabla para la tabla `vtiger_mailscanner_ids`
--

CREATE TABLE IF NOT EXISTS `vtiger_mailscanner_ids` (
  `scannerid` int(11) DEFAULT NULL,
  `messageid` varchar(512) DEFAULT NULL,
  `crmid` int(11) DEFAULT NULL
) ENGINE=InnoDB DEFAULT CHARSET=latin1;

-- --------------------------------------------------------

--
-- Estructura de tabla para la tabla `vtiger_mailscanner_ruleactions`
--

CREATE TABLE IF NOT EXISTS `vtiger_mailscanner_ruleactions` (
  `ruleid` int(11) DEFAULT NULL,
  `actionid` int(11) DEFAULT NULL
) ENGINE=InnoDB DEFAULT CHARSET=latin1;

-- --------------------------------------------------------

--
-- Estructura de tabla para la tabla `vtiger_mailscanner_rules`
--

CREATE TABLE IF NOT EXISTS `vtiger_mailscanner_rules` (
`ruleid` int(11) NOT NULL,
  `scannerid` int(11) DEFAULT NULL,
  `fromaddress` varchar(255) DEFAULT NULL,
  `toaddress` varchar(255) DEFAULT NULL,
  `subjectop` varchar(20) DEFAULT NULL,
  `subject` varchar(255) DEFAULT NULL,
  `bodyop` varchar(20) DEFAULT NULL,
  `body` varchar(255) DEFAULT NULL,
  `matchusing` varchar(5) DEFAULT NULL,
  `sequence` int(11) DEFAULT NULL,
  `assigned_to` int(10) DEFAULT NULL,
  `cc` varchar(255) DEFAULT NULL,
  `bcc` varchar(255) DEFAULT NULL
) ENGINE=InnoDB DEFAULT CHARSET=latin1;

-- --------------------------------------------------------

--
-- Estructura de tabla para la tabla `vtiger_mail_accounts`
--

CREATE TABLE IF NOT EXISTS `vtiger_mail_accounts` (
  `account_id` int(11) NOT NULL,
  `user_id` int(11) NOT NULL,
  `display_name` varchar(50) DEFAULT NULL,
  `mail_id` varchar(50) DEFAULT NULL,
  `account_name` varchar(50) DEFAULT NULL,
  `mail_protocol` varchar(20) DEFAULT NULL,
  `mail_username` varchar(50) NOT NULL,
  `mail_password` varchar(250) NOT NULL,
  `mail_servername` varchar(50) DEFAULT NULL,
  `box_refresh` int(10) DEFAULT NULL,
  `mails_per_page` int(10) DEFAULT NULL,
  `ssltype` varchar(50) DEFAULT NULL,
  `sslmeth` varchar(50) DEFAULT NULL,
  `int_mailer` int(1) DEFAULT '0',
  `status` varchar(10) DEFAULT NULL,
  `set_default` int(2) DEFAULT NULL,
  `sent_folder` varchar(50) DEFAULT NULL
) ENGINE=InnoDB DEFAULT CHARSET=latin1;

-- --------------------------------------------------------

--
-- Estructura de tabla para la tabla `vtiger_manufacturer`
--

CREATE TABLE IF NOT EXISTS `vtiger_manufacturer` (
`manufacturerid` int(19) NOT NULL,
  `manufacturer` varchar(200) NOT NULL,
  `presence` int(1) NOT NULL DEFAULT '1',
  `picklist_valueid` int(19) NOT NULL DEFAULT '0',
  `sortorderid` int(11) DEFAULT NULL
) ENGINE=InnoDB AUTO_INCREMENT=12 DEFAULT CHARSET=latin1;

--
-- Volcado de datos para la tabla `vtiger_manufacturer`
--

INSERT INTO `vtiger_manufacturer` (`manufacturerid`, `manufacturer`, `presence`, `picklist_valueid`, `sortorderid`) VALUES
(2, 'AltvetPet Inc.', 1, 124, 1),
(3, 'LexPon Inc.', 1, 125, 2),
(4, 'MetBeat Corp', 1, 126, 3),
(5, 'FRAMEC', 1, 303, 1),
(6, 'GENERICO', 1, 304, 1),
(7, 'IARP', 1, 305, 1),
(8, 'ISA', 1, 306, 1),
(9, 'LIEHBERR', 1, 307, 1),
(10, 'MIMET', 1, 308, 1),
(11, 'USADOS', 1, 309, 1);

-- --------------------------------------------------------

--
-- Estructura de tabla para la tabla `vtiger_manufacturer_seq`
--

CREATE TABLE IF NOT EXISTS `vtiger_manufacturer_seq` (
  `id` int(11) NOT NULL
) ENGINE=InnoDB DEFAULT CHARSET=latin1;

--
-- Volcado de datos para la tabla `vtiger_manufacturer_seq`
--

INSERT INTO `vtiger_manufacturer_seq` (`id`) VALUES
(11);

-- --------------------------------------------------------

--
-- Estructura de tabla para la tabla `vtiger_mobile_alerts`
--

CREATE TABLE IF NOT EXISTS `vtiger_mobile_alerts` (
`id` int(11) NOT NULL,
  `handler_path` varchar(500) DEFAULT NULL,
  `handler_class` varchar(50) DEFAULT NULL,
  `sequence` int(11) DEFAULT NULL,
  `deleted` int(11) NOT NULL DEFAULT '0'
) ENGINE=InnoDB AUTO_INCREMENT=8 DEFAULT CHARSET=utf8;

--
-- Volcado de datos para la tabla `vtiger_mobile_alerts`
--

INSERT INTO `vtiger_mobile_alerts` (`id`, `handler_path`, `handler_class`, `sequence`, `deleted`) VALUES
(1, 'modules/Mobile/api/ws/models/alerts/IdleTicketsOfMine.php', 'Mobile_WS_AlertModel_IdleTicketsOfMine', NULL, 0),
(2, 'modules/Mobile/api/ws/models/alerts/NewTicketOfMine.php', 'Mobile_WS_AlertModel_NewTicketOfMine', NULL, 0),
(3, 'modules/Mobile/api/ws/models/alerts/PendingTicketsOfMine.php', 'Mobile_WS_AlertModel_PendingTicketsOfMine', NULL, 0),
(4, 'modules/Mobile/api/ws/models/alerts/PotentialsDueIn5Days.php', 'Mobile_WS_AlertModel_PotentialsDueIn5Days', NULL, 0),
(5, 'modules/Mobile/api/ws/models/alerts/EventsOfMineToday.php', 'Mobile_WS_AlertModel_EventsOfMineToday', NULL, 0),
(6, 'modules/Mobile/api/ws/models/alerts/ProjectTasksOfMine.php', 'Mobile_WS_AlertModel_ProjectTasksOfMine', NULL, 0),
(7, 'modules/Mobile/api/ws/models/alerts/Projects.php', 'Mobile_WS_AlertModel_Projects', NULL, 0);

-- --------------------------------------------------------

--
-- Estructura de tabla para la tabla `vtiger_modcomments`
--

CREATE TABLE IF NOT EXISTS `vtiger_modcomments` (
  `modcommentsid` int(11) DEFAULT NULL,
  `commentcontent` text,
  `related_to` int(19) DEFAULT NULL,
  `parent_comments` varchar(100) DEFAULT NULL,
  `customer` varchar(100) DEFAULT NULL,
  `userid` varchar(100) DEFAULT NULL,
  `reasontoedit` varchar(100) DEFAULT NULL
) ENGINE=InnoDB DEFAULT CHARSET=utf8;

--
-- Volcado de datos para la tabla `vtiger_modcomments`
--

INSERT INTO `vtiger_modcomments` (`modcommentsid`, `commentcontent`, `related_to`, `parent_comments`, `customer`, `userid`, `reasontoedit`) VALUES
(711, 'Este es un comentario desde el CRM', 710, '', '', '1', ''),
(712, 'Otro comentario más', 710, '', '', '1', ''),
(713, 'Comentario con respuesta', 710, '711', '', '1', ''),
(714, 'Tercera Respuesta\n', 710, '713', '', '1', ''),
(715, 'Prueba de otro usuario', 710, '712', '', '6', ''),
(716, 'Segunda respuesta', 710, '713', '', '6', ''),
(717, 'Cuarta respuesta', 710, '714', '', '6', ''),
(718, 'Comentario propio', 710, '', '', '6', '');

-- --------------------------------------------------------

--
-- Estructura de tabla para la tabla `vtiger_modcommentscf`
--

CREATE TABLE IF NOT EXISTS `vtiger_modcommentscf` (
  `modcommentsid` int(11) NOT NULL
) ENGINE=InnoDB DEFAULT CHARSET=utf8;

--
-- Volcado de datos para la tabla `vtiger_modcommentscf`
--

INSERT INTO `vtiger_modcommentscf` (`modcommentsid`) VALUES
(711),
(712),
(713),
(714),
(715),
(716),
(717),
(718);

-- --------------------------------------------------------

--
-- Estructura de tabla para la tabla `vtiger_modentity_num`
--

CREATE TABLE IF NOT EXISTS `vtiger_modentity_num` (
  `num_id` int(19) NOT NULL,
  `semodule` varchar(50) NOT NULL,
  `prefix` varchar(50) NOT NULL DEFAULT '',
  `start_id` varchar(50) NOT NULL,
  `cur_id` varchar(50) NOT NULL,
  `active` varchar(2) NOT NULL
) ENGINE=InnoDB DEFAULT CHARSET=latin1;

--
-- Volcado de datos para la tabla `vtiger_modentity_num`
--

INSERT INTO `vtiger_modentity_num` (`num_id`, `semodule`, `prefix`, `start_id`, `cur_id`, `active`) VALUES
(1, 'Leads', 'LEA', '1', '1', '1'),
(2, 'Accounts', 'ACC', '1', '2', '1'),
(3, 'Campaigns', 'CAM', '1', '1', '1'),
(4, 'Contacts', 'CON', '1', '6', '1'),
(5, 'Potentials', 'POT', '1', '1', '1'),
(6, 'HelpDesk', 'TT', '1', '1', '1'),
(7, 'Quotes', 'QUO', '1', '1', '1'),
(8, 'SalesOrder', 'SO', '1', '8', '1'),
(9, 'PurchaseOrder', 'PO', '1', '1', '1'),
(10, 'Invoice', 'INV', '1', '2', '1'),
(11, 'Products', 'PRO', '1', '696', '1'),
(12, 'Vendors', 'VEN', '1', '1', '1'),
(13, 'PriceBooks', 'PB', '1', '1', '1'),
(14, 'Faq', 'FAQ', '1', '1', '1'),
(15, 'Documents', 'DOC', '1', '1', '1'),
(16, 'ServiceContracts', 'SERCON', '1', '1', '1'),
(17, 'Services', 'SER', '1', '1', '1'),
(18, 'ProjectMilestone', 'PM', '1', '1', '1'),
(19, 'ProjectTask', 'PT', '1', '1', '1'),
(20, 'Project', 'PROJ', '1', '1', '1'),
(21, 'Assets', 'ASSET', '1', '1', '1');

-- --------------------------------------------------------

--
-- Estructura de tabla para la tabla `vtiger_modentity_num_seq`
--

CREATE TABLE IF NOT EXISTS `vtiger_modentity_num_seq` (
  `id` int(11) NOT NULL
) ENGINE=InnoDB DEFAULT CHARSET=latin1;

--
-- Volcado de datos para la tabla `vtiger_modentity_num_seq`
--

INSERT INTO `vtiger_modentity_num_seq` (`id`) VALUES
(21);

-- --------------------------------------------------------

--
-- Estructura de tabla para la tabla `vtiger_modtracker_basic`
--

CREATE TABLE IF NOT EXISTS `vtiger_modtracker_basic` (
  `id` int(20) NOT NULL,
  `crmid` int(20) DEFAULT NULL,
  `module` varchar(50) DEFAULT NULL,
  `whodid` int(20) DEFAULT NULL,
  `changedon` datetime DEFAULT NULL,
  `status` int(1) DEFAULT '0'
) ENGINE=InnoDB DEFAULT CHARSET=utf8;

--
-- Volcado de datos para la tabla `vtiger_modtracker_basic`
--

INSERT INTO `vtiger_modtracker_basic` (`id`, `crmid`, `module`, `whodid`, `changedon`, `status`) VALUES
(1, 2, 'Contacts', 1, '2016-08-24 20:59:45', 2),
(2, 3, 'Contacts', 1, '2016-08-24 21:00:39', 2),
(3, 3, 'Contacts', 1, '2016-08-24 21:00:52', 1),
(4, 2, 'Contacts', 1, '2016-08-24 21:08:33', 1),
(5, 4, 'Contacts', 1, '2016-08-24 21:08:56', 2),
(6, 5, 'Contacts', 1, '2016-09-04 14:37:32', 2),
(7, 6, 'Accounts', 1, '2016-09-04 14:38:08', 2),
(8, 5, 'Contacts', 1, '2016-09-04 14:38:14', 0),
(9, 7, 'Contacts', 1, '2016-09-04 14:41:06', 2),
(10, 8, 'Products', 1, '2016-09-04 15:37:06', 2),
(11, 9, 'SalesOrder', 1, '2016-09-04 15:39:43', 2),
(12, 8, 'Products', 1, '2016-09-04 15:39:45', 4),
(13, 10, 'Invoice', 1, '2016-09-04 16:02:35', 2),
(14, 11, 'Products', 1, '2016-09-07 23:46:25', 2),
(15, 9, 'SalesOrder', 1, '2016-09-07 23:52:47', 0),
(16, 12, 'Products', 1, '2016-09-08 12:44:54', 2),
(17, 705, 'SalesOrder', 1, '2016-09-09 13:48:49', 2),
(18, 705, 'SalesOrder', 1, '2016-09-09 13:51:06', 1),
(19, 706, 'SalesOrder', 1, '2016-09-09 13:52:44', 2),
(20, 707, 'SalesOrder', 1, '2016-09-09 13:53:39', 2),
(21, 708, 'SalesOrder', 1, '2016-09-09 14:07:19', 2),
(22, 708, 'SalesOrder', 1, '2016-09-09 14:08:17', 1),
(23, 707, 'SalesOrder', 1, '2016-09-09 14:08:17', 1),
(24, 706, 'SalesOrder', 1, '2016-09-09 14:08:17', 1),
(25, 709, 'SalesOrder', 1, '2016-09-09 14:08:26', 2),
(26, 710, 'SalesOrder', 1, '2016-09-09 14:40:59', 2),
(27, 711, 'ModComments', 1, '2016-10-01 13:22:20', 2),
(28, 712, 'ModComments', 1, '2016-10-01 13:22:39', 2),
(29, 713, 'ModComments', 1, '2016-10-01 13:22:53', 2),
(30, 714, 'ModComments', 1, '2016-10-01 14:35:04', 2),
(31, 715, 'ModComments', 6, '2016-10-01 14:41:48', 2),
(32, 716, 'ModComments', 6, '2016-10-01 14:42:16', 2),
(33, 717, 'ModComments', 6, '2016-10-01 14:42:27', 2),
(34, 718, 'ModComments', 6, '2016-10-01 14:42:38', 2);

-- --------------------------------------------------------

--
-- Estructura de tabla para la tabla `vtiger_modtracker_basic_seq`
--

CREATE TABLE IF NOT EXISTS `vtiger_modtracker_basic_seq` (
  `id` int(11) NOT NULL
) ENGINE=InnoDB DEFAULT CHARSET=latin1;

--
-- Volcado de datos para la tabla `vtiger_modtracker_basic_seq`
--

INSERT INTO `vtiger_modtracker_basic_seq` (`id`) VALUES
(34);

-- --------------------------------------------------------

--
-- Estructura de tabla para la tabla `vtiger_modtracker_detail`
--

CREATE TABLE IF NOT EXISTS `vtiger_modtracker_detail` (
  `id` int(11) DEFAULT NULL,
  `fieldname` varchar(100) DEFAULT NULL,
  `prevalue` text,
  `postvalue` text
) ENGINE=InnoDB DEFAULT CHARSET=utf8;

--
-- Volcado de datos para la tabla `vtiger_modtracker_detail`
--

INSERT INTO `vtiger_modtracker_detail` (`id`, `fieldname`, `prevalue`, `postvalue`) VALUES
(1, 'firstname', NULL, 'Alejandro'),
(1, 'contact_no', NULL, 'CON1'),
(1, 'lastname', NULL, 'Cruz'),
(1, 'email', NULL, 'dalejocruz0404@hotmail.com'),
(1, 'assigned_user_id', NULL, '1'),
(1, 'createdtime', NULL, '2016-08-24 20:59:45'),
(1, 'modifiedby', NULL, '1'),
(1, 'portal', NULL, '1'),
(1, 'support_start_date', NULL, '2016-08-24'),
(1, 'support_end_date', NULL, '2017-08-25'),
(1, 'record_id', NULL, '2'),
(1, 'record_module', NULL, 'Contacts'),
(2, 'firstname', NULL, 'David'),
(2, 'contact_no', NULL, 'CON2'),
(2, 'lastname', NULL, 'Fonseca'),
(2, 'assigned_user_id', NULL, '1'),
(2, 'createdtime', NULL, '2016-08-24 21:00:39'),
(2, 'modifiedby', NULL, '1'),
(2, 'support_start_date', NULL, '2016-08-24'),
(2, 'support_end_date', NULL, '2017-08-24'),
(2, 'record_id', NULL, '3'),
(2, 'record_module', NULL, 'Contacts'),
(5, 'firstname', NULL, 'Alejandro'),
(5, 'contact_no', NULL, 'CON3'),
(5, 'lastname', NULL, 'Cruz'),
(5, 'email', NULL, 'dalejocruz0404@hotmail.com'),
(5, 'assigned_user_id', NULL, '1'),
(5, 'createdtime', NULL, '2016-08-24 21:08:56'),
(5, 'modifiedby', NULL, '1'),
(5, 'portal', NULL, '1'),
(5, 'support_start_date', NULL, '2016-08-24'),
(5, 'support_end_date', NULL, '2017-08-25'),
(5, 'record_id', NULL, '4'),
(5, 'record_module', NULL, 'Contacts'),
(6, 'firstname', NULL, 'Leonardo'),
(6, 'contact_no', NULL, 'CON4'),
(6, 'phone', NULL, '4166730763'),
(6, 'lastname', NULL, 'Castillo'),
(6, 'mobile', NULL, '4166730763'),
(6, 'homephone', NULL, '4166730763'),
(6, 'otherphone', NULL, '4166730763'),
(6, 'fax', NULL, '4166730763'),
(6, 'email', NULL, 'ljcl79@gmail.com'),
(6, 'assistantphone', NULL, '4166730763'),
(6, 'assigned_user_id', NULL, '1'),
(6, 'createdtime', NULL, '2016-09-04 14:37:32'),
(6, 'modifiedby', NULL, '1'),
(6, 'portal', NULL, '1'),
(6, 'support_start_date', NULL, '2016-09-04'),
(6, 'support_end_date', NULL, '2017-09-04'),
(6, 'record_id', NULL, '5'),
(6, 'record_module', NULL, 'Contacts'),
(7, 'accountname', NULL, 'VtigerVenezuela'),
(7, 'account_no', NULL, 'ACC1'),
(7, 'annual_revenue', NULL, '0.00000000'),
(7, 'assigned_user_id', NULL, '1'),
(7, 'createdtime', NULL, '2016-09-04 14:38:08'),
(7, 'modifiedby', NULL, '1'),
(7, 'record_id', NULL, '6'),
(7, 'record_module', NULL, 'Accounts'),
(8, 'account_id', '0', '6'),
(9, 'firstname', NULL, 'Leonardo'),
(9, 'contact_no', NULL, 'CON5'),
(9, 'phone', NULL, '4120649094'),
(9, 'lastname', NULL, 'Castillo'),
(9, 'mobile', NULL, '4120649094'),
(9, 'account_id', NULL, '6'),
(9, 'homephone', NULL, '4120649094'),
(9, 'otherphone', NULL, '4120649094'),
(9, 'fax', NULL, '4120649094'),
(9, 'email', NULL, 'leonardo.castillo@otaca.net'),
(9, 'assistantphone', NULL, '4120649094'),
(9, 'assigned_user_id', NULL, '1'),
(9, 'createdtime', NULL, '2016-09-04 14:41:06'),
(9, 'modifiedby', NULL, '1'),
(9, 'portal', NULL, '1'),
(9, 'support_start_date', NULL, '2016-09-04'),
(9, 'support_end_date', NULL, '2017-09-04'),
(9, 'record_id', NULL, '7'),
(9, 'record_module', NULL, 'Contacts'),
(10, 'productname', NULL, 'TestingProduct'),
(10, 'product_no', NULL, 'PRO1'),
(10, 'discontinued', NULL, '1'),
(10, 'createdtime', NULL, '2016-09-04 15:37:06'),
(10, 'modifiedby', NULL, '1'),
(10, 'unit_price', NULL, '0.00000000'),
(10, 'commissionrate', NULL, '0.000'),
(10, 'qty_per_unit', NULL, '0.00'),
(10, 'qtyinstock', NULL, '0.000'),
(10, 'assigned_user_id', NULL, '1'),
(10, 'record_id', NULL, '8'),
(10, 'record_module', NULL, 'Products'),
(11, 'salesorder_no', NULL, 'SO1'),
(11, 'subject', NULL, 'TestSalesOrder'),
(11, 'sostatus', NULL, 'Created'),
(11, 'txtadjustment', NULL, '0.00000000'),
(11, 'salescommission', NULL, '0.000'),
(11, 'exciseduty', NULL, '0.000'),
(11, 'hdngrandtotal', NULL, '12.70000000'),
(11, 'hdnsubtotal', NULL, '10.00000000'),
(11, 'hdntaxtype', NULL, 'group'),
(11, 'hdns_h_amount', NULL, '0.00000000'),
(11, 'account_id', NULL, '6'),
(11, 'assigned_user_id', NULL, '1'),
(11, 'createdtime', NULL, '2016-09-04 15:39:43'),
(11, 'modifiedby', NULL, '1'),
(11, 'currency_id', NULL, '1'),
(11, 'conversion_rate', NULL, '1.000'),
(11, 'bill_street', NULL, '-'),
(11, 'ship_street', NULL, '-'),
(11, 'terms_conditions', NULL, '- Unless otherwise agreed in writing by the supplier all invoices are payable within thirty (30) days of the date of invoice, in the currency of the invoice, drawn on a bank based in India or by such other method as is agreed in advance by the Supplier.\r\n\r\n - All prices are not inclusive of VAT which shall be payable in addition by the Customer at the applicable rate.'),
(11, 'productid', NULL, '8'),
(11, 'quantity', NULL, '1.000'),
(11, 'listprice', NULL, '10.00000000'),
(11, 'tax1', NULL, '4.500'),
(11, 'tax2', NULL, '10.000'),
(11, 'tax3', NULL, '12.500'),
(11, 'pre_tax_total', NULL, '10.00000000'),
(11, 'hdns_h_percent', NULL, '27'),
(11, 'record_id', NULL, '9'),
(11, 'record_module', NULL, 'SalesOrder'),
(13, 'subject', NULL, 'TestSalesOrder'),
(13, 'salesorder_id', NULL, '9'),
(13, 'txtadjustment', NULL, '0.00000000'),
(13, 'salescommission', NULL, '0.000'),
(13, 'exciseduty', NULL, '0.000'),
(13, 'hdnsubtotal', NULL, '10.00000000'),
(13, 'hdngrandtotal', NULL, '12.70000000'),
(13, 'hdntaxtype', NULL, 'group'),
(13, 'hdns_h_amount', NULL, '0.00000000'),
(13, 'account_id', NULL, '6'),
(13, 'assigned_user_id', NULL, '1'),
(13, 'createdtime', NULL, '2016-09-04 16:02:35'),
(13, 'modifiedby', NULL, '1'),
(13, 'currency_id', NULL, '1'),
(13, 'conversion_rate', NULL, '1.000'),
(13, 'bill_street', NULL, '-'),
(13, 'ship_street', NULL, '-'),
(13, 'terms_conditions', NULL, '- Unless otherwise agreed in writing by the supplier all invoices are payable within thirty (30) days of the date of invoice, in the currency of the invoice, drawn on a bank based in India or by such other method as is agreed in advance by the Supplier.\r\n\r\n - All prices are not inclusive of VAT which shall be payable in addition by the Customer at the applicable rate.'),
(13, 'invoice_no', NULL, 'INV1'),
(13, 'productid', NULL, '8'),
(13, 'quantity', NULL, '1.000'),
(13, 'listprice', NULL, '10.00000000'),
(13, 'tax1', NULL, '4.500'),
(13, 'tax2', NULL, '10.000'),
(13, 'tax3', NULL, '12.500'),
(13, 'pre_tax_total', NULL, '10.00000000'),
(13, 'received', NULL, '0.00000000'),
(13, 'balance', NULL, '12.70000000'),
(13, 'hdns_h_percent', NULL, '27'),
(13, 'record_id', NULL, '10'),
(13, 'record_module', NULL, 'Invoice'),
(14, 'productname', NULL, 'TestingProduct2'),
(14, 'product_no', NULL, 'PRO2'),
(14, 'discontinued', NULL, '1'),
(14, 'createdtime', NULL, '2016-09-07 23:46:25'),
(14, 'modifiedby', NULL, '1'),
(14, 'unit_price', NULL, '125.00000000'),
(14, 'commissionrate', NULL, '0.000'),
(14, 'qty_per_unit', NULL, '0.00'),
(14, 'qtyinstock', NULL, '0.000'),
(14, 'assigned_user_id', NULL, '1'),
(14, 'record_id', NULL, '11'),
(14, 'record_module', NULL, 'Products'),
(15, 'hdngrandtotal', '12.70000000', '488.95000000'),
(15, 'hdnsubtotal', '10.00000000', '385.00000000'),
(15, 'pre_tax_total', '10.00000000', '385.00000000'),
(16, 'productname', NULL, 'TestingProduct3'),
(16, 'product_no', NULL, 'PRO3'),
(16, 'discontinued', NULL, '1'),
(16, 'createdtime', NULL, '2016-09-08 12:44:54'),
(16, 'modifiedby', NULL, '1'),
(16, 'unit_price', NULL, '60.00000000'),
(16, 'commissionrate', NULL, '0.000'),
(16, 'qty_per_unit', NULL, '0.00'),
(16, 'qtyinstock', NULL, '0.000'),
(16, 'assigned_user_id', NULL, '1'),
(16, 'record_id', NULL, '12'),
(16, 'record_module', NULL, 'Products'),
(17, 'salesorder_no', NULL, 'SO2'),
(17, 'subject', NULL, 'Testing'),
(17, 'sostatus', NULL, 'Created'),
(17, 'txtadjustment', NULL, '0.00000000'),
(17, 'salescommission', NULL, '0.000'),
(17, 'exciseduty', NULL, '0.000'),
(17, 'hdngrandtotal', NULL, '0.00000000'),
(17, 'hdndiscountpercent', NULL, '0.000'),
(17, 'hdndiscountamount', NULL, '0.00000000'),
(17, 'hdns_h_amount', NULL, '0.00000000'),
(17, 'account_id', NULL, '6'),
(17, 'assigned_user_id', NULL, '1'),
(17, 'createdtime', NULL, '2016-09-09 13:48:49'),
(17, 'modifiedby', NULL, '1'),
(17, 'conversion_rate', NULL, '0.000'),
(17, 'description', NULL, 'Testing'),
(17, 'pre_tax_total', NULL, '0.00000000'),
(17, 'record_id', NULL, '705'),
(17, 'record_module', NULL, 'SalesOrder'),
(19, 'salesorder_no', NULL, 'SO3'),
(19, 'subject', NULL, 'Testing'),
(19, 'sostatus', NULL, 'Created'),
(19, 'txtadjustment', NULL, '0.00000000'),
(19, 'salescommission', NULL, '0.000'),
(19, 'exciseduty', NULL, '0.000'),
(19, 'hdngrandtotal', NULL, '0.00000000'),
(19, 'hdndiscountpercent', NULL, '0.000'),
(19, 'hdndiscountamount', NULL, '0.00000000'),
(19, 'hdns_h_amount', NULL, '0.00000000'),
(19, 'account_id', NULL, '6'),
(19, 'assigned_user_id', NULL, '1'),
(19, 'createdtime', NULL, '2016-09-09 13:52:44'),
(19, 'modifiedby', NULL, '1'),
(19, 'conversion_rate', NULL, '0.000'),
(19, 'description', NULL, 'Testing'),
(19, 'pre_tax_total', NULL, '0.00000000'),
(19, 'record_id', NULL, '706'),
(19, 'record_module', NULL, 'SalesOrder'),
(20, 'salesorder_no', NULL, 'SO4'),
(20, 'subject', NULL, 'Testing'),
(20, 'sostatus', NULL, 'Created'),
(20, 'txtadjustment', NULL, '0.00000000'),
(20, 'salescommission', NULL, '0.000'),
(20, 'exciseduty', NULL, '0.000'),
(20, 'hdngrandtotal', NULL, '0.00000000'),
(20, 'hdndiscountpercent', NULL, '0.000'),
(20, 'hdndiscountamount', NULL, '0.00000000'),
(20, 'hdns_h_amount', NULL, '0.00000000'),
(20, 'account_id', NULL, '6'),
(20, 'assigned_user_id', NULL, '1'),
(20, 'createdtime', NULL, '2016-09-09 13:53:39'),
(20, 'modifiedby', NULL, '1'),
(20, 'conversion_rate', NULL, '0.000'),
(20, 'description', NULL, 'Testing'),
(20, 'pre_tax_total', NULL, '0.00000000'),
(20, 'record_id', NULL, '707'),
(20, 'record_module', NULL, 'SalesOrder'),
(21, 'salesorder_no', NULL, 'SO5'),
(21, 'subject', NULL, 'Testing'),
(21, 'sostatus', NULL, 'Created'),
(21, 'txtadjustment', NULL, '0.00000000'),
(21, 'salescommission', NULL, '0.000'),
(21, 'exciseduty', NULL, '0.000'),
(21, 'hdngrandtotal', NULL, '0.00000000'),
(21, 'hdndiscountpercent', NULL, '0.000'),
(21, 'hdndiscountamount', NULL, '0.00000000'),
(21, 'hdns_h_amount', NULL, '0.00000000'),
(21, 'account_id', NULL, '6'),
(21, 'assigned_user_id', NULL, '1'),
(21, 'createdtime', NULL, '2016-09-09 14:07:19'),
(21, 'modifiedby', NULL, '1'),
(21, 'conversion_rate', NULL, '0.000'),
(21, 'description', NULL, 'Testing'),
(21, 'pre_tax_total', NULL, '0.00000000'),
(21, 'record_id', NULL, '708'),
(21, 'record_module', NULL, 'SalesOrder'),
(25, 'salesorder_no', NULL, 'SO6'),
(25, 'subject', NULL, 'Testing'),
(25, 'sostatus', NULL, 'Created'),
(25, 'txtadjustment', NULL, '0.00000000'),
(25, 'salescommission', NULL, '0.000'),
(25, 'exciseduty', NULL, '0.000'),
(25, 'hdngrandtotal', NULL, '0.00000000'),
(25, 'hdndiscountpercent', NULL, '0.000'),
(25, 'hdndiscountamount', NULL, '0.00000000'),
(25, 'hdns_h_amount', NULL, '0.00000000'),
(25, 'account_id', NULL, '6'),
(25, 'assigned_user_id', NULL, '1'),
(25, 'createdtime', NULL, '2016-09-09 14:08:26'),
(25, 'modifiedby', NULL, '1'),
(25, 'conversion_rate', NULL, '0.000'),
(25, 'description', NULL, 'Testing'),
(25, 'pre_tax_total', NULL, '0.00000000'),
(25, 'record_id', NULL, '709'),
(25, 'record_module', NULL, 'SalesOrder'),
(26, 'salesorder_no', NULL, 'SO7'),
(26, 'subject', NULL, 'TEste'),
(26, 'sostatus', NULL, 'Created'),
(26, 'txtadjustment', NULL, '0.00000000'),
(26, 'salescommission', NULL, '0.000'),
(26, 'exciseduty', NULL, '0.000'),
(26, 'hdngrandtotal', NULL, '0.00000000'),
(26, 'hdndiscountpercent', NULL, '0.000'),
(26, 'hdndiscountamount', NULL, '0.00000000'),
(26, 'hdns_h_amount', NULL, '0.00000000'),
(26, 'account_id', NULL, '6'),
(26, 'assigned_user_id', NULL, '1'),
(26, 'createdtime', NULL, '2016-09-09 14:40:59'),
(26, 'modifiedby', NULL, '1'),
(26, 'currency_id', NULL, '1'),
(26, 'conversion_rate', NULL, '0.000'),
(26, 'description', NULL, 'tester'),
(26, 'pre_tax_total', NULL, '0.00000000'),
(26, 'record_id', NULL, '710'),
(26, 'record_module', NULL, 'SalesOrder'),
(27, 'commentcontent', NULL, 'Este es un comentario desde el CRM'),
(27, 'assigned_user_id', NULL, '1'),
(27, 'createdtime', NULL, '2016-10-01 13:22:20'),
(27, 'related_to', NULL, '710'),
(27, 'creator', NULL, '1'),
(27, 'userid', NULL, '1'),
(27, 'record_id', NULL, '711'),
(27, 'record_module', NULL, 'ModComments'),
(28, 'commentcontent', NULL, 'Otro comentario m&aacute;s'),
(28, 'assigned_user_id', NULL, '1'),
(28, 'createdtime', NULL, '2016-10-01 13:22:39'),
(28, 'related_to', NULL, '710'),
(28, 'creator', NULL, '1'),
(28, 'userid', NULL, '1'),
(28, 'record_id', NULL, '712'),
(28, 'record_module', NULL, 'ModComments'),
(29, 'commentcontent', NULL, 'Comentario con respuesta'),
(29, 'assigned_user_id', NULL, '1'),
(29, 'createdtime', NULL, '2016-10-01 13:22:53'),
(29, 'related_to', NULL, '710'),
(29, 'creator', NULL, '1'),
(29, 'parent_comments', NULL, '711'),
(29, 'userid', NULL, '1'),
(29, 'record_id', NULL, '713'),
(29, 'record_module', NULL, 'ModComments'),
(30, 'commentcontent', NULL, 'Tercera Respuesta\n'),
(30, 'assigned_user_id', NULL, '1'),
(30, 'createdtime', NULL, '2016-10-01 14:35:04'),
(30, 'related_to', NULL, '710'),
(30, 'creator', NULL, '1'),
(30, 'parent_comments', NULL, '713'),
(30, 'userid', NULL, '1'),
(30, 'record_id', NULL, '714'),
(30, 'record_module', NULL, 'ModComments'),
(31, 'commentcontent', NULL, 'Prueba de otro usuario'),
(31, 'assigned_user_id', NULL, '6'),
(31, 'createdtime', NULL, '2016-10-01 14:41:48'),
(31, 'related_to', NULL, '710'),
(31, 'creator', NULL, '6'),
(31, 'parent_comments', NULL, '712'),
(31, 'userid', NULL, '6'),
(31, 'record_id', NULL, '715'),
(31, 'record_module', NULL, 'ModComments'),
(32, 'commentcontent', NULL, 'Segunda respuesta'),
(32, 'assigned_user_id', NULL, '6'),
(32, 'createdtime', NULL, '2016-10-01 14:42:16'),
(32, 'related_to', NULL, '710'),
(32, 'creator', NULL, '6'),
(32, 'parent_comments', NULL, '713'),
(32, 'userid', NULL, '6'),
(32, 'record_id', NULL, '716'),
(32, 'record_module', NULL, 'ModComments'),
(33, 'commentcontent', NULL, 'Cuarta respuesta'),
(33, 'assigned_user_id', NULL, '6'),
(33, 'createdtime', NULL, '2016-10-01 14:42:27'),
(33, 'related_to', NULL, '710'),
(33, 'creator', NULL, '6'),
(33, 'parent_comments', NULL, '714'),
(33, 'userid', NULL, '6'),
(33, 'record_id', NULL, '717'),
(33, 'record_module', NULL, 'ModComments'),
(34, 'commentcontent', NULL, 'Comentario propio'),
(34, 'assigned_user_id', NULL, '6'),
(34, 'createdtime', NULL, '2016-10-01 14:42:38'),
(34, 'related_to', NULL, '710'),
(34, 'creator', NULL, '6'),
(34, 'userid', NULL, '6'),
(34, 'record_id', NULL, '718'),
(34, 'record_module', NULL, 'ModComments');

-- --------------------------------------------------------

--
-- Estructura de tabla para la tabla `vtiger_modtracker_relations`
--

CREATE TABLE IF NOT EXISTS `vtiger_modtracker_relations` (
  `id` int(19) NOT NULL,
  `targetmodule` varchar(100) NOT NULL,
  `targetid` int(19) NOT NULL,
  `changedon` datetime DEFAULT NULL
) ENGINE=InnoDB DEFAULT CHARSET=utf8;

--
-- Volcado de datos para la tabla `vtiger_modtracker_relations`
--

INSERT INTO `vtiger_modtracker_relations` (`id`, `targetmodule`, `targetid`, `changedon`) VALUES
(12, 'SalesOrder', 9, '2016-09-04 15:39:45');

-- --------------------------------------------------------

--
-- Estructura de tabla para la tabla `vtiger_modtracker_tabs`
--

CREATE TABLE IF NOT EXISTS `vtiger_modtracker_tabs` (
  `tabid` int(11) NOT NULL,
  `visible` int(11) DEFAULT '0'
) ENGINE=InnoDB DEFAULT CHARSET=utf8;

--
-- Volcado de datos para la tabla `vtiger_modtracker_tabs`
--

INSERT INTO `vtiger_modtracker_tabs` (`tabid`, `visible`) VALUES
(2, 1),
(4, 1),
(6, 1),
(7, 1),
(8, 1),
(9, 1),
(10, 1),
(13, 1),
(14, 1),
(15, 1),
(16, 1),
(18, 1),
(19, 1),
(20, 1),
(21, 1),
(22, 1),
(23, 1),
(26, 1),
(28, 1),
(30, 1),
(31, 1),
(36, 1),
(38, 1),
(39, 1),
(40, 1),
(42, 1),
(45, 1),
(48, 1);

-- --------------------------------------------------------

--
-- Estructura de tabla para la tabla `vtiger_module_dashboard_widgets`
--

CREATE TABLE IF NOT EXISTS `vtiger_module_dashboard_widgets` (
`id` int(19) NOT NULL,
  `linkid` int(19) DEFAULT NULL,
  `userid` int(19) DEFAULT NULL,
  `filterid` int(19) DEFAULT NULL,
  `title` varchar(100) DEFAULT NULL,
  `data` text,
  `position` varchar(50) DEFAULT NULL
) ENGINE=InnoDB DEFAULT CHARSET=latin1;

-- --------------------------------------------------------

--
-- Estructura de tabla para la tabla `vtiger_notebook_contents`
--

CREATE TABLE IF NOT EXISTS `vtiger_notebook_contents` (
  `userid` int(19) NOT NULL,
  `notebookid` int(19) NOT NULL,
  `contents` text
) ENGINE=InnoDB DEFAULT CHARSET=latin1;

-- --------------------------------------------------------

--
-- Estructura de tabla para la tabla `vtiger_notes`
--

CREATE TABLE IF NOT EXISTS `vtiger_notes` (
  `notesid` int(19) NOT NULL DEFAULT '0',
  `note_no` varchar(100) NOT NULL,
  `title` varchar(50) NOT NULL,
  `filename` varchar(200) DEFAULT NULL,
  `notecontent` text,
  `folderid` int(19) NOT NULL DEFAULT '1',
  `filetype` varchar(50) DEFAULT NULL,
  `filelocationtype` varchar(5) DEFAULT NULL,
  `filedownloadcount` int(19) DEFAULT NULL,
  `filestatus` int(19) DEFAULT NULL,
  `filesize` int(19) NOT NULL DEFAULT '0',
  `fileversion` varchar(50) DEFAULT NULL
) ENGINE=InnoDB DEFAULT CHARSET=latin1;

-- --------------------------------------------------------

--
-- Estructura de tabla para la tabla `vtiger_notescf`
--

CREATE TABLE IF NOT EXISTS `vtiger_notescf` (
  `notesid` int(19) NOT NULL DEFAULT '0'
) ENGINE=InnoDB DEFAULT CHARSET=latin1;

-- --------------------------------------------------------

--
-- Estructura de tabla para la tabla `vtiger_notificationscheduler`
--

CREATE TABLE IF NOT EXISTS `vtiger_notificationscheduler` (
`schedulednotificationid` int(19) NOT NULL,
  `schedulednotificationname` varchar(200) DEFAULT NULL,
  `active` int(1) DEFAULT NULL,
  `notificationsubject` varchar(200) DEFAULT NULL,
  `notificationbody` text,
  `label` varchar(50) DEFAULT NULL,
  `type` varchar(10) DEFAULT NULL
) ENGINE=InnoDB AUTO_INCREMENT=9 DEFAULT CHARSET=latin1;

--
-- Volcado de datos para la tabla `vtiger_notificationscheduler`
--

INSERT INTO `vtiger_notificationscheduler` (`schedulednotificationid`, `schedulednotificationname`, `active`, `notificationsubject`, `notificationbody`, `label`, `type`) VALUES
(1, 'LBL_TASK_NOTIFICATION_DESCRITPION', 1, 'Task Delay Notification', 'Tasks delayed beyond 24 hrs ', 'LBL_TASK_NOTIFICATION', NULL),
(2, 'LBL_BIG_DEAL_DESCRIPTION', 1, 'Big Deal notification', 'Success! A big deal has been won! ', 'LBL_BIG_DEAL', NULL),
(3, 'LBL_TICKETS_DESCRIPTION', 1, 'Pending Tickets notification', 'Ticket pending please ', 'LBL_PENDING_TICKETS', NULL),
(4, 'LBL_MANY_TICKETS_DESCRIPTION', 1, 'Too many tickets Notification', 'Too many tickets pending against this entity ', 'LBL_MANY_TICKETS', NULL),
(5, 'LBL_START_DESCRIPTION', 1, 'Support Start Notification', '10', 'LBL_START_NOTIFICATION', 'select'),
(6, 'LBL_SUPPORT_DESCRIPTION', 1, 'Support ending please', '11', 'LBL_SUPPORT_NOTICIATION', 'select'),
(7, 'LBL_SUPPORT_DESCRIPTION_MONTH', 1, 'Support ending please', '12', 'LBL_SUPPORT_NOTICIATION_MONTH', 'select'),
(8, 'LBL_ACTIVITY_REMINDER_DESCRIPTION', 1, 'Activity Reminder Notification', 'This is a reminder notification for the Activity', 'LBL_ACTIVITY_NOTIFICATION', NULL);

-- --------------------------------------------------------

--
-- Estructura de tabla para la tabla `vtiger_notificationscheduler_seq`
--

CREATE TABLE IF NOT EXISTS `vtiger_notificationscheduler_seq` (
  `id` int(11) NOT NULL
) ENGINE=InnoDB DEFAULT CHARSET=latin1;

--
-- Volcado de datos para la tabla `vtiger_notificationscheduler_seq`
--

INSERT INTO `vtiger_notificationscheduler_seq` (`id`) VALUES
(8);

-- --------------------------------------------------------

--
-- Estructura de tabla para la tabla `vtiger_no_of_currency_decimals`
--

CREATE TABLE IF NOT EXISTS `vtiger_no_of_currency_decimals` (
`no_of_currency_decimalsid` int(11) NOT NULL,
  `no_of_currency_decimals` varchar(200) NOT NULL,
  `sortorderid` int(11) DEFAULT NULL,
  `presence` int(11) NOT NULL DEFAULT '1'
) ENGINE=InnoDB AUTO_INCREMENT=8 DEFAULT CHARSET=utf8;

--
-- Volcado de datos para la tabla `vtiger_no_of_currency_decimals`
--

INSERT INTO `vtiger_no_of_currency_decimals` (`no_of_currency_decimalsid`, `no_of_currency_decimals`, `sortorderid`, `presence`) VALUES
(2, '2', 2, 1),
(3, '3', 3, 1),
(4, '4', 4, 1),
(5, '5', 5, 1),
(6, '0', 0, 1),
(7, '1', 1, 1);

-- --------------------------------------------------------

--
-- Estructura de tabla para la tabla `vtiger_no_of_currency_decimals_seq`
--

CREATE TABLE IF NOT EXISTS `vtiger_no_of_currency_decimals_seq` (
  `id` int(11) NOT NULL
) ENGINE=InnoDB DEFAULT CHARSET=latin1;

--
-- Volcado de datos para la tabla `vtiger_no_of_currency_decimals_seq`
--

INSERT INTO `vtiger_no_of_currency_decimals_seq` (`id`) VALUES
(7);

-- --------------------------------------------------------

--
-- Estructura de tabla para la tabla `vtiger_opportunitystage`
--

CREATE TABLE IF NOT EXISTS `vtiger_opportunitystage` (
`potstageid` int(19) NOT NULL,
  `stage` varchar(200) NOT NULL,
  `sortorderid` int(19) NOT NULL DEFAULT '0',
  `presence` int(1) NOT NULL DEFAULT '1',
  `probability` decimal(3,2) DEFAULT '0.00'
) ENGINE=InnoDB DEFAULT CHARSET=latin1;

-- --------------------------------------------------------

--
-- Estructura de tabla para la tabla `vtiger_opportunity_type`
--

CREATE TABLE IF NOT EXISTS `vtiger_opportunity_type` (
`opptypeid` int(19) NOT NULL,
  `opportunity_type` varchar(200) NOT NULL,
  `presence` int(1) NOT NULL DEFAULT '1',
  `picklist_valueid` int(19) NOT NULL DEFAULT '0',
  `sortorderid` int(11) DEFAULT NULL
) ENGINE=InnoDB AUTO_INCREMENT=4 DEFAULT CHARSET=latin1;

--
-- Volcado de datos para la tabla `vtiger_opportunity_type`
--

INSERT INTO `vtiger_opportunity_type` (`opptypeid`, `opportunity_type`, `presence`, `picklist_valueid`, `sortorderid`) VALUES
(2, 'Existing Business', 1, 128, 1),
(3, 'New Business', 1, 129, 2);

-- --------------------------------------------------------

--
-- Estructura de tabla para la tabla `vtiger_opportunity_type_seq`
--

CREATE TABLE IF NOT EXISTS `vtiger_opportunity_type_seq` (
  `id` int(11) NOT NULL
) ENGINE=InnoDB DEFAULT CHARSET=latin1;

--
-- Volcado de datos para la tabla `vtiger_opportunity_type_seq`
--

INSERT INTO `vtiger_opportunity_type_seq` (`id`) VALUES
(3);

-- --------------------------------------------------------

--
-- Estructura de tabla para la tabla `vtiger_organizationdetails`
--

CREATE TABLE IF NOT EXISTS `vtiger_organizationdetails` (
  `organization_id` int(11) NOT NULL,
  `organizationname` varchar(60) DEFAULT NULL,
  `address` varchar(150) DEFAULT NULL,
  `city` varchar(100) DEFAULT NULL,
  `state` varchar(100) DEFAULT NULL,
  `country` varchar(100) DEFAULT NULL,
  `code` varchar(30) DEFAULT NULL,
  `phone` varchar(30) DEFAULT NULL,
  `fax` varchar(30) DEFAULT NULL,
  `website` varchar(100) DEFAULT NULL,
  `logoname` varchar(50) DEFAULT NULL,
  `logo` text,
  `vatid` varchar(100) DEFAULT NULL
) ENGINE=InnoDB DEFAULT CHARSET=latin1;

--
-- Volcado de datos para la tabla `vtiger_organizationdetails`
--

INSERT INTO `vtiger_organizationdetails` (`organization_id`, `organizationname`, `address`, `city`, `state`, `country`, `code`, `phone`, `fax`, `website`, `logoname`, `logo`, `vatid`) VALUES
(1, 'vtiger', '95, 12th Main Road, 3rd Block, Rajajinagar', 'Bangalore', 'Karnataka', 'India', '560010', '+91 9243602352', '+91 9243602352', 'www.vtiger.com', 'vtiger-crm-logo.png', NULL, '1234-5678-9012');

-- --------------------------------------------------------

--
-- Estructura de tabla para la tabla `vtiger_organizationdetails_seq`
--

CREATE TABLE IF NOT EXISTS `vtiger_organizationdetails_seq` (
  `id` int(11) NOT NULL
) ENGINE=InnoDB DEFAULT CHARSET=latin1;

--
-- Volcado de datos para la tabla `vtiger_organizationdetails_seq`
--

INSERT INTO `vtiger_organizationdetails_seq` (`id`) VALUES
(1);

-- --------------------------------------------------------

--
-- Estructura de tabla para la tabla `vtiger_org_share_action2tab`
--

CREATE TABLE IF NOT EXISTS `vtiger_org_share_action2tab` (
  `share_action_id` int(19) NOT NULL,
  `tabid` int(19) NOT NULL
) ENGINE=InnoDB DEFAULT CHARSET=latin1;

--
-- Volcado de datos para la tabla `vtiger_org_share_action2tab`
--

INSERT INTO `vtiger_org_share_action2tab` (`share_action_id`, `tabid`) VALUES
(0, 2),
(0, 4),
(0, 6),
(0, 7),
(0, 8),
(0, 9),
(0, 10),
(0, 13),
(0, 14),
(0, 16),
(0, 18),
(0, 20),
(0, 21),
(0, 22),
(0, 23),
(0, 26),
(0, 30),
(0, 31),
(0, 36),
(0, 38),
(0, 39),
(0, 40),
(0, 42),
(0, 45),
(0, 48),
(1, 2),
(1, 4),
(1, 6),
(1, 7),
(1, 8),
(1, 9),
(1, 10),
(1, 13),
(1, 14),
(1, 16),
(1, 18),
(1, 20),
(1, 21),
(1, 22),
(1, 23),
(1, 26),
(1, 30),
(1, 31),
(1, 36),
(1, 38),
(1, 39),
(1, 40),
(1, 42),
(1, 45),
(1, 48),
(2, 2),
(2, 4),
(2, 6),
(2, 7),
(2, 8),
(2, 9),
(2, 10),
(2, 13),
(2, 14),
(2, 16),
(2, 18),
(2, 20),
(2, 21),
(2, 22),
(2, 23),
(2, 26),
(2, 30),
(2, 31),
(2, 36),
(2, 38),
(2, 39),
(2, 40),
(2, 42),
(2, 45),
(2, 48),
(3, 2),
(3, 4),
(3, 6),
(3, 7),
(3, 8),
(3, 9),
(3, 10),
(3, 13),
(3, 14),
(3, 16),
(3, 18),
(3, 20),
(3, 21),
(3, 22),
(3, 23),
(3, 26),
(3, 30),
(3, 31),
(3, 36),
(3, 38),
(3, 39),
(3, 40),
(3, 42),
(3, 45),
(3, 48);

-- --------------------------------------------------------

--
-- Estructura de tabla para la tabla `vtiger_org_share_action_mapping`
--

CREATE TABLE IF NOT EXISTS `vtiger_org_share_action_mapping` (
  `share_action_id` int(19) NOT NULL,
  `share_action_name` varchar(200) DEFAULT NULL
) ENGINE=InnoDB DEFAULT CHARSET=latin1;

--
-- Volcado de datos para la tabla `vtiger_org_share_action_mapping`
--

INSERT INTO `vtiger_org_share_action_mapping` (`share_action_id`, `share_action_name`) VALUES
(0, 'Public: Read Only'),
(1, 'Public: Read, Create/Edit'),
(2, 'Public: Read, Create/Edit, Delete'),
(3, 'Private'),
(4, 'Hide Details'),
(5, 'Hide Details and Add Events'),
(6, 'Show Details'),
(7, 'Show Details and Add Events');

-- --------------------------------------------------------

--
-- Estructura de tabla para la tabla `vtiger_othereventduration`
--

CREATE TABLE IF NOT EXISTS `vtiger_othereventduration` (
`othereventdurationid` int(11) NOT NULL,
  `othereventduration` varchar(200) NOT NULL,
  `sortorderid` int(11) DEFAULT NULL,
  `presence` int(11) NOT NULL DEFAULT '1'
) ENGINE=InnoDB AUTO_INCREMENT=6 DEFAULT CHARSET=utf8;

--
-- Volcado de datos para la tabla `vtiger_othereventduration`
--

INSERT INTO `vtiger_othereventduration` (`othereventdurationid`, `othereventduration`, `sortorderid`, `presence`) VALUES
(1, '5', 1, 1),
(2, '10', 2, 1),
(3, '30', 3, 1),
(4, '60', 4, 1),
(5, '120', 5, 1);

-- --------------------------------------------------------

--
-- Estructura de tabla para la tabla `vtiger_othereventduration_seq`
--

CREATE TABLE IF NOT EXISTS `vtiger_othereventduration_seq` (
  `id` int(11) NOT NULL
) ENGINE=InnoDB DEFAULT CHARSET=latin1;

--
-- Volcado de datos para la tabla `vtiger_othereventduration_seq`
--

INSERT INTO `vtiger_othereventduration_seq` (`id`) VALUES
(5);

-- --------------------------------------------------------

--
-- Estructura de tabla para la tabla `vtiger_parenttab`
--

CREATE TABLE IF NOT EXISTS `vtiger_parenttab` (
  `parenttabid` int(19) NOT NULL,
  `parenttab_label` varchar(100) NOT NULL,
  `sequence` int(10) NOT NULL,
  `visible` int(2) NOT NULL DEFAULT '0'
) ENGINE=InnoDB DEFAULT CHARSET=latin1;

--
-- Volcado de datos para la tabla `vtiger_parenttab`
--

INSERT INTO `vtiger_parenttab` (`parenttabid`, `parenttab_label`, `sequence`, `visible`) VALUES
(1, 'My Home Page', 1, 0),
(2, 'Marketing', 2, 0),
(3, 'Sales', 3, 0),
(4, 'Support', 4, 0),
(5, 'Analytics', 5, 0),
(6, 'Inventory', 6, 0),
(7, 'Tools', 7, 0),
(8, 'Settings', 8, 0);

-- --------------------------------------------------------

--
-- Estructura de tabla para la tabla `vtiger_parenttabrel`
--

CREATE TABLE IF NOT EXISTS `vtiger_parenttabrel` (
  `parenttabid` int(19) NOT NULL,
  `tabid` int(19) NOT NULL,
  `sequence` int(3) NOT NULL
) ENGINE=InnoDB DEFAULT CHARSET=latin1;

--
-- Volcado de datos para la tabla `vtiger_parenttabrel`
--

INSERT INTO `vtiger_parenttabrel` (`parenttabid`, `tabid`, `sequence`) VALUES
(1, 9, 2),
(1, 28, 4),
(1, 3, 1),
(3, 7, 1),
(3, 6, 2),
(3, 4, 3),
(3, 2, 4),
(3, 20, 5),
(3, 22, 6),
(3, 23, 7),
(3, 19, 8),
(3, 8, 9),
(4, 13, 1),
(4, 15, 2),
(4, 6, 3),
(4, 4, 4),
(4, 8, 5),
(5, 1, 2),
(5, 25, 1),
(6, 14, 1),
(6, 18, 2),
(6, 19, 3),
(6, 21, 4),
(6, 22, 5),
(6, 20, 6),
(6, 23, 7),
(7, 24, 1),
(7, 27, 2),
(7, 8, 3),
(2, 26, 1),
(2, 6, 2),
(2, 4, 3),
(2, 28, 4),
(4, 28, 7),
(2, 7, 5),
(2, 9, 6),
(4, 9, 8),
(2, 8, 8),
(3, 9, 11),
(4, 30, 9),
(4, 30, 10),
(6, 31, 8),
(6, 31, 9),
(7, 35, 4),
(7, 35, 5),
(7, 36, 6),
(7, 36, 7),
(4, 38, 11),
(4, 38, 12),
(4, 39, 13),
(4, 39, 14),
(4, 40, 15),
(4, 40, 16),
(6, 42, 10),
(6, 42, 11),
(7, 43, 8),
(7, 43, 9),
(7, 44, 10),
(7, 44, 11),
(7, 45, 12),
(7, 45, 13),
(7, 48, 14),
(7, 48, 15),
(8, 49, 1),
(8, 49, 2);

-- --------------------------------------------------------

--
-- Estructura de tabla para la tabla `vtiger_payment_duration`
--

CREATE TABLE IF NOT EXISTS `vtiger_payment_duration` (
  `payment_duration_id` int(11) DEFAULT NULL,
  `payment_duration` varchar(200) DEFAULT NULL,
  `sortorderid` int(11) DEFAULT NULL,
  `presence` int(11) DEFAULT NULL
) ENGINE=InnoDB DEFAULT CHARSET=latin1;

--
-- Volcado de datos para la tabla `vtiger_payment_duration`
--

INSERT INTO `vtiger_payment_duration` (`payment_duration_id`, `payment_duration`, `sortorderid`, `presence`) VALUES
(1, 'Net 30 days', 0, 1),
(2, 'Net 45 days', 1, 1),
(3, 'Net 60 days', 2, 1);

-- --------------------------------------------------------

--
-- Estructura de tabla para la tabla `vtiger_payment_duration_seq`
--

CREATE TABLE IF NOT EXISTS `vtiger_payment_duration_seq` (
  `id` int(11) NOT NULL
) ENGINE=InnoDB DEFAULT CHARSET=latin1;

--
-- Volcado de datos para la tabla `vtiger_payment_duration_seq`
--

INSERT INTO `vtiger_payment_duration_seq` (`id`) VALUES
(3);

-- --------------------------------------------------------

--
-- Estructura de tabla para la tabla `vtiger_pbxmanager`
--

CREATE TABLE IF NOT EXISTS `vtiger_pbxmanager` (
`pbxmanagerid` int(20) NOT NULL,
  `direction` varchar(10) DEFAULT NULL,
  `callstatus` varchar(20) DEFAULT NULL,
  `starttime` datetime DEFAULT NULL,
  `endtime` datetime DEFAULT NULL,
  `totalduration` int(11) DEFAULT NULL,
  `billduration` int(11) DEFAULT NULL,
  `recordingurl` varchar(200) DEFAULT NULL,
  `sourceuuid` varchar(100) DEFAULT NULL,
  `gateway` varchar(20) DEFAULT NULL,
  `customer` varchar(100) DEFAULT NULL,
  `user` varchar(100) DEFAULT NULL,
  `customernumber` varchar(100) DEFAULT NULL,
  `customertype` varchar(100) DEFAULT NULL
) ENGINE=InnoDB DEFAULT CHARSET=utf8;

-- --------------------------------------------------------

--
-- Estructura de tabla para la tabla `vtiger_pbxmanagercf`
--

CREATE TABLE IF NOT EXISTS `vtiger_pbxmanagercf` (
  `pbxmanagerid` int(11) NOT NULL
) ENGINE=InnoDB DEFAULT CHARSET=utf8;

-- --------------------------------------------------------

--
-- Estructura de tabla para la tabla `vtiger_pbxmanager_gateway`
--

CREATE TABLE IF NOT EXISTS `vtiger_pbxmanager_gateway` (
`id` int(11) NOT NULL,
  `gateway` varchar(20) DEFAULT NULL,
  `parameters` text
) ENGINE=InnoDB DEFAULT CHARSET=utf8;

-- --------------------------------------------------------

--
-- Estructura de tabla para la tabla `vtiger_pbxmanager_phonelookup`
--

CREATE TABLE IF NOT EXISTS `vtiger_pbxmanager_phonelookup` (
  `crmid` int(20) DEFAULT NULL,
  `setype` varchar(30) DEFAULT NULL,
  `fnumber` varchar(100) DEFAULT NULL,
  `rnumber` varchar(100) DEFAULT NULL,
  `fieldname` varchar(50) DEFAULT NULL
) ENGINE=InnoDB DEFAULT CHARSET=utf8;

--
-- Volcado de datos para la tabla `vtiger_pbxmanager_phonelookup`
--

INSERT INTO `vtiger_pbxmanager_phonelookup` (`crmid`, `setype`, `fnumber`, `rnumber`, `fieldname`) VALUES
(5, 'Contacts', '4166730763', '3670376614', 'phone'),
(5, 'Contacts', '4166730763', '3670376614', 'mobile'),
(5, 'Contacts', '4166730763', '3670376614', 'homephone'),
(5, 'Contacts', '4166730763', '3670376614', 'otherphone'),
(5, 'Contacts', '4166730763', '3670376614', 'fax'),
(5, 'Contacts', '4166730763', '3670376614', 'assistantphone'),
(7, 'Contacts', '4120649094', '4909460214', 'phone'),
(7, 'Contacts', '4120649094', '4909460214', 'mobile'),
(7, 'Contacts', '4120649094', '4909460214', 'homephone'),
(7, 'Contacts', '4120649094', '4909460214', 'otherphone'),
(7, 'Contacts', '4120649094', '4909460214', 'fax'),
(7, 'Contacts', '4120649094', '4909460214', 'assistantphone');

-- --------------------------------------------------------

--
-- Estructura de tabla para la tabla `vtiger_picklist`
--

CREATE TABLE IF NOT EXISTS `vtiger_picklist` (
`picklistid` int(11) NOT NULL,
  `name` varchar(200) NOT NULL
) ENGINE=InnoDB AUTO_INCREMENT=49 DEFAULT CHARSET=latin1;

--
-- Volcado de datos para la tabla `vtiger_picklist`
--

INSERT INTO `vtiger_picklist` (`picklistid`, `name`) VALUES
(1, 'accounttype'),
(2, 'activitytype'),
(45, 'assetstatus'),
(3, 'campaignstatus'),
(4, 'campaigntype'),
(5, 'carrier'),
(33, 'contract_priority'),
(32, 'contract_status'),
(34, 'contract_type'),
(48, 'defaultactivitytype'),
(47, 'defaulteventstatus'),
(6, 'eventstatus'),
(7, 'expectedresponse'),
(8, 'faqcategories'),
(9, 'faqstatus'),
(10, 'glacct'),
(11, 'industry'),
(12, 'invoicestatus'),
(13, 'leadsource'),
(14, 'leadstatus'),
(15, 'manufacturer'),
(16, 'opportunity_type'),
(17, 'postatus'),
(18, 'productcategory'),
(44, 'progress'),
(37, 'projectmilestonetype'),
(43, 'projectpriority'),
(41, 'projectstatus'),
(39, 'projecttaskpriority'),
(40, 'projecttaskprogress'),
(46, 'projecttaskstatus'),
(38, 'projecttasktype'),
(42, 'projecttype'),
(19, 'quotestage'),
(20, 'rating'),
(21, 'sales_stage'),
(22, 'salutationtype'),
(36, 'servicecategory'),
(35, 'service_usageunit'),
(23, 'sostatus'),
(24, 'taskpriority'),
(25, 'taskstatus'),
(26, 'ticketcategories'),
(27, 'ticketpriorities'),
(28, 'ticketseverities'),
(29, 'ticketstatus'),
(31, 'tracking_unit'),
(30, 'usageunit');

-- --------------------------------------------------------

--
-- Estructura de tabla para la tabla `vtiger_picklistvalues_seq`
--

CREATE TABLE IF NOT EXISTS `vtiger_picklistvalues_seq` (
  `id` int(11) NOT NULL
) ENGINE=InnoDB DEFAULT CHARSET=latin1;

--
-- Volcado de datos para la tabla `vtiger_picklistvalues_seq`
--

INSERT INTO `vtiger_picklistvalues_seq` (`id`) VALUES
(309);

-- --------------------------------------------------------

--
-- Estructura de tabla para la tabla `vtiger_picklist_dependency`
--

CREATE TABLE IF NOT EXISTS `vtiger_picklist_dependency` (
  `id` int(11) NOT NULL,
  `tabid` int(19) NOT NULL,
  `sourcefield` varchar(255) DEFAULT NULL,
  `targetfield` varchar(255) DEFAULT NULL,
  `sourcevalue` varchar(100) DEFAULT NULL,
  `targetvalues` text,
  `criteria` text
) ENGINE=InnoDB DEFAULT CHARSET=latin1;

-- --------------------------------------------------------

--
-- Estructura de tabla para la tabla `vtiger_picklist_seq`
--

CREATE TABLE IF NOT EXISTS `vtiger_picklist_seq` (
  `id` int(11) NOT NULL
) ENGINE=InnoDB DEFAULT CHARSET=latin1;

--
-- Volcado de datos para la tabla `vtiger_picklist_seq`
--

INSERT INTO `vtiger_picklist_seq` (`id`) VALUES
(48);

-- --------------------------------------------------------

--
-- Estructura de tabla para la tabla `vtiger_pobillads`
--

CREATE TABLE IF NOT EXISTS `vtiger_pobillads` (
  `pobilladdressid` int(19) NOT NULL DEFAULT '0',
  `bill_city` varchar(30) DEFAULT NULL,
  `bill_code` varchar(30) DEFAULT NULL,
  `bill_country` varchar(30) DEFAULT NULL,
  `bill_state` varchar(30) DEFAULT NULL,
  `bill_street` varchar(250) DEFAULT NULL,
  `bill_pobox` varchar(30) DEFAULT NULL
) ENGINE=InnoDB DEFAULT CHARSET=latin1;

-- --------------------------------------------------------

--
-- Estructura de tabla para la tabla `vtiger_portal`
--

CREATE TABLE IF NOT EXISTS `vtiger_portal` (
  `portalid` int(19) NOT NULL,
  `portalname` varchar(200) NOT NULL,
  `portalurl` varchar(255) NOT NULL,
  `sequence` int(3) NOT NULL,
  `setdefault` int(3) NOT NULL DEFAULT '0',
  `createdtime` datetime DEFAULT NULL
) ENGINE=InnoDB DEFAULT CHARSET=latin1;

-- --------------------------------------------------------

--
-- Estructura de tabla para la tabla `vtiger_portalinfo`
--

CREATE TABLE IF NOT EXISTS `vtiger_portalinfo` (
  `id` int(11) NOT NULL,
  `user_name` varchar(50) DEFAULT NULL,
  `user_password` varchar(255) DEFAULT NULL,
  `type` varchar(5) DEFAULT NULL,
  `last_login_time` datetime DEFAULT NULL,
  `login_time` datetime DEFAULT NULL,
  `logout_time` datetime DEFAULT NULL,
  `isactive` int(1) DEFAULT NULL,
  `cryptmode` varchar(20) DEFAULT NULL
) ENGINE=InnoDB DEFAULT CHARSET=latin1;

--
-- Volcado de datos para la tabla `vtiger_portalinfo`
--

INSERT INTO `vtiger_portalinfo` (`id`, `user_name`, `user_password`, `type`, `last_login_time`, `login_time`, `logout_time`, `isactive`, `cryptmode`) VALUES
(4, 'dalejocruz0404@hotmail.com', '$1$elqirWri$Y1YSfY.dZ6RzJo7AGWCfn.', 'C', NULL, NULL, NULL, 1, 'CRYPT'),
(5, 'ljcl79@gmail.com', '$1$Dc/.Qe3.$zp.FaQgqOlUSptK9Egccn0', 'C', NULL, NULL, NULL, 1, 'CRYPT'),
(7, 'leonardo.castillo@otaca.net', '$1$Zb/.um5.$8lJoVLCmrCESXx34MhypF0', 'C', '2016-09-12 17:37:05', '2016-10-01 13:24:38', '2016-09-12 17:39:42', 1, 'CRYPT');

-- --------------------------------------------------------

--
-- Estructura de tabla para la tabla `vtiger_poshipads`
--

CREATE TABLE IF NOT EXISTS `vtiger_poshipads` (
  `poshipaddressid` int(19) NOT NULL DEFAULT '0',
  `ship_city` varchar(30) DEFAULT NULL,
  `ship_code` varchar(30) DEFAULT NULL,
  `ship_country` varchar(30) DEFAULT NULL,
  `ship_state` varchar(30) DEFAULT NULL,
  `ship_street` varchar(250) DEFAULT NULL,
  `ship_pobox` varchar(30) DEFAULT NULL
) ENGINE=InnoDB DEFAULT CHARSET=latin1;

-- --------------------------------------------------------

--
-- Estructura de tabla para la tabla `vtiger_postatus`
--

CREATE TABLE IF NOT EXISTS `vtiger_postatus` (
`postatusid` int(19) NOT NULL,
  `postatus` varchar(200) NOT NULL,
  `presence` int(1) NOT NULL DEFAULT '1',
  `picklist_valueid` int(19) NOT NULL DEFAULT '0',
  `sortorderid` int(11) DEFAULT NULL
) ENGINE=InnoDB AUTO_INCREMENT=6 DEFAULT CHARSET=latin1;

--
-- Volcado de datos para la tabla `vtiger_postatus`
--

INSERT INTO `vtiger_postatus` (`postatusid`, `postatus`, `presence`, `picklist_valueid`, `sortorderid`) VALUES
(1, 'Created', 0, 130, 0),
(2, 'Approved', 0, 131, 1),
(3, 'Delivered', 0, 132, 2),
(4, 'Cancelled', 0, 133, 3),
(5, 'Received Shipment', 0, 134, 4);

-- --------------------------------------------------------

--
-- Estructura de tabla para la tabla `vtiger_postatushistory`
--

CREATE TABLE IF NOT EXISTS `vtiger_postatushistory` (
`historyid` int(19) NOT NULL,
  `purchaseorderid` int(19) NOT NULL,
  `vendorname` varchar(100) DEFAULT NULL,
  `total` decimal(10,0) DEFAULT NULL,
  `postatus` varchar(200) DEFAULT NULL,
  `lastmodified` datetime DEFAULT NULL
) ENGINE=InnoDB DEFAULT CHARSET=latin1;

-- --------------------------------------------------------

--
-- Estructura de tabla para la tabla `vtiger_postatus_seq`
--

CREATE TABLE IF NOT EXISTS `vtiger_postatus_seq` (
  `id` int(11) NOT NULL
) ENGINE=InnoDB DEFAULT CHARSET=latin1;

--
-- Volcado de datos para la tabla `vtiger_postatus_seq`
--

INSERT INTO `vtiger_postatus_seq` (`id`) VALUES
(5);

-- --------------------------------------------------------

--
-- Estructura de tabla para la tabla `vtiger_potential`
--

CREATE TABLE IF NOT EXISTS `vtiger_potential` (
  `potentialid` int(19) NOT NULL DEFAULT '0',
  `potential_no` varchar(100) NOT NULL,
  `related_to` int(19) DEFAULT NULL,
  `potentialname` varchar(120) NOT NULL,
  `amount` decimal(25,8) DEFAULT NULL,
  `currency` varchar(20) DEFAULT NULL,
  `closingdate` date DEFAULT NULL,
  `typeofrevenue` varchar(50) DEFAULT NULL,
  `nextstep` varchar(100) DEFAULT NULL,
  `private` int(1) DEFAULT '0',
  `probability` decimal(7,3) DEFAULT '0.000',
  `campaignid` int(19) DEFAULT NULL,
  `sales_stage` varchar(200) DEFAULT NULL,
  `potentialtype` varchar(200) DEFAULT NULL,
  `leadsource` varchar(200) DEFAULT NULL,
  `productid` int(50) DEFAULT NULL,
  `productversion` varchar(50) DEFAULT NULL,
  `quotationref` varchar(50) DEFAULT NULL,
  `partnercontact` varchar(50) DEFAULT NULL,
  `remarks` varchar(50) DEFAULT NULL,
  `runtimefee` int(19) DEFAULT '0',
  `followupdate` date DEFAULT NULL,
  `evaluationstatus` varchar(50) DEFAULT NULL,
  `description` text,
  `forecastcategory` int(19) DEFAULT '0',
  `outcomeanalysis` int(19) DEFAULT '0',
  `forecast_amount` decimal(25,8) DEFAULT NULL,
  `isconvertedfromlead` varchar(3) DEFAULT '0',
  `contact_id` int(19) DEFAULT NULL
) ENGINE=InnoDB DEFAULT CHARSET=latin1;

-- --------------------------------------------------------

--
-- Estructura de tabla para la tabla `vtiger_potentialscf`
--

CREATE TABLE IF NOT EXISTS `vtiger_potentialscf` (
  `potentialid` int(19) NOT NULL DEFAULT '0'
) ENGINE=InnoDB DEFAULT CHARSET=latin1;

-- --------------------------------------------------------

--
-- Estructura de tabla para la tabla `vtiger_potstagehistory`
--

CREATE TABLE IF NOT EXISTS `vtiger_potstagehistory` (
`historyid` int(19) NOT NULL,
  `potentialid` int(19) NOT NULL,
  `amount` decimal(10,0) DEFAULT NULL,
  `stage` varchar(100) DEFAULT NULL,
  `probability` decimal(7,3) DEFAULT NULL,
  `expectedrevenue` decimal(10,0) DEFAULT NULL,
  `closedate` date DEFAULT NULL,
  `lastmodified` datetime DEFAULT NULL
) ENGINE=InnoDB DEFAULT CHARSET=latin1;

-- --------------------------------------------------------

--
-- Estructura de tabla para la tabla `vtiger_pricebook`
--

CREATE TABLE IF NOT EXISTS `vtiger_pricebook` (
  `pricebookid` int(19) NOT NULL DEFAULT '0',
  `pricebook_no` varchar(100) NOT NULL,
  `bookname` varchar(100) DEFAULT NULL,
  `active` int(1) DEFAULT NULL,
  `currency_id` int(19) NOT NULL DEFAULT '1'
) ENGINE=InnoDB DEFAULT CHARSET=latin1;

-- --------------------------------------------------------

--
-- Estructura de tabla para la tabla `vtiger_pricebookcf`
--

CREATE TABLE IF NOT EXISTS `vtiger_pricebookcf` (
  `pricebookid` int(19) NOT NULL DEFAULT '0'
) ENGINE=InnoDB DEFAULT CHARSET=latin1;

-- --------------------------------------------------------

--
-- Estructura de tabla para la tabla `vtiger_pricebookproductrel`
--

CREATE TABLE IF NOT EXISTS `vtiger_pricebookproductrel` (
  `pricebookid` int(19) NOT NULL,
  `productid` int(19) NOT NULL,
  `listprice` decimal(27,8) DEFAULT NULL,
  `usedcurrency` int(11) NOT NULL DEFAULT '1'
) ENGINE=InnoDB DEFAULT CHARSET=latin1;

-- --------------------------------------------------------

--
-- Estructura de tabla para la tabla `vtiger_priority`
--

CREATE TABLE IF NOT EXISTS `vtiger_priority` (
`priorityid` int(19) NOT NULL,
  `priority` varchar(200) NOT NULL,
  `sortorderid` int(19) NOT NULL DEFAULT '0',
  `presence` int(1) NOT NULL DEFAULT '1'
) ENGINE=InnoDB DEFAULT CHARSET=latin1;

-- --------------------------------------------------------

--
-- Estructura de tabla para la tabla `vtiger_productcategory`
--

CREATE TABLE IF NOT EXISTS `vtiger_productcategory` (
`productcategoryid` int(19) NOT NULL,
  `productcategory` varchar(200) NOT NULL,
  `presence` int(1) NOT NULL DEFAULT '1',
  `picklist_valueid` int(19) NOT NULL DEFAULT '0',
  `sortorderid` int(11) DEFAULT NULL
) ENGINE=InnoDB AUTO_INCREMENT=5 DEFAULT CHARSET=latin1;

--
-- Volcado de datos para la tabla `vtiger_productcategory`
--

INSERT INTO `vtiger_productcategory` (`productcategoryid`, `productcategory`, `presence`, `picklist_valueid`, `sortorderid`) VALUES
(2, 'Hardware', 1, 136, 1),
(3, 'Software', 1, 137, 2),
(4, 'CRM Applications', 1, 138, 3);

-- --------------------------------------------------------

--
-- Estructura de tabla para la tabla `vtiger_productcategory_seq`
--

CREATE TABLE IF NOT EXISTS `vtiger_productcategory_seq` (
  `id` int(11) NOT NULL
) ENGINE=InnoDB DEFAULT CHARSET=latin1;

--
-- Volcado de datos para la tabla `vtiger_productcategory_seq`
--

INSERT INTO `vtiger_productcategory_seq` (`id`) VALUES
(4);

-- --------------------------------------------------------

--
-- Estructura de tabla para la tabla `vtiger_productcf`
--

CREATE TABLE IF NOT EXISTS `vtiger_productcf` (
  `productid` int(19) NOT NULL DEFAULT '0'
) ENGINE=InnoDB DEFAULT CHARSET=latin1;

--
-- Volcado de datos para la tabla `vtiger_productcf`
--

INSERT INTO `vtiger_productcf` (`productid`) VALUES
(8),
(11),
(12),
(13),
(14),
(15),
(16),
(17),
(18),
(19),
(20),
(21),
(22),
(23),
(24),
(25),
(26),
(27),
(28),
(29),
(30),
(31),
(32),
(33),
(34),
(35),
(36),
(37),
(38),
(39),
(40),
(41),
(42),
(43),
(44),
(45),
(46),
(47),
(48),
(49),
(50),
(51),
(52),
(53),
(54),
(55),
(56),
(57),
(58),
(59),
(60),
(61),
(62),
(63),
(64),
(65),
(66),
(67),
(68),
(69),
(70),
(71),
(72),
(73),
(74),
(75),
(76),
(77),
(78),
(79),
(80),
(81),
(82),
(83),
(84),
(85),
(86),
(87),
(88),
(89),
(90),
(91),
(92),
(93),
(94),
(95),
(96),
(97),
(98),
(99),
(100),
(101),
(102),
(103),
(104),
(105),
(106),
(107),
(108),
(109),
(110),
(111),
(112),
(113),
(114),
(115),
(116),
(117),
(118),
(119),
(120),
(121),
(122),
(123),
(124),
(125),
(126),
(127),
(128),
(129),
(130),
(131),
(132),
(133),
(134),
(135),
(136),
(137),
(138),
(139),
(140),
(141),
(142),
(143),
(144),
(145),
(146),
(147),
(148),
(149),
(150),
(151),
(152),
(153),
(154),
(155),
(156),
(157),
(158),
(159),
(160),
(161),
(162),
(163),
(164),
(165),
(166),
(167),
(168),
(169),
(170),
(171),
(172),
(173),
(174),
(175),
(176),
(177),
(178),
(179),
(180),
(181),
(182),
(183),
(184),
(185),
(186),
(187),
(188),
(189),
(190),
(191),
(192),
(193),
(194),
(195),
(196),
(197),
(198),
(199),
(200),
(201),
(202),
(203),
(204),
(205),
(206),
(207),
(208),
(209),
(210),
(211),
(212),
(213),
(214),
(215),
(216),
(217),
(218),
(219),
(220),
(221),
(222),
(223),
(224),
(225),
(226),
(227),
(228),
(229),
(230),
(231),
(232),
(233),
(234),
(235),
(236),
(237),
(238),
(239),
(240),
(241),
(242),
(243),
(244),
(245),
(246),
(247),
(248),
(249),
(250),
(251),
(252),
(253),
(254),
(255),
(256),
(257),
(258),
(259),
(260),
(261),
(262),
(263),
(264),
(265),
(266),
(267),
(268),
(269),
(270),
(271),
(272),
(273),
(274),
(275),
(276),
(277),
(278),
(279),
(280),
(281),
(282),
(283),
(284),
(285),
(286),
(287),
(288),
(289),
(290),
(291),
(292),
(293),
(294),
(295),
(296),
(297),
(298),
(299),
(300),
(301),
(302),
(303),
(304),
(305),
(306),
(307),
(308),
(309),
(310),
(311),
(312),
(313),
(314),
(315),
(316),
(317),
(318),
(319),
(320),
(321),
(322),
(323),
(324),
(325),
(326),
(327),
(328),
(329),
(330),
(331),
(332),
(333),
(334),
(335),
(336),
(337),
(338),
(339),
(340),
(341),
(342),
(343),
(344),
(345),
(346),
(347),
(348),
(349),
(350),
(351),
(352),
(353),
(354),
(355),
(356),
(357),
(358),
(359),
(360),
(361),
(362),
(363),
(364),
(365),
(366),
(367),
(368),
(369),
(370),
(371),
(372),
(373),
(374),
(375),
(376),
(377),
(378),
(379),
(380),
(381),
(382),
(383),
(384),
(385),
(386),
(387),
(388),
(389),
(390),
(391),
(392),
(393),
(394),
(395),
(396),
(397),
(398),
(399),
(400),
(401),
(402),
(403),
(404),
(405),
(406),
(407),
(408),
(409),
(410),
(411),
(412),
(413),
(414),
(415),
(416),
(417),
(418),
(419),
(420),
(421),
(422),
(423),
(424),
(425),
(426),
(427),
(428),
(429),
(430),
(431),
(432),
(433),
(434),
(435),
(436),
(437),
(438),
(439),
(440),
(441),
(442),
(443),
(444),
(445),
(446),
(447),
(448),
(449),
(450),
(451),
(452),
(453),
(454),
(455),
(456),
(457),
(458),
(459),
(460),
(461),
(462),
(463),
(464),
(465),
(466),
(467),
(468),
(469),
(470),
(471),
(472),
(473),
(474),
(475),
(476),
(477),
(478),
(479),
(480),
(481),
(482),
(483),
(484),
(485),
(486),
(487),
(488),
(489),
(490),
(491),
(492),
(493),
(494),
(495),
(496),
(497),
(498),
(499),
(500),
(501),
(502),
(503),
(504),
(505),
(506),
(507),
(508),
(509),
(510),
(511),
(512),
(513),
(514),
(515),
(516),
(517),
(518),
(519),
(520),
(521),
(522),
(523),
(524),
(525),
(526),
(527),
(528),
(529),
(530),
(531),
(532),
(533),
(534),
(535),
(536),
(537),
(538),
(539),
(540),
(541),
(542),
(543),
(544),
(545),
(546),
(547),
(548),
(549),
(550),
(551),
(552),
(553),
(554),
(555),
(556),
(557),
(558),
(559),
(560),
(561),
(562),
(563),
(564),
(565),
(566),
(567),
(568),
(569),
(570),
(571),
(572),
(573),
(574),
(575),
(576),
(577),
(578),
(579),
(580),
(581),
(582),
(583),
(584),
(585),
(586),
(587),
(588),
(589),
(590),
(591),
(592),
(593),
(594),
(595),
(596),
(597),
(598),
(599),
(600),
(601),
(602),
(603),
(604),
(605),
(606),
(607),
(608),
(609),
(610),
(611),
(612),
(613),
(614),
(615),
(616),
(617),
(618),
(619),
(620),
(621),
(622),
(623),
(624),
(625),
(626),
(627),
(628),
(629),
(630),
(631),
(632),
(633),
(634),
(635),
(636),
(637),
(638),
(639),
(640),
(641),
(642),
(643),
(644),
(645),
(646),
(647),
(648),
(649),
(650),
(651),
(652),
(653),
(654),
(655),
(656),
(657),
(658),
(659),
(660),
(661),
(662),
(663),
(664),
(665),
(666),
(667),
(668),
(669),
(670),
(671),
(672),
(673),
(674),
(675),
(676),
(677),
(678),
(679),
(680),
(681),
(682),
(683),
(684),
(685),
(686),
(687),
(688),
(689),
(690),
(691),
(692),
(693),
(694),
(695),
(696),
(697),
(698),
(699),
(700),
(701),
(702),
(703),
(704);

-- --------------------------------------------------------

--
-- Estructura de tabla para la tabla `vtiger_productcurrencyrel`
--

CREATE TABLE IF NOT EXISTS `vtiger_productcurrencyrel` (
  `productid` int(11) NOT NULL,
  `currencyid` int(11) NOT NULL,
  `converted_price` decimal(28,8) DEFAULT NULL,
  `actual_price` decimal(28,8) DEFAULT NULL
) ENGINE=InnoDB DEFAULT CHARSET=latin1;

--
-- Volcado de datos para la tabla `vtiger_productcurrencyrel`
--

INSERT INTO `vtiger_productcurrencyrel` (`productid`, `currencyid`, `converted_price`, `actual_price`) VALUES
(8, 1, 0.00000000, 0.00000000),
(11, 1, 125.00000000, 125.00000000),
(12, 1, 60.00000000, 60.00000000);

-- --------------------------------------------------------

--
-- Estructura de tabla para la tabla `vtiger_products`
--

CREATE TABLE IF NOT EXISTS `vtiger_products` (
  `productid` int(11) NOT NULL,
  `product_no` varchar(100) NOT NULL,
  `productname` varchar(100) DEFAULT NULL,
  `productcode` varchar(40) DEFAULT NULL,
  `productcategory` varchar(200) DEFAULT NULL,
  `manufacturer` varchar(200) DEFAULT NULL,
  `qty_per_unit` decimal(11,2) DEFAULT '0.00',
  `unit_price` decimal(25,8) DEFAULT NULL,
  `weight` decimal(11,3) DEFAULT NULL,
  `pack_size` int(11) DEFAULT NULL,
  `sales_start_date` date DEFAULT NULL,
  `sales_end_date` date DEFAULT NULL,
  `start_date` date DEFAULT NULL,
  `expiry_date` date DEFAULT NULL,
  `cost_factor` int(11) DEFAULT NULL,
  `commissionrate` decimal(7,3) DEFAULT NULL,
  `commissionmethod` varchar(50) DEFAULT NULL,
  `discontinued` int(1) NOT NULL DEFAULT '0',
  `usageunit` varchar(200) DEFAULT NULL,
  `reorderlevel` int(11) DEFAULT NULL,
  `website` varchar(100) DEFAULT NULL,
  `taxclass` varchar(200) DEFAULT NULL,
  `mfr_part_no` varchar(200) DEFAULT NULL,
  `vendor_part_no` varchar(200) DEFAULT NULL,
  `serialno` varchar(200) DEFAULT NULL,
  `qtyinstock` decimal(25,3) DEFAULT NULL,
  `productsheet` varchar(200) DEFAULT NULL,
  `qtyindemand` int(11) DEFAULT NULL,
  `glacct` varchar(200) DEFAULT NULL,
  `vendor_id` int(11) DEFAULT NULL,
  `imagename` text,
  `currency_id` int(19) NOT NULL DEFAULT '1'
) ENGINE=InnoDB DEFAULT CHARSET=latin1;

--
-- Volcado de datos para la tabla `vtiger_products`
--

INSERT INTO `vtiger_products` (`productid`, `product_no`, `productname`, `productcode`, `productcategory`, `manufacturer`, `qty_per_unit`, `unit_price`, `weight`, `pack_size`, `sales_start_date`, `sales_end_date`, `start_date`, `expiry_date`, `cost_factor`, `commissionrate`, `commissionmethod`, `discontinued`, `usageunit`, `reorderlevel`, `website`, `taxclass`, `mfr_part_no`, `vendor_part_no`, `serialno`, `qtyinstock`, `productsheet`, `qtyindemand`, `glacct`, `vendor_id`, `imagename`, `currency_id`) VALUES
(8, 'PRO1', 'TestingProduct', '', '', '', 0.00, 0.00000000, NULL, NULL, NULL, NULL, NULL, NULL, NULL, 0.000, NULL, 1, '', 0, '', '', '', '', '', -1.000, '', 0, '', 0, '', 1),
(11, 'PRO2', 'TestingProduct2', '', '', '', 0.00, 125.00000000, NULL, NULL, NULL, NULL, NULL, NULL, NULL, 0.000, NULL, 1, '', 0, '', '', '', '', '', 0.000, '', 0, '', 0, '', 1),
(12, 'PRO3', 'TestingProduct3', '', '', '', 0.00, 60.00000000, NULL, NULL, NULL, NULL, NULL, NULL, NULL, 0.000, NULL, 1, '', 0, '', '', '', '', '', 0.000, '', 0, '', 0, '', 1),
(13, 'PRO4', 'ACRILICO PUERTA J 9', 'SF-2222544246 J9', '', 'FRAMEC', 0.00, 0.00000000, NULL, NULL, NULL, NULL, NULL, NULL, NULL, 0.000, NULL, 0, '', 0, '', '', '', '', '', 0.000, '', 0, '', 0, '', 1),
(14, 'PRO5', 'ACRILICO PUERTA J7', 'SF-222204428 J7E', '', 'FRAMEC', 0.00, 0.00000000, NULL, NULL, NULL, NULL, NULL, NULL, NULL, 0.000, NULL, 0, '', 0, '', '', '', '', '', 0.000, '', 0, '', 0, '', 1),
(15, 'PRO6', 'BANDEJA DESAGUE DV 60', 'SF-1721724-DV-60', '', 'FRAMEC', 0.00, 0.00000000, NULL, NULL, NULL, NULL, NULL, NULL, NULL, 0.000, NULL, 0, '', 0, '', '', '', '', '', 0.000, '', 0, '', 0, '', 1),
(16, 'PRO7', 'BRACETO J7 / JV9', 'SF-4400516158000', '', 'FRAMEC', 0.00, 0.00000000, NULL, NULL, NULL, NULL, NULL, NULL, NULL, 0.000, NULL, 0, '', 0, '', '', '', '', '', 0.000, '', 0, '', 0, '', 1),
(17, 'PRO8', 'BURLETE PARA DV 60', 'SF-BURLETEDV6000', '', 'FRAMEC', 0.00, 0.00000000, NULL, NULL, NULL, NULL, NULL, NULL, NULL, 0.000, NULL, 0, '', 0, '', '', '', '', '', 0.000, '', 0, '', 0, '', 1),
(18, 'PRO9', 'CARRO BARQUILLERA J9 EXTRA', 'SF-9J-CARRO00000', '', 'FRAMEC', 0.00, 0.00000000, NULL, NULL, NULL, NULL, NULL, NULL, NULL, 0.000, NULL, 0, '', 0, '', '', '', '', '', 0.000, '', 0, '', 0, '', 1),
(19, 'PRO10', 'CARRO VSJ 625', 'SF-625VSJ - CARR', '', 'FRAMEC', 0.00, 0.00000000, NULL, NULL, NULL, NULL, NULL, NULL, NULL, 0.000, NULL, 0, '', 0, '', '', '', '', '', 0.000, '', 0, '', 0, '', 1),
(20, 'PRO11', 'CARRO VSJ 635', 'SF-635VSJ - CARR', '', 'FRAMEC', 0.00, 0.00000000, NULL, NULL, NULL, NULL, NULL, NULL, NULL, 0.000, NULL, 0, '', 0, '', '', '', '', '', 0.000, '', 0, '', 0, '', 1),
(21, 'PRO12', 'CARRO VSJ 655', 'SF-655VSJ - CARR', '', 'FRAMEC', 0.00, 0.00000000, NULL, NULL, NULL, NULL, NULL, NULL, NULL, 0.000, NULL, 0, '', 0, '', '', '', '', '', 0.000, '', 0, '', 0, '', 1),
(22, 'PRO13', 'CELOSIA FRONTAL VT', 'SF-4420399480020', '', 'FRAMEC', 0.00, 0.00000000, NULL, NULL, NULL, NULL, NULL, NULL, NULL, 0.000, NULL, 0, '', 0, '', '', '', '', '', 0.000, '', 0, '', 0, '', 1),
(23, 'PRO14', 'CELOS', 'SF-4420399475021', '', 'FRAMEC', 0.00, 0.00000000, NULL, NULL, NULL, NULL, NULL, NULL, NULL, 0.000, NULL, 0, '', 0, '', '', '', '', '', 0.000, '', 0, '', 0, '', 1),
(24, 'PRO15', 'CENEFA COMPLETA DV 60', 'SF-CENEFADV60000', '', 'FRAMEC', 0.00, 0.00000000, NULL, NULL, NULL, NULL, NULL, NULL, NULL, 0.000, NULL, 0, '', 0, '', '', '', '', '', 0.000, '', 0, '', 0, '', 1),
(25, 'PRO16', 'Chapa Framec', 'SF-222244362-VSJ', '', 'FRAMEC', 0.00, 0.00000000, NULL, NULL, NULL, NULL, NULL, NULL, NULL, 0.000, NULL, 0, '', 0, '', '', '', '', '', 0.000, '', 0, '', 0, '', 1),
(26, 'PRO17', 'CUBRETUBO DV 60', 'SF-CUBRETUBODV60', '', 'FRAMEC', 0.00, 0.00000000, NULL, NULL, NULL, NULL, NULL, NULL, NULL, 0.000, NULL, 0, '', 0, '', '', '', '', '', 0.000, '', 0, '', 0, '', 1),
(27, 'PRO18', 'ESQUINERO CALIPSO', 'SF-4400699386021', '', 'FRAMEC', 0.00, 0.00000000, NULL, NULL, NULL, NULL, NULL, NULL, NULL, 0.000, NULL, 0, '', 0, '', '', '', '', '', 0.000, '', 0, '', 0, '', 1),
(28, 'PRO19', 'ESQUINERO INFERIOR FRONTAL J7-', 'SF-34071M9954124', '', 'FRAMEC', 0.00, 0.00000000, NULL, NULL, NULL, NULL, NULL, NULL, NULL, 0.000, NULL, 0, '', 0, '', '', '', '', '', 0.000, '', 0, '', 0, '', 1),
(29, 'PRO20', 'ESQUINERO INFERIOR IZQUIERDO J', 'SF-3420499102124', '', 'FRAMEC', 0.00, 0.00000000, NULL, NULL, NULL, NULL, NULL, NULL, NULL, 0.000, NULL, 0, '', 0, '', '', '', '', '', 0.000, '', 0, '', 0, '', 1),
(30, 'PRO21', 'ESQUINERO INFERIOR POSTERIOR J', 'SF-3420499102024', '', 'FRAMEC', 0.00, 0.00000000, NULL, NULL, NULL, NULL, NULL, NULL, NULL, 0.000, NULL, 0, '', 0, '', '', '', '', '', 0.000, '', 0, '', 0, '', 1),
(31, 'PRO22', 'ESQUINERO VT', 'SF-1721884000000', '', 'FRAMEC', 0.00, 0.00000000, NULL, NULL, NULL, NULL, NULL, NULL, NULL, 0.000, NULL, 0, '', 0, '', '', '', '', '', 0.000, '', 0, '', 0, '', 1),
(32, 'PRO23', 'INTERRUPTOR BIPOLAR NEGRO', 'SF-1014073000000', '', 'FRAMEC', 0.00, 0.00000000, NULL, NULL, NULL, NULL, NULL, NULL, NULL, 0.000, NULL, 0, '', 0, '', '', '', '', '', 0.000, '', 0, '', 0, '', 1),
(33, 'PRO24', 'KIT PERNOS CUPULA BARQUILLERA', 'SF-2222044326000', '', 'FRAMEC', 0.00, 0.00000000, NULL, NULL, NULL, NULL, NULL, NULL, NULL, 0.000, NULL, 0, '', 0, '', '', '', '', '', 0.000, '', 0, '', 0, '', 1),
(34, 'PRO25', 'NIVELADORES (BASE PATA)', 'SF-5691013 -DV60', '', 'FRAMEC', 0.00, 0.00000000, NULL, NULL, NULL, NULL, NULL, NULL, NULL, 0.000, NULL, 0, '', 0, '', '', '', '', '', 0.000, '', 0, '', 0, '', 1),
(35, 'PRO26', 'PARRILLA (REJILLA) DV 60', 'SF-0621218000000', '', 'FRAMEC', 0.00, 0.00000000, NULL, NULL, NULL, NULL, NULL, NULL, NULL, 0.000, NULL, 0, '', 0, '', '', '', '', '', 0.000, '', 0, '', 0, '', 1),
(36, 'PRO27', 'PROGRAMADOR C/CAJA ELECT J7/J9', 'SF-4001700003100', '', 'FRAMEC', 0.00, 0.00000000, NULL, NULL, NULL, NULL, NULL, NULL, NULL, 0.000, NULL, 0, '', 0, '', '', '', '', '', 0.000, '', 0, '', 0, '', 1),
(37, 'PRO28', 'RANCO K55', 'SF-4100400005500', '', 'FRAMEC', 0.00, 0.00000000, NULL, NULL, NULL, NULL, NULL, NULL, NULL, 0.000, NULL, 0, '', 0, '', '', '', '', '', 0.000, '', 0, '', 0, '', 1),
(38, 'PRO29', 'REJILLA ANTERIOR', 'SF-1721791000000', '', 'FRAMEC', 0.00, 0.00000000, NULL, NULL, NULL, NULL, NULL, NULL, NULL, 0.000, NULL, 0, '', 0, '', '', '', '', '', 0.000, '', 0, '', 0, '', 1),
(39, 'PRO30', 'REJILLA CHICA J7 / J9', 'SF-REJILLACHICA0', '', 'FRAMEC', 0.00, 0.00000000, NULL, NULL, NULL, NULL, NULL, NULL, NULL, 0.000, NULL, 0, '', 0, '', '', '', '', '', 0.000, '', 0, '', 0, '', 1),
(40, 'PRO31', 'REJILLA CUBRE EVAPORADOR J9', 'SF-REJILLACUBREV', '', 'FRAMEC', 0.00, 0.00000000, NULL, NULL, NULL, NULL, NULL, NULL, NULL, 0.000, NULL, 0, '', 0, '', '', '', '', '', 0.000, '', 0, '', 0, '', 1),
(41, 'PRO32', 'REJILLA CUBRE MOTOR VT 200', 'SF-REJILLAMOTOR0', '', 'FRAMEC', 0.00, 0.00000000, NULL, NULL, NULL, NULL, NULL, NULL, NULL, 0.000, NULL, 0, '', 0, '', '', '', '', '', 0.000, '', 0, '', 0, '', 1),
(42, 'PRO33', 'REJILLA ESCALERA J9', 'SF-REJILLAJ90000', '', 'FRAMEC', 0.00, 0.00000000, NULL, NULL, NULL, NULL, NULL, NULL, NULL, 0.000, NULL, 0, '', 0, '', '', '', '', '', 0.000, '', 0, '', 0, '', 1),
(43, 'PRO34', 'REJILLA TRASERA DV60', 'SF-REJILADV60TRA', '', 'FRAMEC', 0.00, 0.00000000, NULL, NULL, NULL, NULL, NULL, NULL, NULL, 0.000, NULL, 0, '', 0, '', '', '', '', '', 0.000, '', 0, '', 0, '', 1),
(44, 'PRO35', 'REJILLA VSJ', 'SF-4420317920000', '', 'FRAMEC', 0.00, 0.00000000, NULL, NULL, NULL, NULL, NULL, NULL, NULL, 0.000, NULL, 0, '', 0, '', '', '', '', '', 0.000, '', 0, '', 0, '', 1),
(45, 'PRO36', 'RUEDA TWIN CASTOR D50', 'SF-4420500504200', '', 'FRAMEC', 0.00, 0.00000000, NULL, NULL, NULL, NULL, NULL, NULL, NULL, 0.000, NULL, 0, '', 0, '', '', '', '', '', 0.000, '', 0, '', 0, '', 1),
(46, 'PRO37', 'SONDA PTC FRAMEC', 'SF-1185079000000', '', 'FRAMEC', 0.00, 0.00000000, NULL, NULL, NULL, NULL, NULL, NULL, NULL, 0.000, NULL, 0, '', 0, '', '', '', '', '', 0.000, '', 0, '', 0, '', 1),
(47, 'PRO38', 'SOPORTE VIGA CANASTILLOS', 'SF-1721836000000', '', 'FRAMEC', 0.00, 0.00000000, NULL, NULL, NULL, NULL, NULL, NULL, NULL, 0.000, NULL, 0, '', 0, '', '', '', '', '', 0.000, '', 0, '', 0, '', 1),
(48, 'PRO39', 'SOPORTES DV 60', 'SF-1701695 -DV60', '', 'FRAMEC', 0.00, 0.00000000, NULL, NULL, NULL, NULL, NULL, NULL, NULL, 0.000, NULL, 0, '', 0, '', '', '', '', '', 0.000, '', 0, '', 0, '', 1),
(49, 'PRO40', 'TAPA BARQUILLERA', 'SF-TAPANEGRA0000', '', 'FRAMEC', 0.00, 0.00000000, NULL, NULL, NULL, NULL, NULL, NULL, NULL, 0.000, NULL, 0, '', 0, '', '', '', '', '', 0.000, '', 0, '', 0, '', 1),
(50, 'PRO41', 'TAPA INFERIOR VS J 625', 'SF-4611918609-62', '', 'FRAMEC', 0.00, 0.00000000, NULL, NULL, NULL, NULL, NULL, NULL, NULL, 0.000, NULL, 0, '', 0, '', '', '', '', '', 0.000, '', 0, '', 0, '', 1),
(51, 'PRO42', 'TAPA INFERIOR VS J 635', 'SF-461191861-635', '', 'FRAMEC', 0.00, 0.00000000, NULL, NULL, NULL, NULL, NULL, NULL, NULL, 0.000, NULL, 0, '', 0, '', '', '', '', '', 0.000, '', 0, '', 0, '', 1),
(52, 'PRO43', 'TAPA INFERIOR VSJ 655', 'SF-3410724165005', '', 'FRAMEC', 0.00, 0.00000000, NULL, NULL, NULL, NULL, NULL, NULL, NULL, 0.000, NULL, 0, '', 0, '', '', '', '', '', 0.000, '', 0, '', 0, '', 1),
(53, 'PRO44', 'TAPA INFERIOR VT 150', 'SF-9901563F00000', '', 'FRAMEC', 0.00, 0.00000000, NULL, NULL, NULL, NULL, NULL, NULL, NULL, 0.000, NULL, 0, '', 0, '', '', '', '', '', 0.000, '', 0, '', 0, '', 1),
(54, 'PRO45', 'TAPA INFERIOR VT 200', 'SF-9901567-VT20I', '', 'FRAMEC', 0.00, 0.00000000, NULL, NULL, NULL, NULL, NULL, NULL, NULL, 0.000, NULL, 0, '', 0, '', '', '', '', '', 0.000, '', 0, '', 0, '', 1),
(55, 'PRO46', 'TAPA INFERIOR VT250', 'SF-8998311-VT25I', '', 'FRAMEC', 0.00, 0.00000000, NULL, NULL, NULL, NULL, NULL, NULL, NULL, 0.000, NULL, 0, '', 0, '', '', '', '', '', 0.000, '', 0, '', 0, '', 1),
(56, 'PRO47', 'TAPA SUPERIOR VS J 625', 'SF-4601919805-62', '', 'FRAMEC', 0.00, 0.00000000, NULL, NULL, NULL, NULL, NULL, NULL, NULL, 0.000, NULL, 0, '', 0, '', '', '', '', '', 0.000, '', 0, '', 0, '', 1),
(57, 'PRO48', 'TAPA SUPERIOR VT 150', 'SF-9901564F00000', '', 'FRAMEC', 0.00, 0.00000000, NULL, NULL, NULL, NULL, NULL, NULL, NULL, 0.000, NULL, 0, '', 0, '', '', '', '', '', 0.000, '', 0, '', 0, '', 1),
(58, 'PRO49', 'TAPA SUPERIOR VT200', 'SF-8998310-VT200', '', 'FRAMEC', 0.00, 0.00000000, NULL, NULL, NULL, NULL, NULL, NULL, NULL, 0.000, NULL, 0, '', 0, '', '', '', '', '', 0.000, '', 0, '', 0, '', 1),
(59, 'PRO50', 'TAPON DESAGUE FRAMEC', 'SF-3420499581000', '', 'FRAMEC', 0.00, 0.00000000, NULL, NULL, NULL, NULL, NULL, NULL, NULL, 0.000, NULL, 0, '', 0, '', '', '', '', '', 0.000, '', 0, '', 0, '', 1),
(60, 'PRO51', 'TAPON ESQUINERO, DE ROSCA', 'SF-3410799489000', '', 'FRAMEC', 0.00, 0.00000000, NULL, NULL, NULL, NULL, NULL, NULL, NULL, 0.000, NULL, 0, '', 0, '', '', '', '', '', 0.000, '', 0, '', 0, '', 1),
(61, 'PRO52', 'TERMOMETRO RECTANGULAR BRIO', 'SF-4100500027200', '', 'FRAMEC', 0.00, 0.00000000, NULL, NULL, NULL, NULL, NULL, NULL, NULL, 0.000, NULL, 0, '', 0, '', '', '', '', '', 0.000, '', 0, '', 0, '', 1),
(62, 'PRO53', 'TIMER BIGATTI ISLA', 'SF-4001700002100', '', 'FRAMEC', 0.00, 0.00000000, NULL, NULL, NULL, NULL, NULL, NULL, NULL, 0.000, NULL, 0, '', 0, '', '', '', '', '', 0.000, '', 0, '', 0, '', 1),
(63, 'PRO54', 'UNION T PARA CALIPSO', 'SF-4400-UNION-T-', '', 'FRAMEC', 0.00, 0.00000000, NULL, NULL, NULL, NULL, NULL, NULL, NULL, 0.000, NULL, 0, '', 0, '', '', '', '', '', 0.000, '', 0, '', 0, '', 1),
(64, 'PRO55', 'VIDRIO FRONTAL NICE PRO 12', 'SF-100001TCL NP1', '', 'FRAMEC', 0.00, 0.00000000, NULL, NULL, NULL, NULL, NULL, NULL, NULL, 0.000, NULL, 0, '', 0, '', '', '', '', '', 0.000, '', 0, '', 0, '', 1),
(65, 'PRO56', 'VIDRIO LATERAL J7 - J9', 'SF-46014232-J7/9', '', 'FRAMEC', 0.00, 0.00000000, NULL, NULL, NULL, NULL, NULL, NULL, NULL, 0.000, NULL, 0, '', 0, '', '', '', '', '', 0.000, '', 0, '', 0, '', 1),
(66, 'PRO57', 'VIDRIO LATERAL NICE PRO 12', 'SF-100002TCL NP1', '', 'FRAMEC', 0.00, 0.00000000, NULL, NULL, NULL, NULL, NULL, NULL, NULL, 0.000, NULL, 0, '', 0, '', '', '', '', '', 0.000, '', 0, '', 0, '', 1),
(67, 'PRO58', '0250 Aislaci', 'ST-CINTAAISLADOR', '', 'GENERICO', 0.00, 0.00000000, NULL, NULL, NULL, NULL, NULL, NULL, NULL, 0.000, NULL, 0, '', 0, '', '', '', '', '', 0.000, '', 0, '', 0, '', 1),
(68, 'PRO59', 'ACEROS CUBRE VASCA', 'ST-ACEROS0000000', '', 'GENERICO', 0.00, 0.00000000, NULL, NULL, NULL, NULL, NULL, NULL, NULL, 0.000, NULL, 0, '', 0, '', '', '', '', '', 0.000, '', 0, '', 0, '', 1),
(69, 'PRO60', 'ACOPLE R PL SS', 'ST-ACOPLE0000000', '', 'GENERICO', 0.00, 0.00000000, NULL, NULL, NULL, NULL, NULL, NULL, NULL, 0.000, NULL, 0, '', 0, '', '', '', '', '', 0.000, '', 0, '', 0, '', 1),
(70, 'PRO61', 'ADAPTADOR MAGNETICO 5-16', 'ST-ADAPTADORMAGN', '', 'GENERICO', 0.00, 0.00000000, NULL, NULL, NULL, NULL, NULL, NULL, NULL, 0.000, NULL, 0, '', 0, '', '', '', '', '', 0.000, '', 0, '', 0, '', 1),
(71, 'PRO62', 'AISLACION 1/2X3/8 (9X12)', 'ST-AISLACION0000', '', 'GENERICO', 0.00, 0.00000000, NULL, NULL, NULL, NULL, NULL, NULL, NULL, 0.000, NULL, 0, '', 0, '', '', '', '', '', 0.000, '', 0, '', 0, '', 1),
(72, 'PRO63', 'Alojamiento Inferior Tapa CV', 'ST-ALOJAMIENTOIN', '', 'GENERICO', 0.00, 0.00000000, NULL, NULL, NULL, NULL, NULL, NULL, NULL, 0.000, NULL, 0, '', 0, '', '', '', '', '', 0.000, '', 0, '', 0, '', 1),
(73, 'PRO64', 'ANGULO 10X10', 'ST-ANGULO0000001', '', 'GENERICO', 0.00, 0.00000000, NULL, NULL, NULL, NULL, NULL, NULL, NULL, 0.000, NULL, 0, '', 0, '', '', '', '', '', 0.000, '', 0, '', 0, '', 1),
(74, 'PRO65', 'ANGULO 20X10', 'ST-ANGULO0000003', '', 'GENERICO', 0.00, 0.00000000, NULL, NULL, NULL, NULL, NULL, NULL, NULL, 0.000, NULL, 0, '', 0, '', '', '', '', '', 0.000, '', 0, '', 0, '', 1),
(75, 'PRO66', 'ANGULO ALUM 25X12', 'ST-ANGULO25X1200', '', 'GENERICO', 0.00, 0.00000000, NULL, NULL, NULL, NULL, NULL, NULL, NULL, 0.000, NULL, 0, '', 0, '', '', '', '', '', 0.000, '', 0, '', 0, '', 1),
(76, 'PRO67', 'ANGULO ALUMINIO 13 X 13 MM', 'ST-ANGULO0000000', '', 'GENERICO', 0.00, 0.00000000, NULL, NULL, NULL, NULL, NULL, NULL, NULL, 0.000, NULL, 0, '', 0, '', '', '', '', '', 0.000, '', 0, '', 0, '', 1),
(77, 'PRO68', 'ANGULO ALUMINIO 20 X 20', 'ST-ANGULO20X20AL', '', 'GENERICO', 0.00, 0.00000000, NULL, NULL, NULL, NULL, NULL, NULL, NULL, 0.000, NULL, 0, '', 0, '', '', '', '', '', 0.000, '', 0, '', 0, '', 1),
(78, 'PRO69', 'ANGULO FIERRO 20X3', 'ST-ANGULOFE00000', '', 'GENERICO', 0.00, 0.00000000, NULL, NULL, NULL, NULL, NULL, NULL, NULL, 0.000, NULL, 0, '', 0, '', '', '', '', '', 0.000, '', 0, '', 0, '', 1),
(79, 'PRO70', 'ANTIVIBRADOR 5/8', 'ST-ANTIVIBRAD5/8', '', 'GENERICO', 0.00, 0.00000000, NULL, NULL, NULL, NULL, NULL, NULL, NULL, 0.000, NULL, 0, '', 0, '', '', '', '', '', 0.000, '', 0, '', 0, '', 1),
(80, 'PRO71', 'Apendice de Carga', 'ST-APENDICECARGA', '', 'GENERICO', 0.00, 0.00000000, NULL, NULL, NULL, NULL, NULL, NULL, NULL, 0.000, NULL, 0, '', 0, '', '', '', '', '', 0.000, '', 0, '', 0, '', 1),
(81, 'PRO72', 'ASPA 172MM ASPIRANTE', 'ST-ASPA172000000', '', 'GENERICO', 0.00, 0.00000000, NULL, NULL, NULL, NULL, NULL, NULL, NULL, 0.000, NULL, 0, '', 0, '', '', '', '', '', 0.000, '', 0, '', 0, '', 1),
(82, 'PRO73', 'ASPA 200 MM', 'ST-ASPA200MM0000', '', 'GENERICO', 0.00, 0.00000000, NULL, NULL, NULL, NULL, NULL, NULL, NULL, 0.000, NULL, 0, '', 0, '', '', '', '', '', 0.000, '', 0, '', 0, '', 1),
(83, 'PRO74', 'BALLAST 1 X 54W OSRAM', 'ST-BALLAST000002', '', 'GENERICO', 0.00, 0.00000000, NULL, NULL, NULL, NULL, NULL, NULL, NULL, 0.000, NULL, 0, '', 0, '', '', '', '', '', 0.000, '', 0, '', 0, '', 1),
(84, 'PRO75', 'Ballast Cascada', 'ST-BALLAST000001', '', 'GENERICO', 0.00, 0.00000000, NULL, NULL, NULL, NULL, NULL, NULL, NULL, 0.000, NULL, 0, '', 0, '', '', '', '', '', 0.000, '', 0, '', 0, '', 1),
(85, 'PRO76', 'Ballats 15,18,20,32,36,40w', 'ST-BALLAST000000', '', 'GENERICO', 0.00, 0.00000000, NULL, NULL, NULL, NULL, NULL, NULL, NULL, 0.000, NULL, 0, '', 0, '', '', '', '', '', 0.000, '', 0, '', 0, '', 1),
(86, 'PRO77', 'BANDEJAS DESAGUE MILLENIUM', 'ST-003MILBANDESA', '', 'GENERICO', 0.00, 0.00000000, NULL, NULL, NULL, NULL, NULL, NULL, NULL, 0.000, NULL, 0, '', 0, '', '', '', '', '', 0.000, '', 0, '', 0, '', 1),
(87, 'PRO78', 'BANDEJAS MURAL MD 14', 'ST-BANDEJA000000', '', 'GENERICO', 0.00, 0.00000000, NULL, NULL, NULL, NULL, NULL, NULL, NULL, 0.000, NULL, 0, '', 0, '', '', '', '', '', 0.000, '', 0, '', 0, '', 1),
(88, 'PRO79', 'BANEJA DESAGUE J7 / J9 CUBILLO', 'ST-002J7BANDEJAD', '', 'GENERICO', 0.00, 0.00000000, NULL, NULL, NULL, NULL, NULL, NULL, NULL, 0.000, NULL, 0, '', 0, '', '', '', '', '', 0.000, '', 0, '', 0, '', 1),
(89, 'PRO80', 'Base Partidos Tubo Fluorescentes', '3', '', 'GENERICO', 0.00, 0.00000000, NULL, NULL, NULL, NULL, NULL, NULL, NULL, 0.000, NULL, 0, '', 0, '', '', '', '', '', 0.000, '', 0, '', 0, '', 1),
(90, 'PRO81', 'Base Tubo Fluorescentes', 'ST-BASETUBO00000', '', 'GENERICO', 0.00, 0.00000000, NULL, NULL, NULL, NULL, NULL, NULL, NULL, 0.000, NULL, 0, '', 0, '', '', '', '', '', 0.000, '', 0, '', 0, '', 1),
(91, 'PRO82', 'BOBINA 018', 'ST-BOBINA0000000', '', 'GENERICO', 0.00, 0.00000000, NULL, NULL, NULL, NULL, NULL, NULL, NULL, 0.000, NULL, 0, '', 0, '', '', '', '', '', 0.000, '', 0, '', 0, '', 1),
(92, 'PRO83', 'CAJA CHUKI', 'ST-CAJACHUKI0000', '', 'GENERICO', 0.00, 0.00000000, NULL, NULL, NULL, NULL, NULL, NULL, NULL, 0.000, NULL, 0, '', 0, '', '', '', '', '', 0.000, '', 0, '', 0, '', 1),
(93, 'PRO84', 'CAJA ESTAMCA 80X80 C/CONO', 'ST-CAJAESTANCA00', '', 'GENERICO', 0.00, 0.00000000, NULL, NULL, NULL, NULL, NULL, NULL, NULL, 0.000, NULL, 0, '', 0, '', '', '', '', '', 0.000, '', 0, '', 0, '', 1),
(94, 'PRO85', 'CALEFACTOR DESAGUE W16', 'ST-CALAFACTOR000', '', 'GENERICO', 0.00, 0.00000000, NULL, NULL, NULL, NULL, NULL, NULL, NULL, 0.000, NULL, 0, '', 0, '', '', '', '', '', 0.000, '', 0, '', 0, '', 1),
(95, 'PRO86', 'CANAL UE169 10X10', 'ST-CANALETA10X10', '', 'GENERICO', 0.00, 0.00000000, NULL, NULL, NULL, NULL, NULL, NULL, NULL, 0.000, NULL, 0, '', 0, '', '', '', '', '', 0.000, '', 0, '', 0, '', 1),
(96, 'PRO87', 'CAPACITOR  PARTIDA 56-70', 'ST-CAPACITOR56-7', '', 'GENERICO', 0.00, 0.00000000, NULL, NULL, NULL, NULL, NULL, NULL, NULL, 0.000, NULL, 0, '', 0, '', '', '', '', '', 0.000, '', 0, '', 0, '', 1),
(97, 'PRO88', 'Capacitor 66-77 mF CV200', '22', '', 'GENERICO', 0.00, 0.00000000, NULL, NULL, NULL, NULL, NULL, NULL, NULL, 0.000, NULL, 0, '', 0, '', '', '', '', '', 0.000, '', 0, '', 0, '', 1),
(98, 'PRO89', 'CAPACITOR 88 - 106MFD 330VAC', 'ST-CAPACITOR0000', '', 'GENERICO', 0.00, 0.00000000, NULL, NULL, NULL, NULL, NULL, NULL, NULL, 0.000, NULL, 0, '', 0, '', '', '', '', '', 0.000, '', 0, '', 0, '', 1),
(99, 'PRO90', 'CAPACITOR DE PARTIDA 145-175 M', 'ST-CAPACITOR-145', '', 'GENERICO', 0.00, 0.00000000, NULL, NULL, NULL, NULL, NULL, NULL, NULL, 0.000, NULL, 0, '', 0, '', '', '', '', '', 0.000, '', 0, '', 0, '', 1),
(100, 'PRO91', 'CAPACITOR DE PARTIDA 64-77', 'ST-CAPACITOR-640', '', 'GENERICO', 0.00, 0.00000000, NULL, NULL, NULL, NULL, NULL, NULL, NULL, 0.000, NULL, 0, '', 0, '', '', '', '', '', 0.000, '', 0, '', 0, '', 1),
(101, 'PRO92', 'CAPACITOR MARCHA 10MFD 370', 'ST-CAPACITOR1000', '', 'GENERICO', 0.00, 0.00000000, NULL, NULL, NULL, NULL, NULL, NULL, NULL, 0.000, NULL, 0, '', 0, '', '', '', '', '', 0.000, '', 0, '', 0, '', 1),
(102, 'PRO93', 'Carro', '4207e0ee-5d7c-7a94-a04b-5551c51c7a8c', '', 'GENERICO', 0.00, 0.00000000, NULL, NULL, NULL, NULL, NULL, NULL, NULL, 0.000, NULL, 0, '', 0, '', '', '', '', '', 0.000, '', 0, '', 0, '', 1),
(103, 'PRO94', 'Chapa Alternativa', '16', '', 'GENERICO', 0.00, 0.00000000, NULL, NULL, NULL, NULL, NULL, NULL, NULL, 0.000, NULL, 0, '', 0, '', '', '', '', '', 0.000, '', 0, '', 0, '', 1),
(104, 'PRO95', 'CINTA AEROTAPE 9.1 MTS X 50MM', 'ST-CINTA00000000', '', 'GENERICO', 0.00, 0.00000000, NULL, NULL, NULL, NULL, NULL, NULL, NULL, 0.000, NULL, 0, '', 0, '', '', '', '', '', 0.000, '', 0, '', 0, '', 1),
(105, 'PRO96', 'COMPRESOR 2416 ZK-2134', 'ST-COMPRESOR2416', '', 'GENERICO', 0.00, 0.00000000, NULL, NULL, NULL, NULL, NULL, NULL, NULL, 0.000, NULL, 0, '', 0, '', '', '', '', '', 0.000, '', 0, '', 0, '', 1),
(106, 'PRO97', 'COMPRESOR 6220', 'ST-COMPRESOR6220', '', 'GENERICO', 0.00, 0.00000000, NULL, NULL, NULL, NULL, NULL, NULL, NULL, 0.000, NULL, 0, '', 0, '', '', '', '', '', 0.000, '', 0, '', 0, '', 1),
(107, 'PRO98', 'COMPRESOR 9232', 'ST-COMPRESOR9232', '', 'GENERICO', 0.00, 0.00000000, NULL, NULL, NULL, NULL, NULL, NULL, NULL, 0.000, NULL, 0, '', 0, '', '', '', '', '', 0.000, '', 0, '', 0, '', 1),
(108, 'PRO99', 'COMPRESOR ASPERA T2168 GK', 'ST-COMPRESORT216', '', 'GENERICO', 0.00, 0.00000000, NULL, NULL, NULL, NULL, NULL, NULL, NULL, 0.000, NULL, 0, '', 0, '', '', '', '', '', 0.000, '', 0, '', 0, '', 1),
(109, 'PRO100', 'COMPRESOR ASPERA T-2180GK', 'ST-COMPRESOR2180', '', 'GENERICO', 0.00, 0.00000000, NULL, NULL, NULL, NULL, NULL, NULL, NULL, 0.000, NULL, 0, '', 0, '', '', '', '', '', 0.000, '', 0, '', 0, '', 1),
(110, 'PRO101', 'COMPRESOR CA2435  Z', 'ST-COMPRESOR2435', '', 'GENERICO', 0.00, 0.00000000, NULL, NULL, NULL, NULL, NULL, NULL, NULL, 0.000, NULL, 0, '', 0, '', '', '', '', '', 0.000, '', 0, '', 0, '', 1),
(111, 'PRO102', 'COMPRESOR FF-12-HBK', 'ST-COMPRESOR0000', '', 'GENERICO', 0.00, 0.00000000, NULL, NULL, NULL, NULL, NULL, NULL, NULL, 0.000, NULL, 0, '', 0, '', '', '', '', '', 0.000, '', 0, '', 0, '', 1),
(112, 'PRO103', 'COMPRESOR FF80HAK R-134 1118', 'ST-COMPRESOR80FF', '', 'GENERICO', 0.00, 0.00000000, NULL, NULL, NULL, NULL, NULL, NULL, NULL, 0.000, NULL, 0, '', 0, '', '', '', '', '', 0.000, '', 0, '', 0, '', 1),
(113, 'PRO104', 'COMPRESOR FG-85-HAK', 'ST-COMPRESOR0007', '', 'GENERICO', 0.00, 0.00000000, NULL, NULL, NULL, NULL, NULL, NULL, NULL, 0.000, NULL, 0, '', 0, '', '', '', '', '', 0.000, '', 0, '', 0, '', 1),
(114, 'PRO105', 'COMPRESOR MS22TB R404/507', 'ST-COMPRESORMS22', '', 'GENERICO', 0.00, 0.00000000, NULL, NULL, NULL, NULL, NULL, NULL, NULL, 0.000, NULL, 0, '', 0, '', '', '', '', '', 0.000, '', 0, '', 0, '', 1),
(115, 'PRO106', 'COMPRESOR MS26TB R404/507', 'ST-COMPRESORMS26', '', 'GENERICO', 0.00, 0.00000000, NULL, NULL, NULL, NULL, NULL, NULL, NULL, 0.000, NULL, 0, '', 0, '', '', '', '', '', 0.000, '', 0, '', 0, '', 1),
(116, 'PRO107', 'COMPRESOR MX21FBA EX 2178GK', 'ST-COMPRESORMX21', '', 'GENERICO', 0.00, 0.00000000, NULL, NULL, NULL, NULL, NULL, NULL, NULL, 0.000, NULL, 0, '', 0, '', '', '', '', '', 0.000, '', 0, '', 0, '', 1),
(117, 'PRO108', 'COMPRESOR NEK 2150 GK', 'ST-COMPRESOR2150', '', 'GENERICO', 0.00, 0.00000000, NULL, NULL, NULL, NULL, NULL, NULL, NULL, 0.000, NULL, 0, '', 0, '', '', '', '', '', 0.000, '', 0, '', 0, '', 1),
(118, 'PRO109', 'COMPRESOR NF10FX SECOP 1/4HP R', 'ST-COMPRESORNF10', '', 'GENERICO', 0.00, 0.00000000, NULL, NULL, NULL, NULL, NULL, NULL, NULL, 0.000, NULL, 0, '', 0, '', '', '', '', '', 0.000, '', 0, '', 0, '', 1),
(119, 'PRO110', 'COMPRESOR NF11FX SECOP 1/3 HP', 'ST-COMPRESORNF11', '', 'GENERICO', 0.00, 0.00000000, NULL, NULL, NULL, NULL, NULL, NULL, NULL, 0.000, NULL, 0, '', 0, '', '', '', '', '', 0.000, '', 0, '', 0, '', 1),
(120, 'PRO111', 'COMPRESOR NF9FX R-134 1/4 HP S', 'ST-COMPRESORNF90', '', 'GENERICO', 0.00, 0.00000000, NULL, NULL, NULL, NULL, NULL, NULL, NULL, 0.000, NULL, 0, '', 0, '', '', '', '', '', 0.000, '', 0, '', 0, '', 1),
(121, 'PRO112', 'COMPRESOR NJ 2192 GK 404', 'ST-COMPRESOR2192', '', 'GENERICO', 0.00, 0.00000000, NULL, NULL, NULL, NULL, NULL, NULL, NULL, 0.000, NULL, 0, '', 0, '', '', '', '', '', 0.000, '', 0, '', 0, '', 1),
(122, 'PRO113', 'COMPRESOR NJ 6226 Z', 'ST-COMPRESOR6226', '', 'GENERICO', 0.00, 0.00000000, NULL, NULL, NULL, NULL, NULL, NULL, NULL, 0.000, NULL, 0, '', 0, '', '', '', '', '', 0.000, '', 0, '', 0, '', 1),
(123, 'PRO114', 'COMPRESOR NJ 9238 GK', 'ST-COMPRESOR9238', '', 'GENERICO', 0.00, 0.00000000, NULL, NULL, NULL, NULL, NULL, NULL, NULL, 0.000, NULL, 0, '', 0, '', '', '', '', '', 0.000, '', 0, '', 0, '', 1),
(124, 'PRO115', 'COMPRESOR NJ2212 GK 1.25 HP R4', 'ST-COMPRESOR2212', '', 'GENERICO', 0.00, 0.00000000, NULL, NULL, NULL, NULL, NULL, NULL, NULL, 0.000, NULL, 0, '', 0, '', '', '', '', '', 0.000, '', 0, '', 0, '', 1),
(125, 'PRO116', 'COMPRESOR NJ9226 GK 1HP R04', 'ST-COMPRESOR9226', '', 'GENERICO', 0.00, 0.00000000, NULL, NULL, NULL, NULL, NULL, NULL, NULL, 0.000, NULL, 0, '', 0, '', '', '', '', '', 0.000, '', 0, '', 0, '', 1),
(126, 'PRO117', 'COMPRESOR NT /  T 2178 GK', 'ST-COMPRESORT217', '', 'GENERICO', 0.00, 0.00000000, NULL, NULL, NULL, NULL, NULL, NULL, NULL, 0.000, NULL, 0, '', 0, '', '', '', '', '', 0.000, '', 0, '', 0, '', 1),
(127, 'PRO118', 'COMPRESOR SC 12CL, R404', 'ST-COMPRESORSC12', '', 'GENERICO', 0.00, 0.00000000, NULL, NULL, NULL, NULL, NULL, NULL, NULL, 0.000, NULL, 0, '', 0, '', '', '', '', '', 0.000, '', 0, '', 0, '', 1),
(128, 'PRO119', 'COMPRESOR SC12G R-134 1/3HP', 'ST-COMPRESOR12G0', '', 'GENERICO', 0.00, 0.00000000, NULL, NULL, NULL, NULL, NULL, NULL, NULL, 0.000, NULL, 0, '', 0, '', '', '', '', '', 0.000, '', 0, '', 0, '', 1),
(129, 'PRO120', 'COMPRESOR WJ 9490 Z', 'ST-COMPRESOR9490', '', 'GENERICO', 0.00, 0.00000000, NULL, NULL, NULL, NULL, NULL, NULL, NULL, 0.000, NULL, 0, '', 0, '', '', '', '', '', 0.000, '', 0, '', 0, '', 1),
(130, 'PRO121', 'COMPRESOR WJ2450ZK SA (NJ2192G', 'ST-COMPRESWJ2450', '', 'GENERICO', 0.00, 0.00000000, NULL, NULL, NULL, NULL, NULL, NULL, NULL, 0.000, NULL, 0, '', 0, '', '', '', '', '', 0.000, '', 0, '', 0, '', 1),
(131, 'PRO122', 'CONECTOR INDUSTRIAL HEMBRA', 'ST-CONECTORHEMBR', '', 'GENERICO', 0.00, 0.00000000, NULL, NULL, NULL, NULL, NULL, NULL, NULL, 0.000, NULL, 0, '', 0, '', '', '', '', '', 0.000, '', 0, '', 0, '', 1),
(132, 'PRO123', 'CONECTOR MACHO INDURARC', 'ST-3020729INDURA', '', 'GENERICO', 0.00, 0.00000000, NULL, NULL, NULL, NULL, NULL, NULL, NULL, 0.000, NULL, 0, '', 0, '', '', '', '', '', 0.000, '', 0, '', 0, '', 1),
(133, 'PRO124', 'Conjunto Reley FFI-12', 'ST-KIT1200000000', '', 'GENERICO', 0.00, 0.00000000, NULL, NULL, NULL, NULL, NULL, NULL, NULL, 0.000, NULL, 0, '', 0, '', '', '', '', '', 0.000, '', 0, '', 0, '', 1),
(134, 'PRO125', 'CONTACTOR 25A AC3 220V', 'ST-CONTACTOR0000', '', 'GENERICO', 0.00, 0.00000000, NULL, NULL, NULL, NULL, NULL, NULL, NULL, 0.000, NULL, 0, '', 0, '', '', '', '', '', 0.000, '', 0, '', 0, '', 1),
(135, 'PRO126', 'Control carel con 2 Sondas', 'ST-CONTROLADOR00', '', 'GENERICO', 0.00, 0.00000000, NULL, NULL, NULL, NULL, NULL, NULL, NULL, 0.000, NULL, 0, '', 0, '', '', '', '', '', 0.000, '', 0, '', 0, '', 1),
(136, 'PRO127', 'CONTROLADOR DIXEL XR72 CX', 'ST-CONTROLADORXR', '', 'GENERICO', 0.00, 0.00000000, NULL, NULL, NULL, NULL, NULL, NULL, NULL, 0.000, NULL, 0, '', 0, '', '', '', '', '', 0.000, '', 0, '', 0, '', 1),
(137, 'PRO128', 'CONTROLADOR EKC 102 A 1 RELE 1', 'ST-CONTROLADOREK', '', 'GENERICO', 0.00, 0.00000000, NULL, NULL, NULL, NULL, NULL, NULL, NULL, 0.000, NULL, 0, '', 0, '', '', '', '', '', 0.000, '', 0, '', 0, '', 1),
(138, 'PRO129', 'CORDON 3 X 0.75 NEGRO', 'ST-CORDON0,75001', '', 'GENERICO', 0.00, 0.00000000, NULL, NULL, NULL, NULL, NULL, NULL, NULL, 0.000, NULL, 0, '', 0, '', '', '', '', '', 0.000, '', 0, '', 0, '', 1),
(139, 'PRO130', 'Cordon 3 x 1,5 (mts)', 'ST-CORDON0000000', '', 'GENERICO', 0.00, 0.00000000, NULL, NULL, NULL, NULL, NULL, NULL, NULL, 0.000, NULL, 0, '', 0, '', '', '', '', '', 0.000, '', 0, '', 0, '', 1),
(140, 'PRO131', 'Correa 60', 'ST-CORREA0000000', '', 'GENERICO', 0.00, 0.00000000, NULL, NULL, NULL, NULL, NULL, NULL, NULL, 0.000, NULL, 0, '', 0, '', '', '', '', '', 0.000, '', 0, '', 0, '', 1),
(141, 'PRO132', 'Correas A62', '17', '', 'GENERICO', 0.00, 0.00000000, NULL, NULL, NULL, NULL, NULL, NULL, NULL, 0.000, NULL, 0, '', 0, '', '', '', '', '', 0.000, '', 0, '', 0, '', 1),
(142, 'PRO133', 'CUBRE TUBO', 'ST-CUBRETUBO0000', '', 'GENERICO', 0.00, 0.00000000, NULL, NULL, NULL, NULL, NULL, NULL, NULL, 0.000, NULL, 0, '', 0, '', '', '', '', '', 0.000, '', 0, '', 0, '', 1),
(143, 'PRO134', 'ENCHUFE 16 AMP HEMBRA, 220V', 'ST-16AMPENCHEMBR', '', 'GENERICO', 0.00, 0.00000000, NULL, NULL, NULL, NULL, NULL, NULL, NULL, 0.000, NULL, 0, '', 0, '', '', '', '', '', 0.000, '', 0, '', 0, '', 1),
(144, 'PRO135', 'ENCHUFE DE SEGURIDAD LEXO 16 AMP', 'ST-ENCHUFEMACHO2', '', 'GENERICO', 0.00, 0.00000000, NULL, NULL, NULL, NULL, NULL, NULL, NULL, 0.000, NULL, 0, '', 0, '', '', '', '', '', 0.000, '', 0, '', 0, '', 1),
(145, 'PRO136', 'ENCHUFE DINCE', 'ST-3004705INDURA', '', 'GENERICO', 0.00, 0.00000000, NULL, NULL, NULL, NULL, NULL, NULL, NULL, 0.000, NULL, 0, '', 0, '', '', '', '', '', 0.000, '', 0, '', 0, '', 1),
(146, 'PRO137', 'ENCHUFE HEMBRA INDUST 32A', 'ST-ENCHUFE32AHEM', '', 'GENERICO', 0.00, 0.00000000, NULL, NULL, NULL, NULL, NULL, NULL, NULL, 0.000, NULL, 0, '', 0, '', '', '', '', '', 0.000, '', 0, '', 0, '', 1),
(147, 'PRO138', 'Enchufe Macho 10 AMP', 'ST-ENCHUFEMACHO1', '', 'GENERICO', 0.00, 0.00000000, NULL, NULL, NULL, NULL, NULL, NULL, NULL, 0.000, NULL, 0, '', 0, '', '', '', '', '', 0.000, '', 0, '', 0, '', 1),
(148, 'PRO139', 'ENCHUFE MACHO DE 16A 220V', 'ST-16AMPENCHMACH', '', 'GENERICO', 0.00, 0.00000000, NULL, NULL, NULL, NULL, NULL, NULL, NULL, 0.000, NULL, 0, '', 0, '', '', '', '', '', 0.000, '', 0, '', 0, '', 1),
(149, 'PRO140', 'ENCHUFE MACHO INDUST 32A', 'ST-ENCHUFE32AMAC', '', 'GENERICO', 0.00, 0.00000000, NULL, NULL, NULL, NULL, NULL, NULL, NULL, 0.000, NULL, 0, '', 0, '', '', '', '', '', 0.000, '', 0, '', 0, '', 1),
(150, 'PRO141', 'ESQUINERO DX MESA APOYO BARQUI', 'ST-002J7-9ESQDER', '', 'GENERICO', 0.00, 0.00000000, NULL, NULL, NULL, NULL, NULL, NULL, NULL, 0.000, NULL, 0, '', 0, '', '', '', '', '', 0.000, '', 0, '', 0, '', 1),
(151, 'PRO142', 'ESQUINERO INF FRONTAL', 'ST-002J7-9ESQINF', '', 'GENERICO', 0.00, 0.00000000, NULL, NULL, NULL, NULL, NULL, NULL, NULL, 0.000, NULL, 0, '', 0, '', '', '', '', '', 0.000, '', 0, '', 0, '', 1),
(152, 'PRO143', 'ESQUINERO IZQ MESA APOYO BARQU', 'ST-002J7-9ESQIZQ', '', 'GENERICO', 0.00, 0.00000000, NULL, NULL, NULL, NULL, NULL, NULL, NULL, 0.000, NULL, 0, '', 0, '', '', '', '', '', 0.000, '', 0, '', 0, '', 1),
(153, 'PRO144', 'FILTRO REVERSIBLE 3/8 163', 'ST-FILTRO3/8-163', '', 'GENERICO', 0.00, 0.00000000, NULL, NULL, NULL, NULL, NULL, NULL, NULL, 0.000, NULL, 0, '', 0, '', '', '', '', '', 0.000, '', 0, '', 0, '', 1),
(154, 'PRO145', 'FILTRO SEC 40G R134', 'ST-FILTROSEC40G1', '', 'GENERICO', 0.00, 0.00000000, NULL, NULL, NULL, NULL, NULL, NULL, NULL, 0.000, NULL, 0, '', 0, '', '', '', '', '', 0.000, '', 0, '', 0, '', 1),
(155, 'PRO146', 'FILTRO SEC REF 25/3R-134A', 'ST-FILTROSECRF25', '', 'GENERICO', 0.00, 0.00000000, NULL, NULL, NULL, NULL, NULL, NULL, NULL, 0.000, NULL, 0, '', 0, '', '', '', '', '', 0.000, '', 0, '', 0, '', 1),
(156, 'PRO147', 'FILTRO SOLDAR CF-25 1/4X1/4 EV', 'ST-FILTRO25GR000', '', 'GENERICO', 0.00, 0.00000000, NULL, NULL, NULL, NULL, NULL, NULL, NULL, 0.000, NULL, 0, '', 0, '', '', '', '', '', 0.000, '', 0, '', 0, '', 1),
(157, 'PRO148', 'FLEXIBLE AGUA MILLEN', 'ST-FLEXIBLE00000', '', 'GENERICO', 0.00, 0.00000000, NULL, NULL, NULL, NULL, NULL, NULL, NULL, 0.000, NULL, 0, '', 0, '', '', '', '', '', 0.000, '', 0, '', 0, '', 1),
(158, 'PRO149', 'FLTRO SECADOR DCL-052 1/4', 'ST-FILTRO1/40000', '', 'GENERICO', 0.00, 0.00000000, NULL, NULL, NULL, NULL, NULL, NULL, NULL, 0.000, NULL, 0, '', 0, '', '', '', '', '', 0.000, '', 0, '', 0, '', 1),
(159, 'PRO150', 'Fluorescente 15w', 'ST-FLUORESCENTE6', '', 'GENERICO', 0.00, 0.00000000, NULL, NULL, NULL, NULL, NULL, NULL, NULL, 0.000, NULL, 0, '', 0, '', '', '', '', '', 0.000, '', 0, '', 0, '', 1),
(160, 'PRO151', 'Fluorescente 21 Cascada y 54w', 'ST-FLUORESCENTE8', '', 'GENERICO', 0.00, 0.00000000, NULL, NULL, NULL, NULL, NULL, NULL, NULL, 0.000, NULL, 0, '', 0, '', '', '', '', '', 0.000, '', 0, '', 0, '', 1),
(161, 'PRO152', 'FLUORESCENTE 36 W', 'ST-FLUORESCENTE5', '', 'GENERICO', 0.00, 0.00000000, NULL, NULL, NULL, NULL, NULL, NULL, NULL, 0.000, NULL, 0, '', 0, '', '', '', '', '', 0.000, '', 0, '', 0, '', 1),
(162, 'PRO153', 'FLUORESCENTE 54WATTS', 'ST-FLUORESCENTE1', '', 'GENERICO', 0.00, 0.00000000, NULL, NULL, NULL, NULL, NULL, NULL, NULL, 0.000, NULL, 0, '', 0, '', '', '', '', '', 0.000, '', 0, '', 0, '', 1),
(163, 'PRO154', 'FLUORESCENTE 8WATTS', 'ST-FLUORESCENTE2', '', 'GENERICO', 0.00, 0.00000000, NULL, NULL, NULL, NULL, NULL, NULL, NULL, 0.000, NULL, 0, '', 0, '', '', '', '', '', 0.000, '', 0, '', 0, '', 1),
(164, 'PRO155', 'FLUORESCENTE T 5', 'ST-FLUORESCENTE9', '', 'GENERICO', 0.00, 0.00000000, NULL, NULL, NULL, NULL, NULL, NULL, NULL, 0.000, NULL, 0, '', 0, '', '', '', '', '', 0.000, '', 0, '', 0, '', 1),
(165, 'PRO156', 'FUSIBLE 500 MA CORTO VIDRIO', 'ST-FUSIBLE500000', '', 'GENERICO', 0.00, 0.00000000, NULL, NULL, NULL, NULL, NULL, NULL, NULL, 0.000, NULL, 0, '', 0, '', '', '', '', '', 0.000, '', 0, '', 0, '', 1),
(166, 'PRO157', 'INT. ROTATIVO TRIF. 16 AMP', 'ST-INTERRUPTOR16', '', 'GENERICO', 0.00, 0.00000000, NULL, NULL, NULL, NULL, NULL, NULL, NULL, 0.000, NULL, 0, '', 0, '', '', '', '', '', 0.000, '', 0, '', 0, '', 1),
(167, 'PRO158', 'INTERRUPTOR 2 POS FIJAS LEGRAN', 'ST-INTERRUPTOR2P', '', 'GENERICO', 0.00, 0.00000000, NULL, NULL, NULL, NULL, NULL, NULL, NULL, 0.000, NULL, 0, '', 0, '', '', '', '', '', 0.000, '', 0, '', 0, '', 1),
(168, 'PRO159', 'INTERRUPTOR NEGRO', 'ST-INTERRUPTOR00', '', 'GENERICO', 0.00, 0.00000000, NULL, NULL, NULL, NULL, NULL, NULL, NULL, 0.000, NULL, 0, '', 0, '', '', '', '', '', 0.000, '', 0, '', 0, '', 1),
(169, 'PRO160', 'Juego electrico Voltimetrico ( rele , capacitor de partida y permanente)', '93d9117e-75fc-826d-9685-53597f5224fe', '', 'GENERICO', 0.00, 0.00000000, NULL, NULL, NULL, NULL, NULL, NULL, NULL, 0.000, NULL, 0, '', 0, '', '', '', '', '', 0.000, '', 0, '', 0, '', 1),
(170, 'PRO161', 'Kit Alojamiento Lave Metalica', '11', '', 'GENERICO', 0.00, 0.00000000, NULL, NULL, NULL, NULL, NULL, NULL, NULL, 0.000, NULL, 0, '', 0, '', '', '', '', '', 0.000, '', 0, '', 0, '', 1),
(171, 'PRO162', 'Kit Chapa Metalica CC-300', '28', '', 'GENERICO', 0.00, 0.00000000, NULL, NULL, NULL, NULL, NULL, NULL, NULL, 0.000, NULL, 0, '', 0, '', '', '', '', '', 0.000, '', 0, '', 0, '', 1),
(172, 'PRO163', 'KIT ELECTRICO 2134', 'ST-KITELECTRICO0', '', 'GENERICO', 0.00, 0.00000000, NULL, NULL, NULL, NULL, NULL, NULL, NULL, 0.000, NULL, 0, '', 0, '', '', '', '', '', 0.000, '', 0, '', 0, '', 1),
(173, 'PRO164', 'KIT ELECTRICO FFU 130 HA', 'ST-KIT1300000000', '', 'GENERICO', 0.00, 0.00000000, NULL, NULL, NULL, NULL, NULL, NULL, NULL, 0.000, NULL, 0, '', 0, '', '', '', '', '', 0.000, '', 0, '', 0, '', 1),
(174, 'PRO165', 'KIT PARTIDA SC18G SC15CL', 'ST-KITELECTSC18G', '', 'GENERICO', 0.00, 0.00000000, NULL, NULL, NULL, NULL, NULL, NULL, NULL, 0.000, NULL, 0, '', 0, '', '', '', '', '', 0.000, '', 0, '', 0, '', 1),
(175, 'PRO166', 'Llave de Agua Mill', '29', '', 'GENERICO', 0.00, 0.00000000, NULL, NULL, NULL, NULL, NULL, NULL, NULL, 0.000, NULL, 0, '', 0, '', '', '', '', '', 0.000, '', 0, '', 0, '', 1),
(176, 'PRO167', 'LLAVE DE PINCHE 1/4 Y 3/8', 'ST-LLAVEPINCHE00', '', 'GENERICO', 0.00, 0.00000000, NULL, NULL, NULL, NULL, NULL, NULL, NULL, 0.000, NULL, 0, '', 0, '', '', '', '', '', 0.000, '', 0, '', 0, '', 1),
(177, 'PRO168', 'MANGUERA', 'ST-MANGUERA00000', '', 'GENERICO', 0.00, 0.00000000, NULL, NULL, NULL, NULL, NULL, NULL, NULL, 0.000, NULL, 0, '', 0, '', '', '', '', '', 0.000, '', 0, '', 0, '', 1),
(178, 'PRO169', 'MANGUERA 1/4 130BAR L-4000', 'ST-MANGUERA1/413', '', 'GENERICO', 0.00, 0.00000000, NULL, NULL, NULL, NULL, NULL, NULL, NULL, 0.000, NULL, 0, '', 0, '', '', '', '', '', 0.000, '', 0, '', 0, '', 1),
(179, 'PRO170', 'PANTALLA TUBO', 'ST-PANTALLATUBO0', '', 'GENERICO', 0.00, 0.00000000, NULL, NULL, NULL, NULL, NULL, NULL, NULL, 0.000, NULL, 0, '', 0, '', '', '', '', '', 0.000, '', 0, '', 0, '', 1),
(180, 'PRO171', 'Partidor', 'ST-PARTIDOR00000', '', 'GENERICO', 0.00, 0.00000000, NULL, NULL, NULL, NULL, NULL, NULL, NULL, 0.000, NULL, 0, '', 0, '', '', '', '', '', 0.000, '', 0, '', 0, '', 1),
(181, 'PRO172', 'Pegamento poxipol', '96155f5c-3506-dbfb-fe79-537e2c989d35', '', 'GENERICO', 0.00, 0.00000000, NULL, NULL, NULL, NULL, NULL, NULL, NULL, 0.000, NULL, 0, '', 0, '', '', '', '', '', 0.000, '', 0, '', 0, '', 1),
(182, 'PRO173', 'PERFIL ALUMNIO CONSERVADORAS', 'ST-PERFILALUM000', '', 'GENERICO', 0.00, 0.00000000, NULL, NULL, NULL, NULL, NULL, NULL, NULL, 0.000, NULL, 0, '', 0, '', '', '', '', '', 0.000, '', 0, '', 0, '', 1),
(183, 'PRO174', 'PERNO ANCLAJE 1/2 X 1/4 (CAJA', 'ST-001010-032272', '', 'GENERICO', 0.00, 0.00000000, NULL, NULL, NULL, NULL, NULL, NULL, NULL, 0.000, NULL, 0, '', 0, '', '', '', '', '', 0.000, '', 0, '', 0, '', 1),
(184, 'PRO175', 'Pila maxell LR 44', '443ab03c-6bde-0a50-64e9-538756aa8c45', '', 'GENERICO', 0.00, 0.00000000, NULL, NULL, NULL, NULL, NULL, NULL, NULL, 0.000, NULL, 0, '', 0, '', '', '', '', '', 0.000, '', 0, '', 0, '', 1),
(185, 'PRO176', 'PORTA PROGRAMADOR Y PORTA BOTO', 'ST-003MILPORTAPR', '', 'GENERICO', 0.00, 0.00000000, NULL, NULL, NULL, NULL, NULL, NULL, NULL, 0.000, NULL, 0, '', 0, '', '', '', '', '', 0.000, '', 0, '', 0, '', 1),
(186, 'PRO177', 'PROTECTOR CABLE DE VIDRIO LAT', 'ST-003MILPROTCAB', '', 'GENERICO', 0.00, 0.00000000, NULL, NULL, NULL, NULL, NULL, NULL, NULL, 0.000, NULL, 0, '', 0, '', '', '', '', '', 0.000, '', 0, '', 0, '', 1),
(187, 'PRO178', 'PROTECTOR LUMINARIA', 'ST-DISPLAY000000', '', 'GENERICO', 0.00, 0.00000000, NULL, NULL, NULL, NULL, NULL, NULL, NULL, 0.000, NULL, 0, '', 0, '', '', '', '', '', 0.000, '', 0, '', 0, '', 1),
(188, 'PRO179', 'Protector t', 'e7840e11-56c7-c3c6-6300-537e1859ce37', '', 'GENERICO', 0.00, 0.00000000, NULL, NULL, NULL, NULL, NULL, NULL, NULL, 0.000, NULL, 0, '', 0, '', '', '', '', '', 0.000, '', 0, '', 0, '', 1),
(189, 'PRO180', 'PROTECTOR TERMICO NEK 2134GK', 'ST-PROTECTOR2134', '', 'GENERICO', 0.00, 0.00000000, NULL, NULL, NULL, NULL, NULL, NULL, NULL, 0.000, NULL, 0, '', 0, '', '', '', '', '', 0.000, '', 0, '', 0, '', 1),
(190, 'PRO181', 'RECTANGULO 50X25', 'ST-ANGULO0000002', '', 'GENERICO', 0.00, 0.00000000, NULL, NULL, NULL, NULL, NULL, NULL, NULL, 0.000, NULL, 0, '', 0, '', '', '', '', '', 0.000, '', 0, '', 0, '', 1),
(191, 'PRO182', 'REFRIGERANTE R-141b', 'ST-REFRIGERANTE3', '', 'GENERICO', 0.00, 0.00000000, NULL, NULL, NULL, NULL, NULL, NULL, NULL, 0.000, NULL, 0, '', 0, '', '', '', '', '', 0.000, '', 0, '', 0, '', 1),
(192, 'PRO183', 'REFRIGERANTE R-22', 'ST-REFRIGERANTE2', '', 'GENERICO', 0.00, 0.00000000, NULL, NULL, NULL, NULL, NULL, NULL, NULL, 0.000, NULL, 0, '', 0, '', '', '', '', '', 0.000, '', 0, '', 0, '', 1),
(193, 'PRO184', 'REJILLA DV60', 'ST-REJILLA000000', '', 'GENERICO', 0.00, 0.00000000, NULL, NULL, NULL, NULL, NULL, NULL, NULL, 0.000, NULL, 0, '', 0, '', '', '', '', '', 0.000, '', 0, '', 0, '', 1),
(194, 'PRO185', 'REJILLA FRONTAL W-19NF', 'ST-REJILLAFRONTA', '', 'GENERICO', 0.00, 0.00000000, NULL, NULL, NULL, NULL, NULL, NULL, NULL, 0.000, NULL, 0, '', 0, '', '', '', '', '', 0.000, '', 0, '', 0, '', 1),
(195, 'PRO186', 'REJILLA W16', 'ST-REJILLA000001', '', 'GENERICO', 0.00, 0.00000000, NULL, NULL, NULL, NULL, NULL, NULL, NULL, 0.000, NULL, 0, '', 0, '', '', '', '', '', 0.000, '', 0, '', 0, '', 1),
(196, 'PRO187', 'Rel', 'f0f2c9be-8adc-057c-65c5-536aa1ce2871', '', 'GENERICO', 0.00, 0.00000000, NULL, NULL, NULL, NULL, NULL, NULL, NULL, 0.000, NULL, 0, '', 0, '', '', '', '', '', 0.000, '', 0, '', 0, '', 1),
(197, 'PRO188', 'Repuesto menor', 'cfded232-bbf9-a1e0-723d-53849098b38b', '', 'GENERICO', 0.00, 0.00000000, NULL, NULL, NULL, NULL, NULL, NULL, NULL, 0.000, NULL, 0, '', 0, '', '', '', '', '', 0.000, '', 0, '', 0, '', 1),
(198, 'PRO189', 'RESTANGULAR 50 X25', 'ST-RESTANGULO50X', '', 'GENERICO', 0.00, 0.00000000, NULL, NULL, NULL, NULL, NULL, NULL, NULL, 0.000, NULL, 0, '', 0, '', '', '', '', '', 0.000, '', 0, '', 0, '', 1),
(199, 'PRO190', 'SONDA DE REPTO. PTC 2 MTS,', 'ST-0555044SONDA0', '', 'GENERICO', 0.00, 0.00000000, NULL, NULL, NULL, NULL, NULL, NULL, NULL, 0.000, NULL, 0, '', 0, '', '', '', '', '', 0.000, '', 0, '', 0, '', 1),
(200, 'PRO191', 'SONDA DE REPUESTO PTC 2 MTS', 'ST-SONDAPTC00000', '', 'GENERICO', 0.00, 0.00000000, NULL, NULL, NULL, NULL, NULL, NULL, NULL, 0.000, NULL, 0, '', 0, '', '', '', '', '', 0.000, '', 0, '', 0, '', 1),
(201, 'PRO192', 'SONDA NTC 2R -50', 'ST-0555160SONDA0', '', 'GENERICO', 0.00, 0.00000000, NULL, NULL, NULL, NULL, NULL, NULL, NULL, 0.000, NULL, 0, '', 0, '', '', '', '', '', 0.000, '', 0, '', 0, '', 1),
(202, 'PRO193', 'SOPORTE CORTINA', 'ST-SOPORTE000000', '', 'GENERICO', 0.00, 0.00000000, NULL, NULL, NULL, NULL, NULL, NULL, NULL, 0.000, NULL, 0, '', 0, '', '', '', '', '', 0.000, '', 0, '', 0, '', 1),
(203, 'PRO194', 'SOPORTE DE PARED', 'ST-SOPORTEPARED0', '', 'GENERICO', 0.00, 0.00000000, NULL, NULL, NULL, NULL, NULL, NULL, NULL, 0.000, NULL, 0, '', 0, '', '', '', '', '', 0.000, '', 0, '', 0, '', 1),
(204, 'PRO195', 'SOPORTE PARRILLA S/S', 'ST-SOPORTPARRILL', '', 'GENERICO', 0.00, 0.00000000, NULL, NULL, NULL, NULL, NULL, NULL, NULL, 0.000, NULL, 0, '', 0, '', '', '', '', '', 0.000, '', 0, '', 0, '', 1),
(205, 'PRO196', 'SOPORTE SUP VIDRIO LATERAL', 'ST-003MILSOPSUPV', '', 'GENERICO', 0.00, 0.00000000, NULL, NULL, NULL, NULL, NULL, NULL, NULL, 0.000, NULL, 0, '', 0, '', '', '', '', '', 0.000, '', 0, '', 0, '', 1),
(206, 'PRO197', 'SPRAY ALUMINIO', 'ST-SPRAYALUMINIO', '', 'GENERICO', 0.00, 0.00000000, NULL, NULL, NULL, NULL, NULL, NULL, NULL, 0.000, NULL, 0, '', 0, '', '', '', '', '', 0.000, '', 0, '', 0, '', 1),
(207, 'PRO198', 'SPRAY AZUL', 'ST-SPRAYAZUL0000', '', 'GENERICO', 0.00, 0.00000000, NULL, NULL, NULL, NULL, NULL, NULL, NULL, 0.000, NULL, 0, '', 0, '', '', '', '', '', 0.000, '', 0, '', 0, '', 1),
(208, 'PRO199', 'SPRAY BLANCO', 'ST-SPRAYBLANCO00', '', 'GENERICO', 0.00, 0.00000000, NULL, NULL, NULL, NULL, NULL, NULL, NULL, 0.000, NULL, 0, '', 0, '', '', '', '', '', 0.000, '', 0, '', 0, '', 1),
(209, 'PRO200', 'SPRAY GRIS', 'ST-SPRAYGRIS0000', '', 'GENERICO', 0.00, 0.00000000, NULL, NULL, NULL, NULL, NULL, NULL, NULL, 0.000, NULL, 0, '', 0, '', '', '', '', '', 0.000, '', 0, '', 0, '', 1),
(210, 'PRO201', 'SPRAY NEGRO', 'ST-SPRAYNEGRO000', '', 'GENERICO', 0.00, 0.00000000, NULL, NULL, NULL, NULL, NULL, NULL, NULL, 0.000, NULL, 0, '', 0, '', '', '', '', '', 0.000, '', 0, '', 0, '', 1),
(211, 'PRO202', 'SPRAY ROJO', 'ST-SPRAYROJO0000', '', 'GENERICO', 0.00, 0.00000000, NULL, NULL, NULL, NULL, NULL, NULL, NULL, 0.000, NULL, 0, '', 0, '', '', '', '', '', 0.000, '', 0, '', 0, '', 1),
(212, 'PRO203', 'Switch de Encendido valor COLDANDINA', '324ac762-b4aa-a209-2f2d-53597f53edfa', '', 'GENERICO', 0.00, 0.00000000, NULL, NULL, NULL, NULL, NULL, NULL, NULL, 0.000, NULL, 0, '', 0, '', '', '', '', '', 0.000, '', 0, '', 0, '', 1),
(213, 'PRO204', 'TAPA CAJA CHUKI', 'ST-TAPACAJA00000', '', 'GENERICO', 0.00, 0.00000000, NULL, NULL, NULL, NULL, NULL, NULL, NULL, 0.000, NULL, 0, '', 0, '', '', '', '', '', 0.000, '', 0, '', 0, '', 1),
(214, 'PRO205', 'TELA CORTINA MURAL', 'ST-002TELAXCORTM', '', 'GENERICO', 0.00, 0.00000000, NULL, NULL, NULL, NULL, NULL, NULL, NULL, 0.000, NULL, 0, '', 0, '', '', '', '', '', 0.000, '', 0, '', 0, '', 1),
(215, 'PRO206', 'TELA PARA CORTINAS', 'ST-003TELACORTMI', '', 'GENERICO', 0.00, 0.00000000, NULL, NULL, NULL, NULL, NULL, NULL, NULL, 0.000, NULL, 0, '', 0, '', '', '', '', '', 0.000, '', 0, '', 0, '', 1),
(216, 'PRO207', 'TERMETRO DIGITAL', 'ST-TERMOMETRODIG', '', 'GENERICO', 0.00, 0.00000000, NULL, NULL, NULL, NULL, NULL, NULL, NULL, 0.000, NULL, 0, '', 0, '', '', '', '', '', 0.000, '', 0, '', 0, '', 1),
(217, 'PRO208', 'TERMOCONTRAILER DE  1/4', 'ST-TERMOCON00001', '', 'GENERICO', 0.00, 0.00000000, NULL, NULL, NULL, NULL, NULL, NULL, NULL, 0.000, NULL, 0, '', 0, '', '', '', '', '', 0.000, '', 0, '', 0, '', 1),
(218, 'PRO209', 'TERMOCONTRAILER DE 3/8', 'ST-TERMOCON00002', '', 'GENERICO', 0.00, 0.00000000, NULL, NULL, NULL, NULL, NULL, NULL, NULL, 0.000, NULL, 0, '', 0, '', '', '', '', '', 0.000, '', 0, '', 0, '', 1),
(219, 'PRO210', 'TERMOMETRO HORIZONTAL -25', 'ST-TERMOMETRO000', '', 'GENERICO', 0.00, 0.00000000, NULL, NULL, NULL, NULL, NULL, NULL, NULL, 0.000, NULL, 0, '', 0, '', '', '', '', '', 0.000, '', 0, '', 0, '', 1),
(220, 'PRO211', 'TERMONCTRAILER DE 1/2', 'ST-TERMOCON00000', '', 'GENERICO', 0.00, 0.00000000, NULL, NULL, NULL, NULL, NULL, NULL, NULL, 0.000, NULL, 0, '', 0, '', '', '', '', '', 0.000, '', 0, '', 0, '', 1),
(221, 'PRO212', 'TERMOSELLADO', 'ST-HEATSEALSTIK0', '', 'GENERICO', 0.00, 0.00000000, NULL, NULL, NULL, NULL, NULL, NULL, NULL, 0.000, NULL, 0, '', 0, '', '', '', '', '', 0.000, '', 0, '', 0, '', 1),
(222, 'PRO213', 'Termostato Analogo', '23', '', 'GENERICO', 0.00, 0.00000000, NULL, NULL, NULL, NULL, NULL, NULL, NULL, 0.000, NULL, 0, '', 0, '', '', '', '', '', 0.000, '', 0, '', 0, '', 1),
(223, 'PRO214', 'TERMOSTATO CONG. 02 DANFOSS', 'ST-TERMOSTATOCON', '', 'GENERICO', 0.00, 0.00000000, NULL, NULL, NULL, NULL, NULL, NULL, NULL, 0.000, NULL, 0, '', 0, '', '', '', '', '', 0.000, '', 0, '', 0, '', 1),
(224, 'PRO215', 'TERMOSTATO EKC 102A 084B-8540', 'ST-0555029TERMOS', '', 'GENERICO', 0.00, 0.00000000, NULL, NULL, NULL, NULL, NULL, NULL, NULL, 0.000, NULL, 0, '', 0, '', '', '', '', '', 0.000, '', 0, '', 0, '', 1),
(225, 'PRO216', 'TUBERIA COBRE 5/16"', 'ST-TUBOCu5/16"00', '', 'GENERICO', 0.00, 0.00000000, NULL, NULL, NULL, NULL, NULL, NULL, NULL, 0.000, NULL, 0, '', 0, '', '', '', '', '', 0.000, '', 0, '', 0, '', 1),
(226, 'PRO217', 'TUBERIA REC 1/2"', 'ST-TUBERIA REC 1', '', 'GENERICO', 0.00, 0.00000000, NULL, NULL, NULL, NULL, NULL, NULL, NULL, 0.000, NULL, 0, '', 0, '', '', '', '', '', 0.000, '', 0, '', 0, '', 1),
(227, 'PRO218', 'TUBERIA RECOCIDA 1/4"', 'ST-TUBERIA1/4"00', '', 'GENERICO', 0.00, 0.00000000, NULL, NULL, NULL, NULL, NULL, NULL, NULL, 0.000, NULL, 0, '', 0, '', '', '', '', '', 0.000, '', 0, '', 0, '', 1),
(228, 'PRO219', 'TUBERIA RECOCIDA 3/8"', 'ST-TUBERIA3/8"00', '', 'GENERICO', 0.00, 0.00000000, NULL, NULL, NULL, NULL, NULL, NULL, NULL, 0.000, NULL, 0, '', 0, '', '', '', '', '', 0.000, '', 0, '', 0, '', 1),
(229, 'PRO220', 'tubo de 18 wtts', 'ST-FLUORESCENTE7', '', 'GENERICO', 0.00, 0.00000000, NULL, NULL, NULL, NULL, NULL, NULL, NULL, 0.000, NULL, 0, '', 0, '', '', '', '', '', 0.000, '', 0, '', 0, '', 1),
(230, 'PRO221', 'Tubo de 58 watts', 'ST-FLUORESCENTE4', '', 'GENERICO', 0.00, 0.00000000, NULL, NULL, NULL, NULL, NULL, NULL, NULL, 0.000, NULL, 0, '', 0, '', '', '', '', '', 0.000, '', 0, '', 0, '', 1),
(231, 'PRO222', 'Tubo fluorescente 36 w', 'ST-FLUORESCENTE3', '', 'GENERICO', 0.00, 0.00000000, NULL, NULL, NULL, NULL, NULL, NULL, NULL, 0.000, NULL, 0, '', 0, '', '', '', '', '', 0.000, '', 0, '', 0, '', 1),
(232, 'PRO223', 'tubos de 40wtts', '8b817a7c-4908-8e09-5af8-5385fb13d846', '', 'GENERICO', 0.00, 0.00000000, NULL, NULL, NULL, NULL, NULL, NULL, NULL, 0.000, NULL, 0, '', 0, '', '', '', '', '', 0.000, '', 0, '', 0, '', 1),
(233, 'PRO224', 'TUERCA 1/4', 'ST-TUERCA1/40000', '', 'GENERICO', 0.00, 0.00000000, NULL, NULL, NULL, NULL, NULL, NULL, NULL, 0.000, NULL, 0, '', 0, '', '', '', '', '', 0.000, '', 0, '', 0, '', 1),
(234, 'PRO225', 'TUERCA FLEK 1/2', 'ST-TUERCA0000001', '', 'GENERICO', 0.00, 0.00000000, NULL, NULL, NULL, NULL, NULL, NULL, NULL, 0.000, NULL, 0, '', 0, '', '', '', '', '', 0.000, '', 0, '', 0, '', 1),
(235, 'PRO226', 'TUERCA FLEK 5/8', 'ST-TUERCA0000000', '', 'GENERICO', 0.00, 0.00000000, NULL, NULL, NULL, NULL, NULL, NULL, NULL, 0.000, NULL, 0, '', 0, '', '', '', '', '', 0.000, '', 0, '', 0, '', 1),
(236, 'PRO227', 'UNION 1/4 FLARE X 1/4 FLARE', 'ST-UNION1/4 FLAR', '', 'GENERICO', 0.00, 0.00000000, NULL, NULL, NULL, NULL, NULL, NULL, NULL, 0.000, NULL, 0, '', 0, '', '', '', '', '', 0.000, '', 0, '', 0, '', 1),
(237, 'PRO228', 'VALVULA 4 VIAS', 'ST-VALVULA000000', '', 'GENERICO', 0.00, 0.00000000, NULL, NULL, NULL, NULL, NULL, NULL, NULL, 0.000, NULL, 0, '', 0, '', '', '', '', '', 0.000, '', 0, '', 0, '', 1),
(238, 'PRO229', 'VALVULA DE CARGA 1/4"', 'ST-VALVULA 1/4"C', '', 'GENERICO', 0.00, 0.00000000, NULL, NULL, NULL, NULL, NULL, NULL, NULL, 0.000, NULL, 0, '', 0, '', '', '', '', '', 0.000, '', 0, '', 0, '', 1),
(239, 'PRO230', 'VALVULA SOLENOIDE 1/4 32F ROSC', 'ST-VALVSOLEN1/4R', '', 'GENERICO', 0.00, 0.00000000, NULL, NULL, NULL, NULL, NULL, NULL, NULL, 0.000, NULL, 0, '', 0, '', '', '', '', '', 0.000, '', 0, '', 0, '', 1),
(240, 'PRO231', 'Ventilador 15W c/aro', 'ST-VENTILADOR15W', '', 'GENERICO', 0.00, 0.00000000, NULL, NULL, NULL, NULL, NULL, NULL, NULL, 0.000, NULL, 0, '', 0, '', '', '', '', '', 0.000, '', 0, '', 0, '', 1),
(241, 'PRO232', 'Ventilador 25w', '45', '', 'GENERICO', 0.00, 0.00000000, NULL, NULL, NULL, NULL, NULL, NULL, NULL, 0.000, NULL, 0, '', 0, '', '', '', '', '', 0.000, '', 0, '', 0, '', 1),
(242, 'PRO233', 'VENTILADOR CENTRIFUGO', 'ST-VENTILADOR000', '', 'GENERICO', 0.00, 0.00000000, NULL, NULL, NULL, NULL, NULL, NULL, NULL, 0.000, NULL, 0, '', 0, '', '', '', '', '', 0.000, '', 0, '', 0, '', 1),
(243, 'PRO234', 'Ventilador Display', '37', '', 'GENERICO', 0.00, 0.00000000, NULL, NULL, NULL, NULL, NULL, NULL, NULL, 0.000, NULL, 0, '', 0, '', '', '', '', '', 0.000, '', 0, '', 0, '', 1),
(244, 'PRO235', 'ZNC LIS 35X1X2', 'ST-PLANCHAZNC35X', '', 'GENERICO', 0.00, 0.00000000, NULL, NULL, NULL, NULL, NULL, NULL, NULL, 0.000, NULL, 0, '', 0, '', '', '', '', '', 0.000, '', 0, '', 0, '', 1),
(245, 'PRO236', 'ABRAZADERA CABLE S/TORNILLO', 'YR-3300866GA2035', '', 'IARP', 0.00, 0.00000000, NULL, NULL, NULL, NULL, NULL, NULL, NULL, 0.000, NULL, 0, '', 0, '', '', '', '', '', 0.000, '', 0, '', 0, '', 1),
(246, 'PRO237', 'ACRILICO EDERA 126', 'SY-0424032000000', '', 'IARP', 0.00, 0.00000000, NULL, NULL, NULL, NULL, NULL, NULL, NULL, 0.000, NULL, 0, '', 0, '', '', '', '', '', 0.000, '', 0, '', 0, '', 1),
(247, 'PRO238', 'ACRILICO FENICE 118', 'SY-0424045000000', '', 'IARP', 0.00, 0.00000000, NULL, NULL, NULL, NULL, NULL, NULL, NULL, 0.000, NULL, 0, '', 0, '', '', '', '', '', 0.000, '', 0, '', 0, '', 1),
(248, 'PRO239', 'ACRILICO FENICE S 7', 'SY-0424061000000', '', 'IARP', 0.00, 0.00000000, NULL, NULL, NULL, NULL, NULL, NULL, NULL, 0.000, NULL, 0, '', 0, '', '', '', '', '', 0.000, '', 0, '', 0, '', 1),
(249, 'PRO240', 'ACRILICO FENICE S13', 'SY-0424063000000', '', 'IARP', 0.00, 0.00000000, NULL, NULL, NULL, NULL, NULL, NULL, NULL, 0.000, NULL, 0, '', 0, '', '', '', '', '', 0.000, '', 0, '', 0, '', 1),
(250, 'PRO241', 'ACRILICO FENICE S9', 'SY-0424005400000', '', 'IARP', 0.00, 0.00000000, NULL, NULL, NULL, NULL, NULL, NULL, NULL, 0.000, NULL, 0, '', 0, '', '', '', '', '', 0.000, '', 0, '', 0, '', 1);
INSERT INTO `vtiger_products` (`productid`, `product_no`, `productname`, `productcode`, `productcategory`, `manufacturer`, `qty_per_unit`, `unit_price`, `weight`, `pack_size`, `sales_start_date`, `sales_end_date`, `start_date`, `expiry_date`, `cost_factor`, `commissionrate`, `commissionmethod`, `discontinued`, `usageunit`, `reorderlevel`, `website`, `taxclass`, `mfr_part_no`, `vendor_part_no`, `serialno`, `qtyinstock`, `productsheet`, `qtyindemand`, `glacct`, `vendor_id`, `imagename`, `currency_id`) VALUES
(251, 'PRO242', 'ALUMINIO MANILLA PUERTA', 'YR-3604195E57067', '', 'IARP', 0.00, 0.00000000, NULL, NULL, NULL, NULL, NULL, NULL, NULL, 0.000, NULL, 0, '', 0, '', '', '', '', '', 0.000, '', 0, '', 0, '', 1),
(252, 'PRO243', 'ALUMINIO MANILLA PUERTA CUP', 'YR-3604095FENN48', '', 'IARP', 0.00, 0.00000000, NULL, NULL, NULL, NULL, NULL, NULL, NULL, 0.000, NULL, 0, '', 0, '', '', '', '', '', 0.000, '', 0, '', 0, '', 1),
(253, 'PRO244', 'ANCLAJE PUERTA BODEGA', 'YR-0533007E57023', '', 'IARP', 0.00, 0.00000000, NULL, NULL, NULL, NULL, NULL, NULL, NULL, 0.000, NULL, 0, '', 0, '', '', '', '', '', 0.000, '', 0, '', 0, '', 1),
(254, 'PRO245', 'BALLAST 30 W', 'YR-3303963FENN53', '', 'IARP', 0.00, 0.00000000, NULL, NULL, NULL, NULL, NULL, NULL, NULL, 0.000, NULL, 0, '', 0, '', '', '', '', '', 0.000, '', 0, '', 0, '', 1),
(255, 'PRO246', 'BALLAST 58W', 'YR-3303898E57075', '', 'IARP', 0.00, 0.00000000, NULL, NULL, NULL, NULL, NULL, NULL, NULL, 0.000, NULL, 0, '', 0, '', '', '', '', '', 0.000, '', 0, '', 0, '', 1),
(256, 'PRO247', 'BANDEJA EVAPORADORA GEMMA', 'YR-2000545GEMBAN', '', 'IARP', 0.00, 0.00000000, NULL, NULL, NULL, NULL, NULL, NULL, NULL, 0.000, NULL, 0, '', 0, '', '', '', '', '', 0.000, '', 0, '', 0, '', 1),
(257, 'PRO248', 'BASE INTERNA EDERA', 'YR-6060122E57059', '', 'IARP', 0.00, 0.00000000, NULL, NULL, NULL, NULL, NULL, NULL, NULL, 0.000, NULL, 0, '', 0, '', '', '', '', '', 0.000, '', 0, '', 0, '', 1),
(258, 'PRO249', 'BISAGRA PTA. BODEGA', 'YR-3302657FENN07', '', 'IARP', 0.00, 0.00000000, NULL, NULL, NULL, NULL, NULL, NULL, NULL, 0.000, NULL, 0, '', 0, '', '', '', '', '', 0.000, '', 0, '', 0, '', 1),
(259, 'PRO250', 'BOLSA DE 20 SOPORTE PARRILLAS AB', 'YR-0160741SOPORT', '', 'IARP', 0.00, 0.00000000, NULL, NULL, NULL, NULL, NULL, NULL, NULL, 0.000, NULL, 0, '', 0, '', '', '', '', '', 0.000, '', 0, '', 0, '', 1),
(260, 'PRO251', 'BRACETO (SOPORTE) PUERTA CUPU', 'YR-0412286E57009', '', 'IARP', 0.00, 0.00000000, NULL, NULL, NULL, NULL, NULL, NULL, NULL, 0.000, NULL, 0, '', 0, '', '', '', '', '', 0.000, '', 0, '', 0, '', 1),
(261, 'PRO252', 'BRACETO FENICE', 'SY-0412002000000', '', 'IARP', 0.00, 0.00000000, NULL, NULL, NULL, NULL, NULL, NULL, NULL, 0.000, NULL, 0, '', 0, '', '', '', '', '', 0.000, '', 0, '', 0, '', 1),
(262, 'PRO253', 'BRACETO PUERTA CUP DX', 'YR-0412285E57008', '', 'IARP', 0.00, 0.00000000, NULL, NULL, NULL, NULL, NULL, NULL, NULL, 0.000, NULL, 0, '', 0, '', '', '', '', '', 0.000, '', 0, '', 0, '', 1),
(263, 'PRO254', 'BURLETE CUPULA LATERAL', 'YR-0321140FENN94', '', 'IARP', 0.00, 0.00000000, NULL, NULL, NULL, NULL, NULL, NULL, NULL, 0.000, NULL, 0, '', 0, '', '', '', '', '', 0.000, '', 0, '', 0, '', 1),
(264, 'PRO255', 'BURLETE MAGNETICO AB700', 'YR-0313206AB7000', '', 'IARP', 0.00, 0.00000000, NULL, NULL, NULL, NULL, NULL, NULL, NULL, 0.000, NULL, 0, '', 0, '', '', '', '', '', 0.000, '', 0, '', 0, '', 1),
(265, 'PRO256', 'BURLETE MANILLA PTA. CUPULA', 'YR-0313204FENN91', '', 'IARP', 0.00, 0.00000000, NULL, NULL, NULL, NULL, NULL, NULL, NULL, 0.000, NULL, 0, '', 0, '', '', '', '', '', 0.000, '', 0, '', 0, '', 1),
(266, 'PRO257', 'BURLETE PTA BODEGA FENNICE', 'YR-0313310FENN25', '', 'IARP', 0.00, 0.00000000, NULL, NULL, NULL, NULL, NULL, NULL, NULL, 0.000, NULL, 0, '', 0, '', '', '', '', '', 0.000, '', 0, '', 0, '', 1),
(267, 'PRO258', 'BURLETE SUP CUPULA FENICCE', 'YR-0313013FENN24', '', 'IARP', 0.00, 0.00000000, NULL, NULL, NULL, NULL, NULL, NULL, NULL, 0.000, NULL, 0, '', 0, '', '', '', '', '', 0.000, '', 0, '', 0, '', 1),
(268, 'PRO259', 'BURLETE VIDRIO FRONTAL CUPULA', 'YR-0320820FENN92', '', 'IARP', 0.00, 0.00000000, NULL, NULL, NULL, NULL, NULL, NULL, NULL, 0.000, NULL, 0, '', 0, '', '', '', '', '', 0.000, '', 0, '', 0, '', 1),
(269, 'PRO260', 'CERRADURA CONSSERV PV330', 'YR-0423075000000', '', 'IARP', 0.00, 0.00000000, NULL, NULL, NULL, NULL, NULL, NULL, NULL, 0.000, NULL, 0, '', 0, '', '', '', '', '', 0.000, '', 0, '', 0, '', 1),
(270, 'PRO261', 'COMPRESOR EMT2117 GK', 'YR-0210786E57013', '', 'IARP', 0.00, 0.00000000, NULL, NULL, NULL, NULL, NULL, NULL, NULL, 0.000, NULL, 0, '', 0, '', '', '', '', '', 0.000, '', 0, '', 0, '', 1),
(271, 'PRO262', 'COMPRESOR NEK 2121GK', 'YR-0210529PV3304', '', 'IARP', 0.00, 0.00000000, NULL, NULL, NULL, NULL, NULL, NULL, NULL, 0.000, NULL, 0, '', 0, '', '', '', '', '', 0.000, '', 0, '', 0, '', 1),
(272, 'PRO263', 'COMPRESOR NEK 2168GK 220', 'YR-0210608GA1505', '', 'IARP', 0.00, 0.00000000, NULL, NULL, NULL, NULL, NULL, NULL, NULL, 0.000, NULL, 0, '', 0, '', '', '', '', '', 0.000, '', 0, '', 0, '', 1),
(273, 'PRO264', 'CONDENSADOR 26T 3R', 'YR-0130135FENN11', '', 'IARP', 0.00, 0.00000000, NULL, NULL, NULL, NULL, NULL, NULL, NULL, 0.000, NULL, 0, '', 0, '', '', '', '', '', 0.000, '', 0, '', 0, '', 1),
(274, 'PRO265', 'CONDENSADOR 6T', 'YR-0130125GAMA06', '', 'IARP', 0.00, 0.00000000, NULL, NULL, NULL, NULL, NULL, NULL, NULL, 0.000, NULL, 0, '', 0, '', '', '', '', '', 0.000, '', 0, '', 0, '', 1),
(275, 'PRO266', 'CONDENSADOR ESTATICO', 'YR-0130137E57118', '', 'IARP', 0.00, 0.00000000, NULL, NULL, NULL, NULL, NULL, NULL, NULL, 0.000, NULL, 0, '', 0, '', '', '', '', '', 0.000, '', 0, '', 0, '', 1),
(276, 'PRO267', 'CONDENSADOR STATICO PV330', 'YR-0130154PV3305', '', 'IARP', 0.00, 0.00000000, NULL, NULL, NULL, NULL, NULL, NULL, NULL, 0.000, NULL, 0, '', 0, '', '', '', '', '', 0.000, '', 0, '', 0, '', 1),
(277, 'PRO268', 'CONTRA IMAN FENN CUERPO BARQU', 'YR-0163297FENN85', '', 'IARP', 0.00, 0.00000000, NULL, NULL, NULL, NULL, NULL, NULL, NULL, 0.000, NULL, 0, '', 0, '', '', '', '', '', 0.000, '', 0, '', 0, '', 1),
(278, 'PRO269', 'CUBIERTA SWITCH', 'YR-3303590EISS32', '', 'IARP', 0.00, 0.00000000, NULL, NULL, NULL, NULL, NULL, NULL, NULL, 0.000, NULL, 0, '', 0, '', '', '', '', '', 0.000, '', 0, '', 0, '', 1),
(279, 'PRO270', 'CUBIERTA SWITCH LIGHT', 'YR-3303588EISS45', '', 'IARP', 0.00, 0.00000000, NULL, NULL, NULL, NULL, NULL, NULL, NULL, 0.000, NULL, 0, '', 0, '', '', '', '', '', 0.000, '', 0, '', 0, '', 1),
(280, 'PRO271', 'CUBRE ANCLAJE PUERTA BODEGA F', 'YR-0431222FENN82', '', 'IARP', 0.00, 0.00000000, NULL, NULL, NULL, NULL, NULL, NULL, NULL, 0.000, NULL, 0, '', 0, '', '', '', '', '', 0.000, '', 0, '', 0, '', 1),
(281, 'PRO272', 'CUBRE BULBO TERMOMETRO', 'YR-0408013GAMA11', '', 'IARP', 0.00, 0.00000000, NULL, NULL, NULL, NULL, NULL, NULL, NULL, 0.000, NULL, 0, '', 0, '', '', '', '', '', 0.000, '', 0, '', 0, '', 1),
(282, 'PRO273', 'CUBRE CUADRO COMANDO FENNICE', 'YR-0340537FENN43', '', 'IARP', 0.00, 0.00000000, NULL, NULL, NULL, NULL, NULL, NULL, NULL, 0.000, NULL, 0, '', 0, '', '', '', '', '', 0.000, '', 0, '', 0, '', 1),
(283, 'PRO274', 'CUBRE TUBO FLUORESC CUPULA FE', 'YR-7071320FENN51', '', 'IARP', 0.00, 0.00000000, NULL, NULL, NULL, NULL, NULL, NULL, NULL, 0.000, NULL, 0, '', 0, '', '', '', '', '', 0.000, '', 0, '', 0, '', 1),
(284, 'PRO275', 'CUPULA EDERA 157', 'YR-0250210E57111', '', 'IARP', 0.00, 0.00000000, NULL, NULL, NULL, NULL, NULL, NULL, NULL, 0.000, NULL, 0, '', 0, '', '', '', '', '', 0.000, '', 0, '', 0, '', 1),
(285, 'PRO276', 'DISTANCIADOR ESQUINERO', 'YR-0312674GAMA15', '', 'IARP', 0.00, 0.00000000, NULL, NULL, NULL, NULL, NULL, NULL, NULL, 0.000, NULL, 0, '', 0, '', '', '', '', '', 0.000, '', 0, '', 0, '', 1),
(286, 'PRO277', 'DISTANCIADOR IMAN FENN', 'YR-0312508FENN88', '', 'IARP', 0.00, 0.00000000, NULL, NULL, NULL, NULL, NULL, NULL, NULL, 0.000, NULL, 0, '', 0, '', '', '', '', '', 0.000, '', 0, '', 0, '', 1),
(287, 'PRO278', 'DISTANCIADOR INSERTO', 'YR-0312675GA2016', '', 'IARP', 0.00, 0.00000000, NULL, NULL, NULL, NULL, NULL, NULL, NULL, 0.000, NULL, 0, '', 0, '', '', '', '', '', 0.000, '', 0, '', 0, '', 1),
(288, 'PRO279', 'ESQUINERO DX PIANO APOYO FENN', 'YR-0431254FENN73', '', 'IARP', 0.00, 0.00000000, NULL, NULL, NULL, NULL, NULL, NULL, NULL, 0.000, NULL, 0, '', 0, '', '', '', '', '', 0.000, '', 0, '', 0, '', 1),
(289, 'PRO280', 'ESQUINERO GAMA', 'YR-0312673GAMA01', '', 'IARP', 0.00, 0.00000000, NULL, NULL, NULL, NULL, NULL, NULL, NULL, 0.000, NULL, 0, '', 0, '', '', '', '', '', 0.000, '', 0, '', 0, '', 1),
(290, 'PRO281', 'ESQUINERO PIANO APOYO DX', 'YR-0162287E57107', '', 'IARP', 0.00, 0.00000000, NULL, NULL, NULL, NULL, NULL, NULL, NULL, 0.000, NULL, 0, '', 0, '', '', '', '', '', 0.000, '', 0, '', 0, '', 1),
(291, 'PRO282', 'ESQUINERO PIANO APOYO SX', 'YR-0162288E57108', '', 'IARP', 0.00, 0.00000000, NULL, NULL, NULL, NULL, NULL, NULL, NULL, 0.000, NULL, 0, '', 0, '', '', '', '', '', 0.000, '', 0, '', 0, '', 1),
(292, 'PRO283', 'ESQUINERO SX PIANO APOYO FENN', 'YR-0431255FENN74', '', 'IARP', 0.00, 0.00000000, NULL, NULL, NULL, NULL, NULL, NULL, NULL, 0.000, NULL, 0, '', 0, '', '', '', '', '', 0.000, '', 0, '', 0, '', 1),
(293, 'PRO284', 'EVAPORADOR FENNICE', 'YR-0119030FENN16', '', 'IARP', 0.00, 0.00000000, NULL, NULL, NULL, NULL, NULL, NULL, NULL, 0.000, NULL, 0, '', 0, '', '', '', '', '', 0.000, '', 0, '', 0, '', 1),
(294, 'PRO285', 'FILTRO EMC FNC', 'YR-3302369FENN18', '', 'IARP', 0.00, 0.00000000, NULL, NULL, NULL, NULL, NULL, NULL, NULL, 0.000, NULL, 0, '', 0, '', '', '', '', '', 0.000, '', 0, '', 0, '', 1),
(295, 'PRO286', 'FILTRO GR 20', 'SY-0145390000000', '', 'IARP', 0.00, 0.00000000, NULL, NULL, NULL, NULL, NULL, NULL, NULL, 0.000, NULL, 0, '', 0, '', '', '', '', '', 0.000, '', 0, '', 0, '', 1),
(296, 'PRO287', 'FILTRO GR20 Fenice', 'YR-0145034FENN17', '', 'IARP', 0.00, 0.00000000, NULL, NULL, NULL, NULL, NULL, NULL, NULL, 0.000, NULL, 0, '', 0, '', '', '', '', '', 0.000, '', 0, '', 0, '', 1),
(297, 'PRO288', 'FILTRO GR20 GAMA', 'YR-0145039GAMA17', '', 'IARP', 0.00, 0.00000000, NULL, NULL, NULL, NULL, NULL, NULL, NULL, 0.000, NULL, 0, '', 0, '', '', '', '', '', 0.000, '', 0, '', 0, '', 1),
(298, 'PRO289', 'FILTRO MECANICO', 'YR-0145001E57030', '', 'IARP', 0.00, 0.00000000, NULL, NULL, NULL, NULL, NULL, NULL, NULL, 0.000, NULL, 0, '', 0, '', '', '', '', '', 0.000, '', 0, '', 0, '', 1),
(299, 'PRO290', 'FILTRO SECADOR EDERA', 'YR-0145031E57027', '', 'IARP', 0.00, 0.00000000, NULL, NULL, NULL, NULL, NULL, NULL, NULL, 0.000, NULL, 0, '', 0, '', '', '', '', '', 0.000, '', 0, '', 0, '', 1),
(300, 'PRO291', 'FLUORESCENTE 58W', 'YR-0200088E57044', '', 'IARP', 0.00, 0.00000000, NULL, NULL, NULL, NULL, NULL, NULL, NULL, 0.000, NULL, 0, '', 0, '', '', '', '', '', 0.000, '', 0, '', 0, '', 1),
(301, 'PRO292', 'FRONTAL CURVO FENN', 'YR-0250247FENN79', '', 'IARP', 0.00, 0.00000000, NULL, NULL, NULL, NULL, NULL, NULL, NULL, 0.000, NULL, 0, '', 0, '', '', '', '', '', 0.000, '', 0, '', 0, '', 1),
(302, 'PRO293', 'IMAN PUERTA BODEGA FENN', 'YR-0428003FENN80', '', 'IARP', 0.00, 0.00000000, NULL, NULL, NULL, NULL, NULL, NULL, NULL, 0.000, NULL, 0, '', 0, '', '', '', '', '', 0.000, '', 0, '', 0, '', 1),
(303, 'PRO294', 'INDICADOR ROJO', 'YR-0200002EISS43', '', 'IARP', 0.00, 0.00000000, NULL, NULL, NULL, NULL, NULL, NULL, NULL, 0.000, NULL, 0, '', 0, '', '', '', '', '', 0.000, '', 0, '', 0, '', 1),
(304, 'PRO295', 'INSERTO BUMPER GRIS', 'YR-0312686GAMA22', '', 'IARP', 0.00, 0.00000000, NULL, NULL, NULL, NULL, NULL, NULL, NULL, 0.000, NULL, 0, '', 0, '', '', '', '', '', 0.000, '', 0, '', 0, '', 1),
(305, 'PRO296', 'INSERTO BUMPER GRIS Lateral', 'YR-0312685GA2022', '', 'IARP', 0.00, 0.00000000, NULL, NULL, NULL, NULL, NULL, NULL, NULL, 0.000, NULL, 0, '', 0, '', '', '', '', '', 0.000, '', 0, '', 0, '', 1),
(306, 'PRO297', 'INTERRUPTOR BIP', 'YR-3300972E57042', '', 'IARP', 0.00, 0.00000000, NULL, NULL, NULL, NULL, NULL, NULL, NULL, 0.000, NULL, 0, '', 0, '', '', '', '', '', 0.000, '', 0, '', 0, '', 1),
(307, 'PRO298', 'INTERRUPTOR BIPOLAR', 'YR-3301934EISS36', '', 'IARP', 0.00, 0.00000000, NULL, NULL, NULL, NULL, NULL, NULL, NULL, 0.000, NULL, 0, '', 0, '', '', '', '', '', 0.000, '', 0, '', 0, '', 1),
(308, 'PRO299', 'INTERRUPTOR BLANCO FENN', 'YR-0202008FENN27', '', 'IARP', 0.00, 0.00000000, NULL, NULL, NULL, NULL, NULL, NULL, NULL, 0.000, NULL, 0, '', 0, '', '', '', '', '', 0.000, '', 0, '', 0, '', 1),
(309, 'PRO300', 'INTERRUPTOR MAGNETICO 16A', 'YR-3300757E57043', '', 'IARP', 0.00, 0.00000000, NULL, NULL, NULL, NULL, NULL, NULL, NULL, 0.000, NULL, 0, '', 0, '', '', '', '', '', 0.000, '', 0, '', 0, '', 1),
(310, 'PRO301', 'INTERRUPTOR NEGRO/VERDE FENN', 'YR-0202083FENN26', '', 'IARP', 0.00, 0.00000000, NULL, NULL, NULL, NULL, NULL, NULL, NULL, 0.000, NULL, 0, '', 0, '', '', '', '', '', 0.000, '', 0, '', 0, '', 1),
(311, 'PRO302', 'INTERRUPTOR ROJO', 'YR-0200007FENN61', '', 'IARP', 0.00, 0.00000000, NULL, NULL, NULL, NULL, NULL, NULL, NULL, 0.000, NULL, 0, '', 0, '', '', '', '', '', 0.000, '', 0, '', 0, '', 1),
(312, 'PRO303', 'KIT SOPORTE CANASTILLOS G/250', 'YR-6060114-GAM25', '', 'IARP', 0.00, 0.00000000, NULL, NULL, NULL, NULL, NULL, NULL, NULL, 0.000, NULL, 0, '', 0, '', '', '', '', '', 0.000, '', 0, '', 0, '', 1),
(313, 'PRO304', 'KIT SOPORTE CANASTILLOS GAM20', 'YR-6060058-GAM20', '', 'IARP', 0.00, 0.00000000, NULL, NULL, NULL, NULL, NULL, NULL, NULL, 0.000, NULL, 0, '', 0, '', '', '', '', '', 0.000, '', 0, '', 0, '', 1),
(314, 'PRO305', 'KLIXON EDERA 157', 'YR-3600526E57010', '', 'IARP', 0.00, 0.00000000, NULL, NULL, NULL, NULL, NULL, NULL, NULL, 0.000, NULL, 0, '', 0, '', '', '', '', '', 0.000, '', 0, '', 0, '', 1),
(315, 'PRO306', 'LATERAL CUPULA DX EDERA', 'YR-3601872E57048', '', 'IARP', 0.00, 0.00000000, NULL, NULL, NULL, NULL, NULL, NULL, NULL, 0.000, NULL, 0, '', 0, '', '', '', '', '', 0.000, '', 0, '', 0, '', 1),
(316, 'PRO307', 'LAVAPORCIONADOR CON SOPORTE', 'YR-0041056-70712', '', 'IARP', 0.00, 0.00000000, NULL, NULL, NULL, NULL, NULL, NULL, NULL, 0.000, NULL, 0, '', 0, '', '', '', '', '', 0.000, '', 0, '', 0, '', 1),
(317, 'PRO308', 'MANILLA CUPULA', 'YR-3601876E57066', '', 'IARP', 0.00, 0.00000000, NULL, NULL, NULL, NULL, NULL, NULL, NULL, 0.000, NULL, 0, '', 0, '', '', '', '', '', 0.000, '', 0, '', 0, '', 1),
(318, 'PRO309', 'MARCO CONTROLES EXT', 'YR-0312609GAMA13', '', 'IARP', 0.00, 0.00000000, NULL, NULL, NULL, NULL, NULL, NULL, NULL, 0.000, NULL, 0, '', 0, '', '', '', '', '', 0.000, '', 0, '', 0, '', 1),
(319, 'PRO310', 'MARCO CONTROLES EXT SUPP', 'YR-3303767GAMA14', '', 'IARP', 0.00, 0.00000000, NULL, NULL, NULL, NULL, NULL, NULL, NULL, 0.000, NULL, 0, '', 0, '', '', '', '', '', 0.000, '', 0, '', 0, '', 1),
(320, 'PRO311', 'MOTOR VENTILADOR CMPLT FENN 3', 'YR-0221140FENN34', '', 'IARP', 0.00, 0.00000000, NULL, NULL, NULL, NULL, NULL, NULL, NULL, 0.000, NULL, 0, '', 0, '', '', '', '', '', 0.000, '', 0, '', 0, '', 1),
(321, 'PRO312', 'MOTOR VENTILADOR CPLTO. GAM', 'YR-0220072GAMA24', '', 'IARP', 0.00, 0.00000000, NULL, NULL, NULL, NULL, NULL, NULL, NULL, 0.000, NULL, 0, '', 0, '', '', '', '', '', 0.000, '', 0, '', 0, '', 1),
(322, 'PRO313', 'ORING', 'YR-0521020E57086', '', 'IARP', 0.00, 0.00000000, NULL, NULL, NULL, NULL, NULL, NULL, NULL, 0.000, NULL, 0, '', 0, '', '', '', '', '', 0.000, '', 0, '', 0, '', 1),
(323, 'PRO314', 'ORING BRACETO CUPULA FENNICE INF', 'YR-0521018FENN59', '', 'IARP', 0.00, 0.00000000, NULL, NULL, NULL, NULL, NULL, NULL, NULL, 0.000, NULL, 0, '', 0, '', '', '', '', '', 0.000, '', 0, '', 0, '', 1),
(324, 'PRO315', 'ORING BRACETO CUPULA FENNICE SUP', 'YR-0521017FENN58', '', 'IARP', 0.00, 0.00000000, NULL, NULL, NULL, NULL, NULL, NULL, NULL, 0.000, NULL, 0, '', 0, '', '', '', '', '', 0.000, '', 0, '', 0, '', 1),
(325, 'PRO316', 'ORING MOTOVENTILADOR GAMA', 'YR-0403007GA2018', '', 'IARP', 0.00, 0.00000000, NULL, NULL, NULL, NULL, NULL, NULL, NULL, 0.000, NULL, 0, '', 0, '', '', '', '', '', 0.000, '', 0, '', 0, '', 1),
(326, 'PRO317', 'ORING VIDRIO LAT CUPULA FENN', 'YR-0534041FENN33', '', 'IARP', 0.00, 0.00000000, NULL, NULL, NULL, NULL, NULL, NULL, NULL, 0.000, NULL, 0, '', 0, '', '', '', '', '', 0.000, '', 0, '', 0, '', 1),
(327, 'PRO318', 'PANEL ACRILICO', 'YR-0340598EISS42', '', 'IARP', 0.00, 0.00000000, NULL, NULL, NULL, NULL, NULL, NULL, NULL, 0.000, NULL, 0, '', 0, '', '', '', '', '', 0.000, '', 0, '', 0, '', 1),
(328, 'PRO319', 'PARTE SUPERIOR CUPULA FENNICE', 'YR-3604008FENN47', '', 'IARP', 0.00, 0.00000000, NULL, NULL, NULL, NULL, NULL, NULL, NULL, 0.000, NULL, 0, '', 0, '', '', '', '', '', 0.000, '', 0, '', 0, '', 1),
(329, 'PRO320', 'PARTIDOR FS11 FENNICE', 'YR-0207012FENN65', '', 'IARP', 0.00, 0.00000000, NULL, NULL, NULL, NULL, NULL, NULL, NULL, 0.000, NULL, 0, '', 0, '', '', '', '', '', 0.000, '', 0, '', 0, '', 1),
(330, 'PRO321', 'PERFIL GAMMA', 'YR-3604577GAMA27', '', 'IARP', 0.00, 0.00000000, NULL, NULL, NULL, NULL, NULL, NULL, NULL, 0.000, NULL, 0, '', 0, '', '', '', '', '', 0.000, '', 0, '', 0, '', 1),
(331, 'PRO322', 'PERFIL LATERAL 150-200 GAM', 'YR-3604598GAMA28', '', 'IARP', 0.00, 0.00000000, NULL, NULL, NULL, NULL, NULL, NULL, NULL, 0.000, NULL, 0, '', 0, '', '', '', '', '', 0.000, '', 0, '', 0, '', 1),
(332, 'PRO323', 'PERFIL PVC PUERTA INF PV33 DX', 'YR-3450445PV3319', '', 'IARP', 0.00, 0.00000000, NULL, NULL, NULL, NULL, NULL, NULL, NULL, 0.000, NULL, 0, '', 0, '', '', '', '', '', 0.000, '', 0, '', 0, '', 1),
(333, 'PRO324', 'PERFIL PVC PUERTA INF PV33 SX', 'YR-3451006PV3323', '', 'IARP', 0.00, 0.00000000, NULL, NULL, NULL, NULL, NULL, NULL, NULL, 0.000, NULL, 0, '', 0, '', '', '', '', '', 0.000, '', 0, '', 0, '', 1),
(334, 'PRO325', 'PERFIL PVC PUERTA SUP PV33 DX', 'YR-3450442PV3320', '', 'IARP', 0.00, 0.00000000, NULL, NULL, NULL, NULL, NULL, NULL, NULL, 0.000, NULL, 0, '', 0, '', '', '', '', '', 0.000, '', 0, '', 0, '', 1),
(335, 'PRO326', 'PERFIL PVC PUERTA SUP PV33 LAT', 'YR-3451005PV3322', '', 'IARP', 0.00, 0.00000000, NULL, NULL, NULL, NULL, NULL, NULL, NULL, 0.000, NULL, 0, '', 0, '', '', '', '', '', 0.000, '', 0, '', 0, '', 1),
(336, 'PRO327', 'PERFIL PVC PUERTA SUP PV33 SX', 'YR-3450443PV3321', '', 'IARP', 0.00, 0.00000000, NULL, NULL, NULL, NULL, NULL, NULL, NULL, 0.000, NULL, 0, '', 0, '', '', '', '', '', 0.000, '', 0, '', 0, '', 1),
(337, 'PRO328', 'PERFIL TAPA INF 150-200', 'YR-3450111GAMA29', '', 'IARP', 0.00, 0.00000000, NULL, NULL, NULL, NULL, NULL, NULL, NULL, 0.000, NULL, 0, '', 0, '', '', '', '', '', 0.000, '', 0, '', 0, '', 1),
(338, 'PRO329', 'PERFIL TAPA INF. LAT GAM200', 'YR-3451018GA2031', '', 'IARP', 0.00, 0.00000000, NULL, NULL, NULL, NULL, NULL, NULL, NULL, 0.000, NULL, 0, '', 0, '', '', '', '', '', 0.000, '', 0, '', 0, '', 1),
(339, 'PRO330', 'PERFIL TAPA SUP 150-200', 'YR-3450114GAMA30', '', 'IARP', 0.00, 0.00000000, NULL, NULL, NULL, NULL, NULL, NULL, NULL, 0.000, NULL, 0, '', 0, '', '', '', '', '', 0.000, '', 0, '', 0, '', 1),
(340, 'PRO331', 'PERFIL TAPA SUP LAT', 'YR-3451020GA2032', '', 'IARP', 0.00, 0.00000000, NULL, NULL, NULL, NULL, NULL, NULL, NULL, 0.000, NULL, 0, '', 0, '', '', '', '', '', 0.000, '', 0, '', 0, '', 1),
(341, 'PRO332', 'PERFIL TAPA SUP LAT GA 150', 'YR-3451014GA1531', '', 'IARP', 0.00, 0.00000000, NULL, NULL, NULL, NULL, NULL, NULL, NULL, 0.000, NULL, 0, '', 0, '', '', '', '', '', 0.000, '', 0, '', 0, '', 1),
(342, 'PRO333', 'PERFIL TAPA SUP LAT GAMA 150', 'YR-3451014GA1532', '', 'IARP', 0.00, 0.00000000, NULL, NULL, NULL, NULL, NULL, NULL, NULL, 0.000, NULL, 0, '', 0, '', '', '', '', '', 0.000, '', 0, '', 0, '', 1),
(343, 'PRO334', 'PERNO 5X2 MACHO CUPULA', 'YR-0530097E57054', '', 'IARP', 0.00, 0.00000000, NULL, NULL, NULL, NULL, NULL, NULL, NULL, 0.000, NULL, 0, '', 0, '', '', '', '', '', 0.000, '', 0, '', 0, '', 1),
(344, 'PRO335', 'PERNO 5X220 MACHO CUPULA', 'YR-0530094E57056', '', 'IARP', 0.00, 0.00000000, NULL, NULL, NULL, NULL, NULL, NULL, NULL, 0.000, NULL, 0, '', 0, '', '', '', '', '', 0.000, '', 0, '', 0, '', 1),
(345, 'PRO336', 'PERNO BISAGRA PTA. BODEGA', 'YR-0530130FENN06', '', 'IARP', 0.00, 0.00000000, NULL, NULL, NULL, NULL, NULL, NULL, NULL, 0.000, NULL, 0, '', 0, '', '', '', '', '', 0.000, '', 0, '', 0, '', 1),
(346, 'PRO337', 'PERNO BRACETO CUP FENNICE', 'YR-0530005FENN38', '', 'IARP', 0.00, 0.00000000, NULL, NULL, NULL, NULL, NULL, NULL, NULL, 0.000, NULL, 0, '', 0, '', '', '', '', '', 0.000, '', 0, '', 0, '', 1),
(347, 'PRO338', 'PERNO CUPULA M5X13 TC FENN', 'YR-0530058FENN37', '', 'IARP', 0.00, 0.00000000, NULL, NULL, NULL, NULL, NULL, NULL, NULL, 0.000, NULL, 0, '', 0, '', '', '', '', '', 0.000, '', 0, '', 0, '', 1),
(348, 'PRO339', 'PERNO M5X8 TC CUPULA FENNICE', 'YR-0530021FENN36', '', 'IARP', 0.00, 0.00000000, NULL, NULL, NULL, NULL, NULL, NULL, NULL, 0.000, NULL, 0, '', 0, '', '', '', '', '', 0.000, '', 0, '', 0, '', 1),
(349, 'PRO340', 'PERNO PORTA LAMPARA', 'YR-0530065E57057', '', 'IARP', 0.00, 0.00000000, NULL, NULL, NULL, NULL, NULL, NULL, NULL, 0.000, NULL, 0, '', 0, '', '', '', '', '', 0.000, '', 0, '', 0, '', 1),
(350, 'PRO341', 'PERNO VIDRIO LAT CUPULA FENNI', 'YR-0530066FENN40', '', 'IARP', 0.00, 0.00000000, NULL, NULL, NULL, NULL, NULL, NULL, NULL, 0.000, NULL, 0, '', 0, '', '', '', '', '', 0.000, '', 0, '', 0, '', 1),
(351, 'PRO342', 'PORTA LAMPARA', 'YR-3601877E57068', '', 'IARP', 0.00, 0.00000000, NULL, NULL, NULL, NULL, NULL, NULL, NULL, 0.000, NULL, 0, '', 0, '', '', '', '', '', 0.000, '', 0, '', 0, '', 1),
(352, 'PRO343', 'PORTA PARTIDOR CUPULA FENNICE', 'YR-0500300FENN46', '', 'IARP', 0.00, 0.00000000, NULL, NULL, NULL, NULL, NULL, NULL, NULL, 0.000, NULL, 0, '', 0, '', '', '', '', '', 0.000, '', 0, '', 0, '', 1),
(353, 'PRO344', 'PORTA TUBO CUPULA FENNICE', 'YR-0500100FENN45', '', 'IARP', 0.00, 0.00000000, NULL, NULL, NULL, NULL, NULL, NULL, NULL, 0.000, NULL, 0, '', 0, '', '', '', '', '', 0.000, '', 0, '', 0, '', 1),
(354, 'PRO345', 'PORTA TUBO FLUORESC', 'YR-0501600E57063', '', 'IARP', 0.00, 0.00000000, NULL, NULL, NULL, NULL, NULL, NULL, NULL, 0.000, NULL, 0, '', 0, '', '', '', '', '', 0.000, '', 0, '', 0, '', 1),
(355, 'PRO346', 'PORTA TUBO FLUORESCENTE', 'YR-0315000E57064', '', 'IARP', 0.00, 0.00000000, NULL, NULL, NULL, NULL, NULL, NULL, NULL, 0.000, NULL, 0, '', 0, '', '', '', '', '', 0.000, '', 0, '', 0, '', 1),
(356, 'PRO347', 'PORTATUBO', 'YR-3300204EISS17', '', 'IARP', 0.00, 0.00000000, NULL, NULL, NULL, NULL, NULL, NULL, NULL, 0.000, NULL, 0, '', 0, '', '', '', '', '', 0.000, '', 0, '', 0, '', 1),
(357, 'PRO348', 'PROLONGADOR DRENAJE', 'YR-0543000GAMA33', '', 'IARP', 0.00, 0.00000000, NULL, NULL, NULL, NULL, NULL, NULL, NULL, 0.000, NULL, 0, '', 0, '', '', '', '', '', 0.000, '', 0, '', 0, '', 1),
(358, 'PRO349', 'PUERTA BODEGA COMPLETA', 'YR-6060476FENN63', '', 'IARP', 0.00, 0.00000000, NULL, NULL, NULL, NULL, NULL, NULL, NULL, 0.000, NULL, 0, '', 0, '', '', '', '', '', 0.000, '', 0, '', 0, '', 1),
(359, 'PRO350', 'PUERTA BODEGA EDERA', 'YR-6060487E57091', '', 'IARP', 0.00, 0.00000000, NULL, NULL, NULL, NULL, NULL, NULL, NULL, 0.000, NULL, 0, '', 0, '', '', '', '', '', 0.000, '', 0, '', 0, '', 1),
(360, 'PRO351', 'RECIBE GOTERA', 'YR-0425011FENN77', '', 'IARP', 0.00, 0.00000000, NULL, NULL, NULL, NULL, NULL, NULL, NULL, 0.000, NULL, 0, '', 0, '', '', '', '', '', 0.000, '', 0, '', 0, '', 1),
(361, 'PRO352', 'REJILLA CUBRE EVAPORADOR', 'YR-0427761FENN21', '', 'IARP', 0.00, 0.00000000, NULL, NULL, NULL, NULL, NULL, NULL, NULL, 0.000, NULL, 0, '', 0, '', '', '', '', '', 0.000, '', 0, '', 0, '', 1),
(362, 'PRO353', 'REJILLA CUBRE EVAPORADOR S7', 'SY-REJILLAS7EVAP', '', 'IARP', 0.00, 0.00000000, NULL, NULL, NULL, NULL, NULL, NULL, NULL, 0.000, NULL, 0, '', 0, '', '', '', '', '', 0.000, '', 0, '', 0, '', 1),
(363, 'PRO354', 'REJILLA CUBRE EVAPORADOR S9', 'SY-REJILLACUBREV', '', 'IARP', 0.00, 0.00000000, NULL, NULL, NULL, NULL, NULL, NULL, NULL, 0.000, NULL, 0, '', 0, '', '', '', '', '', 0.000, '', 0, '', 0, '', 1),
(364, 'PRO355', 'REJILLA EVAPORADOR EDERA', 'YR-0427526E57037', '', 'IARP', 0.00, 0.00000000, NULL, NULL, NULL, NULL, NULL, NULL, NULL, 0.000, NULL, 0, '', 0, '', '', '', '', '', 0.000, '', 0, '', 0, '', 1),
(365, 'PRO356', 'REJILLA FRONTAL EDERA', 'YR-3700786E57034', '', 'IARP', 0.00, 0.00000000, NULL, NULL, NULL, NULL, NULL, NULL, NULL, 0.000, NULL, 0, '', 0, '', '', '', '', '', 0.000, '', 0, '', 0, '', 1),
(366, 'PRO357', 'REJILLA LAT IZQUIERDA FENICE', 'YR-3700957FENN22', '', 'IARP', 0.00, 0.00000000, NULL, NULL, NULL, NULL, NULL, NULL, NULL, 0.000, NULL, 0, '', 0, '', '', '', '', '', 0.000, '', 0, '', 0, '', 1),
(367, 'PRO358', 'REJILLA LATERAL', 'YR-3700787E57038', '', 'IARP', 0.00, 0.00000000, NULL, NULL, NULL, NULL, NULL, NULL, NULL, 0.000, NULL, 0, '', 0, '', '', '', '', '', 0.000, '', 0, '', 0, '', 1),
(368, 'PRO359', 'REJILLA LATERAL GAM', 'YR-0427827GAMA20', '', 'IARP', 0.00, 0.00000000, NULL, NULL, NULL, NULL, NULL, NULL, NULL, 0.000, NULL, 0, '', 0, '', '', '', '', '', 0.000, '', 0, '', 0, '', 1),
(369, 'PRO360', 'REJILLA POSTERIOR EDERA', 'YR-0427478E57039', '', 'IARP', 0.00, 0.00000000, NULL, NULL, NULL, NULL, NULL, NULL, NULL, 0.000, NULL, 0, '', 0, '', '', '', '', '', 0.000, '', 0, '', 0, '', 1),
(370, 'PRO361', 'REJILLA POSTERIOR FENN', 'YR-0427717FENN83', '', 'IARP', 0.00, 0.00000000, NULL, NULL, NULL, NULL, NULL, NULL, NULL, 0.000, NULL, 0, '', 0, '', '', '', '', '', 0.000, '', 0, '', 0, '', 1),
(371, 'PRO362', 'REJILLA POSTERIOR FENNICE', 'YR-7069480FENN23', '', 'IARP', 0.00, 0.00000000, NULL, NULL, NULL, NULL, NULL, NULL, NULL, 0.000, NULL, 0, '', 0, '', '', '', '', '', 0.000, '', 0, '', 0, '', 1),
(372, 'PRO363', 'REJILLA POSTERIOR GAMMA', 'YR-0427856GAMA21', '', 'IARP', 0.00, 0.00000000, NULL, NULL, NULL, NULL, NULL, NULL, NULL, 0.000, NULL, 0, '', 0, '', '', '', '', '', 0.000, '', 0, '', 0, '', 1),
(373, 'PRO364', 'RELAY G7L', 'YR-3300702E57077', '', 'IARP', 0.00, 0.00000000, NULL, NULL, NULL, NULL, NULL, NULL, NULL, 0.000, NULL, 0, '', 0, '', '', '', '', '', 0.000, '', 0, '', 0, '', 1),
(374, 'PRO365', 'RESISTENCIA  10W', 'YR-0205278E57078', '', 'IARP', 0.00, 0.00000000, NULL, NULL, NULL, NULL, NULL, NULL, NULL, 0.000, NULL, 0, '', 0, '', '', '', '', '', 0.000, '', 0, '', 0, '', 1),
(375, 'PRO366', 'RESISTENCIA  20W', 'YR-0205341E57083', '', 'IARP', 0.00, 0.00000000, NULL, NULL, NULL, NULL, NULL, NULL, NULL, 0.000, NULL, 0, '', 0, '', '', '', '', '', 0.000, '', 0, '', 0, '', 1),
(376, 'PRO367', 'RESISTENCIA 10W', 'YR-0205255E57079', '', 'IARP', 0.00, 0.00000000, NULL, NULL, NULL, NULL, NULL, NULL, NULL, 0.000, NULL, 0, '', 0, '', '', '', '', '', 0.000, '', 0, '', 0, '', 1),
(377, 'PRO368', 'RESISTENCIA 10W/MT', 'YR-0205539FENN54', '', 'IARP', 0.00, 0.00000000, NULL, NULL, NULL, NULL, NULL, NULL, NULL, 0.000, NULL, 0, '', 0, '', '', '', '', '', 0.000, '', 0, '', 0, '', 1),
(378, 'PRO369', 'RESISTENCIA 13W', 'YR-0205247E57080', '', 'IARP', 0.00, 0.00000000, NULL, NULL, NULL, NULL, NULL, NULL, NULL, 0.000, NULL, 0, '', 0, '', '', '', '', '', 0.000, '', 0, '', 0, '', 1),
(379, 'PRO370', 'RESISTENCIA 13W/MT FENN', 'YR-0205336FENN56', '', 'IARP', 0.00, 0.00000000, NULL, NULL, NULL, NULL, NULL, NULL, NULL, 0.000, NULL, 0, '', 0, '', '', '', '', '', 0.000, '', 0, '', 0, '', 1),
(380, 'PRO371', 'RESISTENCIA 160W', 'YR-0205537FENN55', '', 'IARP', 0.00, 0.00000000, NULL, NULL, NULL, NULL, NULL, NULL, NULL, 0.000, NULL, 0, '', 0, '', '', '', '', '', 0.000, '', 0, '', 0, '', 1),
(381, 'PRO372', 'RESISTENCIA EDERA 165W POSTERIOR', 'YR-0505516E57082', '', 'IARP', 0.00, 0.00000000, NULL, NULL, NULL, NULL, NULL, NULL, NULL, 0.000, NULL, 0, '', 0, '', '', '', '', '', 0.000, '', 0, '', 0, '', 1),
(382, 'PRO373', 'RESISTENCIA EDERA 165W TRASERA', 'YR-0205517E57081', '', 'IARP', 0.00, 0.00000000, NULL, NULL, NULL, NULL, NULL, NULL, NULL, 0.000, NULL, 0, '', 0, '', '', '', '', '', 0.000, '', 0, '', 0, '', 1),
(383, 'PRO374', 'RESISTENCIA EVAP. (CLIXON)', 'YR-3602589FENN04', '', 'IARP', 0.00, 0.00000000, NULL, NULL, NULL, NULL, NULL, NULL, NULL, 0.000, NULL, 0, '', 0, '', '', '', '', '', 0.000, '', 0, '', 0, '', 1),
(384, 'PRO375', 'RESISTENCIA EVAPORADOR GEMMA', 'YR-3304769GEMAVA', '', 'IARP', 0.00, 0.00000000, NULL, NULL, NULL, NULL, NULL, NULL, NULL, 0.000, NULL, 0, '', 0, '', '', '', '', '', 0.000, '', 0, '', 0, '', 1),
(385, 'PRO376', 'RESISTENCIA/EVAPORADOR AGUA', 'YR-0163477FENN76', '', 'IARP', 0.00, 0.00000000, NULL, NULL, NULL, NULL, NULL, NULL, NULL, 0.000, NULL, 0, '', 0, '', '', '', '', '', 0.000, '', 0, '', 0, '', 1),
(386, 'PRO377', 'RUEDA D.50 BLANCA', 'YR-0402037PV3324', '', 'IARP', 0.00, 0.00000000, NULL, NULL, NULL, NULL, NULL, NULL, NULL, 0.000, NULL, 0, '', 0, '', '', '', '', '', 0.000, '', 0, '', 0, '', 1),
(387, 'PRO378', 'RUEDA D.60 FENNICE', 'YR-0402010FENN60', '', 'IARP', 0.00, 0.00000000, NULL, NULL, NULL, NULL, NULL, NULL, NULL, 0.000, NULL, 0, '', 0, '', '', '', '', '', 0.000, '', 0, '', 0, '', 1),
(388, 'PRO379', 'RUEDA D.80', 'YR-0402038E57087', '', 'IARP', 0.00, 0.00000000, NULL, NULL, NULL, NULL, NULL, NULL, NULL, 0.000, NULL, 0, '', 0, '', '', '', '', '', 0.000, '', 0, '', 0, '', 1),
(389, 'PRO380', 'RUEDA FENICE', 'SY-0402010000000', '', 'IARP', 0.00, 0.00000000, NULL, NULL, NULL, NULL, NULL, NULL, NULL, 0.000, NULL, 0, '', 0, '', '', '', '', '', 0.000, '', 0, '', 0, '', 1),
(390, 'PRO381', 'SEGURO BISAGRA PTA BODEGA', 'YR-0415219FENN06', '', 'IARP', 0.00, 0.00000000, NULL, NULL, NULL, NULL, NULL, NULL, NULL, 0.000, NULL, 0, '', 0, '', '', '', '', '', 0.000, '', 0, '', 0, '', 1),
(391, 'PRO382', 'SE', 'YR-3302024E57088', '', 'IARP', 0.00, 0.00000000, NULL, NULL, NULL, NULL, NULL, NULL, NULL, 0.000, NULL, 0, '', 0, '', '', '', '', '', 0.000, '', 0, '', 0, '', 1),
(392, 'PRO383', 'SOPORTE', 'YR-3404850WISS50', '', 'IARP', 0.00, 0.00000000, NULL, NULL, NULL, NULL, NULL, NULL, NULL, 0.000, NULL, 0, '', 0, '', '', '', '', '', 0.000, '', 0, '', 0, '', 1),
(393, 'PRO384', 'SOPORTE BISAGRA PTA.BOD', 'YR-0415216E57001', '', 'IARP', 0.00, 0.00000000, NULL, NULL, NULL, NULL, NULL, NULL, NULL, 0.000, NULL, 0, '', 0, '', '', '', '', '', 0.000, '', 0, '', 0, '', 1),
(394, 'PRO385', 'SOPORTE CONTROL', 'YR-0312609EISS23', '', 'IARP', 0.00, 0.00000000, NULL, NULL, NULL, NULL, NULL, NULL, NULL, 0.000, NULL, 0, '', 0, '', '', '', '', '', 0.000, '', 0, '', 0, '', 1),
(395, 'PRO386', 'SOPORTE CUPULA FRONTAL', 'YR-3601279E57065', '', 'IARP', 0.00, 0.00000000, NULL, NULL, NULL, NULL, NULL, NULL, NULL, 0.000, NULL, 0, '', 0, '', '', '', '', '', 0.000, '', 0, '', 0, '', 1),
(396, 'PRO387', 'SOPORTE INDICADOR', 'YR-3303587EISS44', '', 'IARP', 0.00, 0.00000000, NULL, NULL, NULL, NULL, NULL, NULL, NULL, 0.000, NULL, 0, '', 0, '', '', '', '', '', 0.000, '', 0, '', 0, '', 1),
(397, 'PRO388', 'SOPORTE LAT SX VASCA', 'YR-0542061FENN68', '', 'IARP', 0.00, 0.00000000, NULL, NULL, NULL, NULL, NULL, NULL, NULL, 0.000, NULL, 0, '', 0, '', '', '', '', '', 0.000, '', 0, '', 0, '', 1),
(398, 'PRO389', 'SOPORTE PUERTAS', 'YR-0431313PV3325', '', 'IARP', 0.00, 0.00000000, NULL, NULL, NULL, NULL, NULL, NULL, NULL, 0.000, NULL, 0, '', 0, '', '', '', '', '', 0.000, '', 0, '', 0, '', 1),
(399, 'PRO390', 'SOPORTE RESISTENC IA', 'YR-0541002FENN31', '', 'IARP', 0.00, 0.00000000, NULL, NULL, NULL, NULL, NULL, NULL, NULL, 0.000, NULL, 0, '', 0, '', '', '', '', '', 0.000, '', 0, '', 0, '', 1),
(400, 'PRO391', 'SOPORTE RESISTENCIA (82)', 'YR-0541017E57047', '', 'IARP', 0.00, 0.00000000, NULL, NULL, NULL, NULL, NULL, NULL, NULL, 0.000, NULL, 0, '', 0, '', '', '', '', '', 0.000, '', 0, '', 0, '', 1),
(401, 'PRO392', 'SOPORTE RESISTENCIA FENN', 'YR-0541001FENN32', '', 'IARP', 0.00, 0.00000000, NULL, NULL, NULL, NULL, NULL, NULL, NULL, 0.000, NULL, 0, '', 0, '', '', '', '', '', 0.000, '', 0, '', 0, '', 1),
(402, 'PRO393', 'SOPORTE VASCA LAT DX FENN', 'YR-0542060FENN67', '', 'IARP', 0.00, 0.00000000, NULL, NULL, NULL, NULL, NULL, NULL, NULL, 0.000, NULL, 0, '', 0, '', '', '', '', '', 0.000, '', 0, '', 0, '', 1),
(403, 'PRO394', 'TACHO ACERO INOX 5 LTS.', 'YR-4250040000000', '', 'IARP', 0.00, 0.00000000, NULL, NULL, NULL, NULL, NULL, NULL, NULL, 0.000, NULL, 0, '', 0, '', '', '', '', '', 0.000, '', 0, '', 0, '', 1),
(404, 'PRO395', 'TAPA  CERRADURA PV33', 'YR-3303779PV3328', '', 'IARP', 0.00, 0.00000000, NULL, NULL, NULL, NULL, NULL, NULL, NULL, 0.000, NULL, 0, '', 0, '', '', '', '', '', 0.000, '', 0, '', 0, '', 1),
(405, 'PRO396', 'TAPA AZUL UNIDAD PV33', 'YR-0427885PV3314', '', 'IARP', 0.00, 0.00000000, NULL, NULL, NULL, NULL, NULL, NULL, NULL, 0.000, NULL, 0, '', 0, '', '', '', '', '', 0.000, '', 0, '', 0, '', 1),
(406, 'PRO397', 'TAPA BULBO GAMMA', 'YR-0408001GAMA12', '', 'IARP', 0.00, 0.00000000, NULL, NULL, NULL, NULL, NULL, NULL, NULL, 0.000, NULL, 0, '', 0, '', '', '', '', '', 0.000, '', 0, '', 0, '', 1),
(407, 'PRO398', 'TAPA CIEGA CONTROL GAMA', 'YR-3303768GAMA08', '', 'IARP', 0.00, 0.00000000, NULL, NULL, NULL, NULL, NULL, NULL, NULL, 0.000, NULL, 0, '', 0, '', '', '', '', '', 0.000, '', 0, '', 0, '', 1),
(408, 'PRO399', 'TAPA CONTROL TERMOMETRO', 'YR-3303795GA2008', '', 'IARP', 0.00, 0.00000000, NULL, NULL, NULL, NULL, NULL, NULL, NULL, 0.000, NULL, 0, '', 0, '', '', '', '', '', 0.000, '', 0, '', 0, '', 1),
(409, 'PRO400', 'TAPA CONTROL TERMOSTATO', 'YR-3303794GA2007', '', 'IARP', 0.00, 0.00000000, NULL, NULL, NULL, NULL, NULL, NULL, NULL, 0.000, NULL, 0, '', 0, '', '', '', '', '', 0.000, '', 0, '', 0, '', 1),
(410, 'PRO401', 'TAPA CUADRO COMANDO', 'YR-0340337E57060', '', 'IARP', 0.00, 0.00000000, NULL, NULL, NULL, NULL, NULL, NULL, NULL, 0.000, NULL, 0, '', 0, '', '', '', '', '', 0.000, '', 0, '', 0, '', 1),
(411, 'PRO402', 'TAPA EVAPORADOR DX', 'YR-7067714E57022', '', 'IARP', 0.00, 0.00000000, NULL, NULL, NULL, NULL, NULL, NULL, NULL, 0.000, NULL, 0, '', 0, '', '', '', '', '', 0.000, '', 0, '', 0, '', 1),
(412, 'PRO403', 'TAPA EVAPORADOR DX EDERA', 'YR-7073712E57019', '', 'IARP', 0.00, 0.00000000, NULL, NULL, NULL, NULL, NULL, NULL, NULL, 0.000, NULL, 0, '', 0, '', '', '', '', '', 0.000, '', 0, '', 0, '', 1),
(413, 'PRO404', 'TAPA EVAPORADOR SX', 'YR-7073711E57021', '', 'IARP', 0.00, 0.00000000, NULL, NULL, NULL, NULL, NULL, NULL, NULL, 0.000, NULL, 0, '', 0, '', '', '', '', '', 0.000, '', 0, '', 0, '', 1),
(414, 'PRO405', 'TAPA EVAPORADOR SX EDERA', 'YR-7074238E57020', '', 'IARP', 0.00, 0.00000000, NULL, NULL, NULL, NULL, NULL, NULL, NULL, 0.000, NULL, 0, '', 0, '', '', '', '', '', 0.000, '', 0, '', 0, '', 1),
(415, 'PRO406', 'TAPA INFERIOR 200', 'YR-0071986GA2009', '', 'IARP', 0.00, 0.00000000, NULL, NULL, NULL, NULL, NULL, NULL, NULL, 0.000, NULL, 0, '', 0, '', '', '', '', '', 0.000, '', 0, '', 0, '', 1),
(416, 'PRO407', 'TAPA INFERIOR GAM150', 'YR-0071988GA1509', '', 'IARP', 0.00, 0.00000000, NULL, NULL, NULL, NULL, NULL, NULL, NULL, 0.000, NULL, 0, '', 0, '', '', '', '', '', 0.000, '', 0, '', 0, '', 1),
(417, 'PRO408', 'TAPA MET CUBIERTA CAMARA', 'YR-7072032FENN41', '', 'IARP', 0.00, 0.00000000, NULL, NULL, NULL, NULL, NULL, NULL, NULL, 0.000, NULL, 0, '', 0, '', '', '', '', '', 0.000, '', 0, '', 0, '', 1),
(418, 'PRO409', 'TAPA SUPERIOR GA200', 'YR-0071987GA2010', '', 'IARP', 0.00, 0.00000000, NULL, NULL, NULL, NULL, NULL, NULL, NULL, 0.000, NULL, 0, '', 0, '', '', '', '', '', 0.000, '', 0, '', 0, '', 1),
(419, 'PRO410', 'TAPA SUPERIOR GAMMA150', 'YR-0071989GA1510', '', 'IARP', 0.00, 0.00000000, NULL, NULL, NULL, NULL, NULL, NULL, NULL, 0.000, NULL, 0, '', 0, '', '', '', '', '', 0.000, '', 0, '', 0, '', 1),
(420, 'PRO411', 'TAPA TERMOMETRO EXT', 'YR-3303591GAMA07', '', 'IARP', 0.00, 0.00000000, NULL, NULL, NULL, NULL, NULL, NULL, NULL, 0.000, NULL, 0, '', 0, '', '', '', '', '', 0.000, '', 0, '', 0, '', 1),
(421, 'PRO412', 'TAPA TERMOSTATO', 'YR-3303589GAMA26', '', 'IARP', 0.00, 0.00000000, NULL, NULL, NULL, NULL, NULL, NULL, NULL, 0.000, NULL, 0, '', 0, '', '', '', '', '', 0.000, '', 0, '', 0, '', 1),
(422, 'PRO413', 'TAPA TORNILLO C', 'YR-0162283E57100', '', 'IARP', 0.00, 0.00000000, NULL, NULL, NULL, NULL, NULL, NULL, NULL, 0.000, NULL, 0, '', 0, '', '', '', '', '', 0.000, '', 0, '', 0, '', 1),
(423, 'PRO414', 'TAPA TORNILLO PL', 'YR-0162284E57099', '', 'IARP', 0.00, 0.00000000, NULL, NULL, NULL, NULL, NULL, NULL, NULL, 0.000, NULL, 0, '', 0, '', '', '', '', '', 0.000, '', 0, '', 0, '', 1),
(424, 'PRO415', 'TAPA UNIDAD ABS AZUL', 'YR-0427715PV3315', '', 'IARP', 0.00, 0.00000000, NULL, NULL, NULL, NULL, NULL, NULL, NULL, 0.000, NULL, 0, '', 0, '', '', '', '', '', 0.000, '', 0, '', 0, '', 1),
(425, 'PRO416', 'TAPON DESAGUE GAMMA', 'YR-0445006GAMA34', '', 'IARP', 0.00, 0.00000000, NULL, NULL, NULL, NULL, NULL, NULL, NULL, 0.000, NULL, 0, '', 0, '', '', '', '', '', 0.000, '', 0, '', 0, '', 1),
(426, 'PRO417', 'TAPON DRENAJE EXT FENN', 'YR-0312448FENN70', '', 'IARP', 0.00, 0.00000000, NULL, NULL, NULL, NULL, NULL, NULL, NULL, 0.000, NULL, 0, '', 0, '', '', '', '', '', 0.000, '', 0, '', 0, '', 1),
(427, 'PRO418', 'TAPON DX PERFIL INF CUPULA', 'YR-0162285E57102', '', 'IARP', 0.00, 0.00000000, NULL, NULL, NULL, NULL, NULL, NULL, NULL, 0.000, NULL, 0, '', 0, '', '', '', '', '', 0.000, '', 0, '', 0, '', 1),
(428, 'PRO419', 'TAPON INTERNO DRENAJE FENICE', 'YR-0312015FENN69', '', 'IARP', 0.00, 0.00000000, NULL, NULL, NULL, NULL, NULL, NULL, NULL, 0.000, NULL, 0, '', 0, '', '', '', '', '', 0.000, '', 0, '', 0, '', 1),
(429, 'PRO420', 'TAPON INTERNO DRENAJE GAMA', 'YR-0312038GAMA38', '', 'IARP', 0.00, 0.00000000, NULL, NULL, NULL, NULL, NULL, NULL, NULL, 0.000, NULL, 0, '', 0, '', '', '', '', '', 0.000, '', 0, '', 0, '', 1),
(430, 'PRO421', 'TAPON INTERRUPTOR GAMMA', 'YR-0312105GAMA36', '', 'IARP', 0.00, 0.00000000, NULL, NULL, NULL, NULL, NULL, NULL, NULL, 0.000, NULL, 0, '', 0, '', '', '', '', '', 0.000, '', 0, '', 0, '', 1),
(431, 'PRO422', 'TAPON SX PERFIL INF CUPULA', 'YR-0162286E57103', '', 'IARP', 0.00, 0.00000000, NULL, NULL, NULL, NULL, NULL, NULL, NULL, 0.000, NULL, 0, '', 0, '', '', '', '', '', 0.000, '', 0, '', 0, '', 1),
(432, 'PRO423', 'TARJETA ELECTRONICA', 'YR-3306385FENN04', '', 'IARP', 0.00, 0.00000000, NULL, NULL, NULL, NULL, NULL, NULL, NULL, 0.000, NULL, 0, '', 0, '', '', '', '', '', 0.000, '', 0, '', 0, '', 1),
(433, 'PRO424', 'TERMOMETRO DISCO', 'YR-3303796EISS79', '', 'IARP', 0.00, 0.00000000, NULL, NULL, NULL, NULL, NULL, NULL, NULL, 0.000, NULL, 0, '', 0, '', '', '', '', '', 0.000, '', 0, '', 0, '', 1),
(434, 'PRO425', 'TERMOMETRO FENICE', 'YR-0406001FENN71', '', 'IARP', 0.00, 0.00000000, NULL, NULL, NULL, NULL, NULL, NULL, NULL, 0.000, NULL, 0, '', 0, '', '', '', '', '', 0.000, '', 0, '', 0, '', 1),
(435, 'PRO426', 'TERMOMETRO GAMA', 'YR-3303592GAMA39', '', 'IARP', 0.00, 0.00000000, NULL, NULL, NULL, NULL, NULL, NULL, NULL, 0.000, NULL, 0, '', 0, '', '', '', '', '', 0.000, '', 0, '', 0, '', 1),
(436, 'PRO427', 'TERMOMETRO PV33', 'YR-0406040PV3330', '', 'IARP', 0.00, 0.00000000, NULL, NULL, NULL, NULL, NULL, NULL, NULL, 0.000, NULL, 0, '', 0, '', '', '', '', '', 0.000, '', 0, '', 0, '', 1),
(437, 'PRO428', 'TERMOSTATO', 'YR-0225178EISS80', '', 'IARP', 0.00, 0.00000000, NULL, NULL, NULL, NULL, NULL, NULL, NULL, 0.000, NULL, 0, '', 0, '', '', '', '', '', 0.000, '', 0, '', 0, '', 1),
(438, 'PRO429', 'TERMOSTATO DANFOSS 077B2397', 'YR-3305084GAMA40', '', 'IARP', 0.00, 0.00000000, NULL, NULL, NULL, NULL, NULL, NULL, NULL, 0.000, NULL, 0, '', 0, '', '', '', '', '', 0.000, '', 0, '', 0, '', 1),
(439, 'PRO430', 'TERMOSTATO K50L3425 C/SOP', 'YR-3303610FENN87', '', 'IARP', 0.00, 0.00000000, NULL, NULL, NULL, NULL, NULL, NULL, NULL, 0.000, NULL, 0, '', 0, '', '', '', '', '', 0.000, '', 0, '', 0, '', 1),
(440, 'PRO431', 'TERMOSTATO K55 C/SOPORTE', 'YR-3301898FENN72', '', 'IARP', 0.00, 0.00000000, NULL, NULL, NULL, NULL, NULL, NULL, NULL, 0.000, NULL, 0, '', 0, '', '', '', '', '', 0.000, '', 0, '', 0, '', 1),
(441, 'PRO432', 'TIMER DIGITAL FENICE', 'SY-3302004FENTIM', '', 'IARP', 0.00, 0.00000000, NULL, NULL, NULL, NULL, NULL, NULL, NULL, 0.000, NULL, 0, '', 0, '', '', '', '', '', 0.000, '', 0, '', 0, '', 1),
(442, 'PRO433', 'TIMER FENNICE', 'YR-3302004FENN75', '', 'IARP', 0.00, 0.00000000, NULL, NULL, NULL, NULL, NULL, NULL, NULL, 0.000, NULL, 0, '', 0, '', '', '', '', '', 0.000, '', 0, '', 0, '', 1),
(443, 'PRO434', 'TUBO EVAPORADOR DX FENN', 'YR-7069764FENN13', '', 'IARP', 0.00, 0.00000000, NULL, NULL, NULL, NULL, NULL, NULL, NULL, 0.000, NULL, 0, '', 0, '', '', '', '', '', 0.000, '', 0, '', 0, '', 1),
(444, 'PRO435', 'TUBO EVAPORADOR SX FENN', 'YR-7067972FENN14', '', 'IARP', 0.00, 0.00000000, NULL, NULL, NULL, NULL, NULL, NULL, NULL, 0.000, NULL, 0, '', 0, '', '', '', '', '', 0.000, '', 0, '', 0, '', 1),
(445, 'PRO436', 'TUBO FLUORESCENTE', 'YR-0200087EISS26', '', 'IARP', 0.00, 0.00000000, NULL, NULL, NULL, NULL, NULL, NULL, NULL, 0.000, NULL, 0, '', 0, '', '', '', '', '', 0.000, '', 0, '', 0, '', 1),
(446, 'PRO437', 'TUBO FLUORESCENTE 18W', 'YR-0200085EISS34', '', 'IARP', 0.00, 0.00000000, NULL, NULL, NULL, NULL, NULL, NULL, NULL, 0.000, NULL, 0, '', 0, '', '', '', '', '', 0.000, '', 0, '', 0, '', 1),
(447, 'PRO438', 'TUBO FLUORESCENTE FENN', 'YR-0200086FENN28', '', 'IARP', 0.00, 0.00000000, NULL, NULL, NULL, NULL, NULL, NULL, NULL, 0.000, NULL, 0, '', 0, '', '', '', '', '', 0.000, '', 0, '', 0, '', 1),
(448, 'PRO439', 'TUERCA IMAN PTA.BODG PZA88', 'YR-0505025FENN80', '', 'IARP', 0.00, 0.00000000, NULL, NULL, NULL, NULL, NULL, NULL, NULL, 0.000, NULL, 0, '', 0, '', '', '', '', '', 0.000, '', 0, '', 0, '', 1),
(449, 'PRO440', 'UNION PUERTA CUPULA (BRACETO)', 'YR-0412002FENN03', '', 'IARP', 0.00, 0.00000000, NULL, NULL, NULL, NULL, NULL, NULL, NULL, 0.000, NULL, 0, '', 0, '', '', '', '', '', 0.000, '', 0, '', 0, '', 1),
(450, 'PRO441', 'VALVULA SOLENOIDE EVR3 C/BOBI', 'YR-0189035FENN10', '', 'IARP', 0.00, 0.00000000, NULL, NULL, NULL, NULL, NULL, NULL, NULL, 0.000, NULL, 0, '', 0, '', '', '', '', '', 0.000, '', 0, '', 0, '', 1),
(451, 'PRO442', 'VIDRIO FRONTAL F9', 'YR-250516FRONTAL', '', 'IARP', 0.00, 0.00000000, NULL, NULL, NULL, NULL, NULL, NULL, NULL, 0.000, NULL, 0, '', 0, '', '', '', '', '', 0.000, '', 0, '', 0, '', 1),
(452, 'PRO443', 'VIDRIO FRONTAL FENICE 13', 'yr-0250515FENI13', '', 'IARP', 0.00, 0.00000000, NULL, NULL, NULL, NULL, NULL, NULL, NULL, 0.000, NULL, 0, '', 0, '', '', '', '', '', 0.000, '', 0, '', 0, '', 1),
(453, 'PRO444', 'VIDRIO LATERAL DERECHO', 'YR-0250246FENN78', '', 'IARP', 0.00, 0.00000000, NULL, NULL, NULL, NULL, NULL, NULL, NULL, 0.000, NULL, 0, '', 0, '', '', '', '', '', 0.000, '', 0, '', 0, '', 1),
(454, 'PRO445', 'VIDRIO LATERAL DX FENICE 13', 'YR-3605939FENI13', '', 'IARP', 0.00, 0.00000000, NULL, NULL, NULL, NULL, NULL, NULL, NULL, 0.000, NULL, 0, '', 0, '', '', '', '', '', 0.000, '', 0, '', 0, '', 1),
(455, 'PRO446', 'VIDRIO LATERAL IZQ FENN', 'YR-0250249FENN93', '', 'IARP', 0.00, 0.00000000, NULL, NULL, NULL, NULL, NULL, NULL, NULL, 0.000, NULL, 0, '', 0, '', '', '', '', '', 0.000, '', 0, '', 0, '', 1),
(456, 'PRO447', 'VIDRIO LATERAL SX FENICE 13', 'YR-3605940FENI14', '', 'IARP', 0.00, 0.00000000, NULL, NULL, NULL, NULL, NULL, NULL, NULL, 0.000, NULL, 0, '', 0, '', '', '', '', '', 0.000, '', 0, '', 0, '', 1),
(457, 'PRO448', 'ACRILICO  (CONVOGLIATORE MAN', 'SI-4425181154VEN', '', 'ISA', 0.00, 0.00000000, NULL, NULL, NULL, NULL, NULL, NULL, NULL, 0.000, NULL, 0, '', 0, '', '', '', '', '', 0.000, '', 0, '', 0, '', 1),
(458, 'PRO449', 'ACRILICO CONVOGLIATORE ASPIRAZ', 'SI-442581164CONV', '', 'ISA', 0.00, 0.00000000, NULL, NULL, NULL, NULL, NULL, NULL, NULL, 0.000, NULL, 0, '', 0, '', '', '', '', '', 0.000, '', 0, '', 0, '', 1),
(459, 'PRO450', 'ANILLO VENTILADOR NMB471 23TB', 'SI-430610392ANEL', '', 'ISA', 0.00, 0.00000000, NULL, NULL, NULL, NULL, NULL, NULL, NULL, 0.000, NULL, 0, '', 0, '', '', '', '', '', 0.000, '', 0, '', 0, '', 1),
(460, 'PRO451', 'ASPA MOTOR VENTILADOR', 'SI-SI50610101ASP', '', 'ISA', 0.00, 0.00000000, NULL, NULL, NULL, NULL, NULL, NULL, NULL, 0.000, NULL, 0, '', 0, '', '', '', '', '', 0.000, '', 0, '', 0, '', 1),
(461, 'PRO452', 'ASPA VENTILADOR 230', 'SI-506101008VENT', '', 'ISA', 0.00, 0.00000000, NULL, NULL, NULL, NULL, NULL, NULL, NULL, 0.000, NULL, 0, '', 0, '', '', '', '', '', 0.000, '', 0, '', 0, '', 1),
(462, 'PRO453', 'BANDEJA DESAGUE', 'SI-442254412BAND', '', 'ISA', 0.00, 0.00000000, NULL, NULL, NULL, NULL, NULL, NULL, NULL, 0.000, NULL, 0, '', 0, '', '', '', '', '', 0.000, '', 0, '', 0, '', 1),
(463, 'PRO454', 'BURLETE', 'SI-436215518BURL', '', 'ISA', 0.00, 0.00000000, NULL, NULL, NULL, NULL, NULL, NULL, NULL, 0.000, NULL, 0, '', 0, '', '', '', '', '', 0.000, '', 0, '', 0, '', 1),
(464, 'PRO455', 'CALEFACTOR', 'SI-491099298CALE', '', 'ISA', 0.00, 0.00000000, NULL, NULL, NULL, NULL, NULL, NULL, NULL, 0.000, NULL, 0, '', 0, '', '', '', '', '', 0.000, '', 0, '', 0, '', 1),
(465, 'PRO456', 'CARTER LAT BASAM', 'SI-4303170042CAR', '', 'ISA', 0.00, 0.00000000, NULL, NULL, NULL, NULL, NULL, NULL, NULL, 0.000, NULL, 0, '', 0, '', '', '', '', '', 0.000, '', 0, '', 0, '', 1),
(466, 'PRO457', 'CENTRALINA ELECT ID 971', 'SI-418227413CENT', '', 'ISA', 0.00, 0.00000000, NULL, NULL, NULL, NULL, NULL, NULL, NULL, 0.000, NULL, 0, '', 0, '', '', '', '', '', 0.000, '', 0, '', 0, '', 1),
(467, 'PRO458', 'CENTRALINA ELECT ID 974', 'SI-418227691CENT', '', 'ISA', 0.00, 0.00000000, NULL, NULL, NULL, NULL, NULL, NULL, NULL, 0.000, NULL, 0, '', 0, '', '', '', '', '', 0.000, '', 0, '', 0, '', 1),
(468, 'PRO459', 'CORTINA CUPULA MN 12', 'SI-4000893CORTIN', '', 'ISA', 0.00, 0.00000000, NULL, NULL, NULL, NULL, NULL, NULL, NULL, 0.000, NULL, 0, '', 0, '', '', '', '', '', 0.000, '', 0, '', 0, '', 1),
(469, 'PRO460', 'CORTINA CUPULA MN 16', 'SI-400089457CORT', '', 'ISA', 0.00, 0.00000000, NULL, NULL, NULL, NULL, NULL, NULL, NULL, 0.000, NULL, 0, '', 0, '', '', '', '', '', 0.000, '', 0, '', 0, '', 1),
(470, 'PRO461', 'CORTINA LUZ MILLE 12 07', 'SI-4760568861COR', '', 'ISA', 0.00, 0.00000000, NULL, NULL, NULL, NULL, NULL, NULL, NULL, 0.000, NULL, 0, '', 0, '', '', '', '', '', 0.000, '', 0, '', 0, '', 1),
(471, 'PRO462', 'CORTINA LUZ MN 16 07', 'SI-4760568851TEN', '', 'ISA', 0.00, 0.00000000, NULL, NULL, NULL, NULL, NULL, NULL, NULL, 0.000, NULL, 0, '', 0, '', '', '', '', '', 0.000, '', 0, '', 0, '', 1),
(472, 'PRO463', 'CUBIERTA SX MESA APOYO', 'SI-430256828CUBI', '', 'ISA', 0.00, 0.00000000, NULL, NULL, NULL, NULL, NULL, NULL, NULL, 0.000, NULL, 0, '', 0, '', '', '', '', '', 0.000, '', 0, '', 0, '', 1),
(473, 'PRO464', 'CUBRE TUBO COMPLETO MN 07012', 'SI-418770849CUBT', '', 'ISA', 0.00, 0.00000000, NULL, NULL, NULL, NULL, NULL, NULL, NULL, 0.000, NULL, 0, '', 0, '', '', '', '', '', 0.000, '', 0, '', 0, '', 1),
(474, 'PRO465', 'DEFLECTOR LAT', 'SI-44251811173DE', '', 'ISA', 0.00, 0.00000000, NULL, NULL, NULL, NULL, NULL, NULL, NULL, 0.000, NULL, 0, '', 0, '', '', '', '', '', 0.000, '', 0, '', 0, '', 1),
(475, 'PRO466', 'DEFLECTOR LATERAL OM 134S', 'SI-4425181173DEF', '', 'ISA', 0.00, 0.00000000, NULL, NULL, NULL, NULL, NULL, NULL, NULL, 0.000, NULL, 0, '', 0, '', '', '', '', '', 0.000, '', 0, '', 0, '', 1),
(476, 'PRO467', 'ESPACIADOR TACHOS CD 12/12+12', 'SI-24225DISTANZI', '', 'ISA', 0.00, 0.00000000, NULL, NULL, NULL, NULL, NULL, NULL, NULL, 0.000, NULL, 0, '', 0, '', '', '', '', '', 0.000, '', 0, '', 0, '', 1),
(477, 'PRO468', 'FRIDIO FRONTAL MN 16', 'SI-491000033VIDR', '', 'ISA', 0.00, 0.00000000, NULL, NULL, NULL, NULL, NULL, NULL, NULL, 0.000, NULL, 0, '', 0, '', '', '', '', '', 0.000, '', 0, '', 0, '', 1),
(478, 'PRO469', 'GANCHOS DE CORTINA EN TEFLON', 'SI-4016GANCHOCOR', '', 'ISA', 0.00, 0.00000000, NULL, NULL, NULL, NULL, NULL, NULL, NULL, 0.000, NULL, 0, '', 0, '', '', '', '', '', 0.000, '', 0, '', 0, '', 1),
(479, 'PRO470', 'INTERRUPTOR BIPOLAR BLANCO MN0', 'SI-30352196INTER', '', 'ISA', 0.00, 0.00000000, NULL, NULL, NULL, NULL, NULL, NULL, NULL, 0.000, NULL, 0, '', 0, '', '', '', '', '', 0.000, '', 0, '', 0, '', 1),
(480, 'PRO471', 'Interruptor Mill', 'SI-2POSICINTERRU', '', 'ISA', 0.00, 0.00000000, NULL, NULL, NULL, NULL, NULL, NULL, NULL, 0.000, NULL, 0, '', 0, '', '', '', '', '', 0.000, '', 0, '', 0, '', 1),
(481, 'PRO472', 'PANEL FRONTAL  R7037', 'SI-44220294CARTE', '', 'ISA', 0.00, 0.00000000, NULL, NULL, NULL, NULL, NULL, NULL, NULL, 0.000, NULL, 0, '', 0, '', '', '', '', '', 0.000, '', 0, '', 0, '', 1),
(482, 'PRO473', 'PANEL LATERAL DX EXTERNO', 'SI-4323568552PAN', '', 'ISA', 0.00, 0.00000000, NULL, NULL, NULL, NULL, NULL, NULL, NULL, 0.000, NULL, 0, '', 0, '', '', '', '', '', 0.000, '', 0, '', 0, '', 1),
(483, 'PRO474', 'PANEL LATERAL EXTERNO', 'SI-4323568542PAN', '', 'ISA', 0.00, 0.00000000, NULL, NULL, NULL, NULL, NULL, NULL, NULL, 0.000, NULL, 0, '', 0, '', '', '', '', '', 0.000, '', 0, '', 0, '', 1),
(484, 'PRO475', 'PERFIL MANILLA MN 16', 'SI-436256903PERF', '', 'ISA', 0.00, 0.00000000, NULL, NULL, NULL, NULL, NULL, NULL, NULL, 0.000, NULL, 0, '', 0, '', '', '', '', '', 0.000, '', 0, '', 0, '', 1),
(485, 'PRO476', 'PERFIL TACHOS GANASCIA MN 12 0', 'SI-4362568991PER', '', 'ISA', 0.00, 0.00000000, NULL, NULL, NULL, NULL, NULL, NULL, NULL, 0.000, NULL, 0, '', 0, '', '', '', '', '', 0.000, '', 0, '', 0, '', 1),
(486, 'PRO477', 'PERFIL TERMINAL', 'SI-442205669TERM', '', 'ISA', 0.00, 0.00000000, NULL, NULL, NULL, NULL, NULL, NULL, NULL, 0.000, NULL, 0, '', 0, '', '', '', '', '', 0.000, '', 0, '', 0, '', 1),
(487, 'PRO478', 'PLAFONIERA COMPLETA MIN 07 16', 'SI-41877085PLAFO', '', 'ISA', 0.00, 0.00000000, NULL, NULL, NULL, NULL, NULL, NULL, NULL, 0.000, NULL, 0, '', 0, '', '', '', '', '', 0.000, '', 0, '', 0, '', 1),
(488, 'PRO479', 'REJILLA', 'SI-422157126REJI', '', 'ISA', 0.00, 0.00000000, NULL, NULL, NULL, NULL, NULL, NULL, NULL, 0.000, NULL, 0, '', 0, '', '', '', '', '', 0.000, '', 0, '', 0, '', 1),
(489, 'PRO480', 'REJILLA ANTERIOR INF MN 12', 'SI-491090818REJI', '', 'ISA', 0.00, 0.00000000, NULL, NULL, NULL, NULL, NULL, NULL, NULL, 0.000, NULL, 0, '', 0, '', '', '', '', '', 0.000, '', 0, '', 0, '', 1),
(490, 'PRO481', 'REJILLA ANTERIOR MILLENIUM', 'SI-491090884REJI', '', 'ISA', 0.00, 0.00000000, NULL, NULL, NULL, NULL, NULL, NULL, NULL, 0.000, NULL, 0, '', 0, '', '', '', '', '', 0.000, '', 0, '', 0, '', 1),
(491, 'PRO482', 'REJILLA CUBREEVAPORADOR MILLEN 12', 'SI-REJILLAEVAP12', '', 'ISA', 0.00, 0.00000000, NULL, NULL, NULL, NULL, NULL, NULL, NULL, 0.000, NULL, 0, '', 0, '', '', '', '', '', 0.000, '', 0, '', 0, '', 1),
(492, 'PRO483', 'REJILLA CUBREEVAPORADOR MILLEN 16', 'SI-REJILLAEVAP16', '', 'ISA', 0.00, 0.00000000, NULL, NULL, NULL, NULL, NULL, NULL, NULL, 0.000, NULL, 0, '', 0, '', '', '', '', '', 0.000, '', 0, '', 0, '', 1),
(493, 'PRO484', 'REJILLA FRONTAL MN 12 07', 'SI-430156775REJI', '', 'ISA', 0.00, 0.00000000, NULL, NULL, NULL, NULL, NULL, NULL, NULL, 0.000, NULL, 0, '', 0, '', '', '', '', '', 0.000, '', 0, '', 0, '', 1);
INSERT INTO `vtiger_products` (`productid`, `product_no`, `productname`, `productcode`, `productcategory`, `manufacturer`, `qty_per_unit`, `unit_price`, `weight`, `pack_size`, `sales_start_date`, `sales_end_date`, `start_date`, `expiry_date`, `cost_factor`, `commissionrate`, `commissionmethod`, `discontinued`, `usageunit`, `reorderlevel`, `website`, `taxclass`, `mfr_part_no`, `vendor_part_no`, `serialno`, `qtyinstock`, `productsheet`, `qtyindemand`, `glacct`, `vendor_id`, `imagename`, `currency_id`) VALUES
(494, 'PRO485', 'REJILLA INFERIOR OLA 150', 'SI-491099299REJI', '', 'ISA', 0.00, 0.00000000, NULL, NULL, NULL, NULL, NULL, NULL, NULL, 0.000, NULL, 0, '', 0, '', '', '', '', '', 0.000, '', 0, '', 0, '', 1),
(495, 'PRO486', 'REJILLA MILLENIUM', 'SI-SI23813REJILL', '', 'ISA', 0.00, 0.00000000, NULL, NULL, NULL, NULL, NULL, NULL, NULL, 0.000, NULL, 0, '', 0, '', '', '', '', '', 0.000, '', 0, '', 0, '', 1),
(496, 'PRO487', 'REJILLA MN 16-18', 'SI-422156816REJV', '', 'ISA', 0.00, 0.00000000, NULL, NULL, NULL, NULL, NULL, NULL, NULL, 0.000, NULL, 0, '', 0, '', '', '', '', '', 0.000, '', 0, '', 0, '', 1),
(497, 'PRO488', 'RESISTENCIA 1300 500W', 'SI-4185054083RES', '', 'ISA', 0.00, 0.00000000, NULL, NULL, NULL, NULL, NULL, NULL, NULL, 0.000, NULL, 0, '', 0, '', '', '', '', '', 0.000, '', 0, '', 0, '', 1),
(498, 'PRO489', 'RESISTENCIA CORAZZATA 1250X30', 'SI-4185053921RES', '', 'ISA', 0.00, 0.00000000, NULL, NULL, NULL, NULL, NULL, NULL, NULL, 0.000, NULL, 0, '', 0, '', '', '', '', '', 0.000, '', 0, '', 0, '', 1),
(499, 'PRO490', 'RETARDADOR RT 123', 'SI-505028RETARDA', '', 'ISA', 0.00, 0.00000000, NULL, NULL, NULL, NULL, NULL, NULL, NULL, 0.000, NULL, 0, '', 0, '', '', '', '', '', 0.000, '', 0, '', 0, '', 1),
(500, 'PRO491', 'REVESTIMIENTO LX SERV MN 12 07', 'SI-4302586829REV', '', 'ISA', 0.00, 0.00000000, NULL, NULL, NULL, NULL, NULL, NULL, NULL, 0.000, NULL, 0, '', 0, '', '', '', '', '', 0.000, '', 0, '', 0, '', 1),
(501, 'PRO492', 'RUEDA 23 NFS - OMEGA 134', 'SI-30560914NFS23', '', 'ISA', 0.00, 0.00000000, NULL, NULL, NULL, NULL, NULL, NULL, NULL, 0.000, NULL, 0, '', 0, '', '', '', '', '', 0.000, '', 0, '', 0, '', 1),
(502, 'PRO493', 'SONDA NTC 3 M', 'SI-4183622221NTC', '', 'ISA', 0.00, 0.00000000, NULL, NULL, NULL, NULL, NULL, NULL, NULL, 0.000, NULL, 0, '', 0, '', '', '', '', '', 0.000, '', 0, '', 0, '', 1),
(503, 'PRO494', 'SONDA PTC ISA', 'SI-4183034631PTC', '', 'ISA', 0.00, 0.00000000, NULL, NULL, NULL, NULL, NULL, NULL, NULL, 0.000, NULL, 0, '', 0, '', '', '', '', '', 0.000, '', 0, '', 0, '', 1),
(504, 'PRO495', 'SOPORTE REJILLA MN 12', 'SI-430156764SOPO', '', 'ISA', 0.00, 0.00000000, NULL, NULL, NULL, NULL, NULL, NULL, NULL, 0.000, NULL, 0, '', 0, '', '', '', '', '', 0.000, '', 0, '', 0, '', 1),
(505, 'PRO496', 'TERMIANL PROF BATTIC VERDE PETR', 'SI-442205668TERM', '', 'ISA', 0.00, 0.00000000, NULL, NULL, NULL, NULL, NULL, NULL, NULL, 0.000, NULL, 0, '', 0, '', '', '', '', '', 0.000, '', 0, '', 0, '', 1),
(506, 'PRO497', 'TERMINAL PERFIL GRIS', 'SI-44220324TERMI', '', 'ISA', 0.00, 0.00000000, NULL, NULL, NULL, NULL, NULL, NULL, NULL, 0.000, NULL, 0, '', 0, '', '', '', '', '', 0.000, '', 0, '', 0, '', 1),
(507, 'PRO498', 'TERMINAL PERFIL VERDE', 'SI-442205667TERM', '', 'ISA', 0.00, 0.00000000, NULL, NULL, NULL, NULL, NULL, NULL, NULL, 0.000, NULL, 0, '', 0, '', '', '', '', '', 0.000, '', 0, '', 0, '', 1),
(508, 'PRO499', 'TERMINAL PROF. BATTIC CAF', 'SI-442205671TERM', '', 'ISA', 0.00, 0.00000000, NULL, NULL, NULL, NULL, NULL, NULL, NULL, 0.000, NULL, 0, '', 0, '', '', '', '', '', 0.000, '', 0, '', 0, '', 1),
(509, 'PRO500', 'TERMINAL PROF. BATTIC CAF', 'SI-44220567TERMI', '', 'ISA', 0.00, 0.00000000, NULL, NULL, NULL, NULL, NULL, NULL, NULL, 0.000, NULL, 0, '', 0, '', '', '', '', '', 0.000, '', 0, '', 0, '', 1),
(510, 'PRO501', 'TERMOMETRO -40 + 40 TR5825', 'SI-505018016TERM', '', 'ISA', 0.00, 0.00000000, NULL, NULL, NULL, NULL, NULL, NULL, NULL, 0.000, NULL, 0, '', 0, '', '', '', '', '', 0.000, '', 0, '', 0, '', 1),
(511, 'PRO502', 'TERMOSTATO 1 NTO 01 HTP', 'SI-505014041TERM', '', 'ISA', 0.00, 0.00000000, NULL, NULL, NULL, NULL, NULL, NULL, NULL, 0.000, NULL, 0, '', 0, '', '', '', '', '', 0.000, '', 0, '', 0, '', 1),
(512, 'PRO503', 'VALVULA ESP TS2 ODS', 'SI-506010013VALV', '', 'ISA', 0.00, 0.00000000, NULL, NULL, NULL, NULL, NULL, NULL, NULL, 0.000, NULL, 0, '', 0, '', '', '', '', '', 0.000, '', 0, '', 0, '', 1),
(513, 'PRO504', 'VENTILADOR 230V', 'SI-418100035VENT', '', 'ISA', 0.00, 0.00000000, NULL, NULL, NULL, NULL, NULL, NULL, NULL, 0.000, NULL, 0, '', 0, '', '', '', '', '', 0.000, '', 0, '', 0, '', 1),
(514, 'PRO505', 'VENTILADOR BET 3C05   CAVO L-3', 'SI-400064297VENT', '', 'ISA', 0.00, 0.00000000, NULL, NULL, NULL, NULL, NULL, NULL, NULL, 0.000, NULL, 0, '', 0, '', '', '', '', '', 0.000, '', 0, '', 0, '', 1),
(515, 'PRO506', 'VENTILADOR N16/30', 'SI-40081472VENTI', '', 'ISA', 0.00, 0.00000000, NULL, NULL, NULL, NULL, NULL, NULL, NULL, 0.000, NULL, 0, '', 0, '', '', '', '', '', 0.000, '', 0, '', 0, '', 1),
(516, 'PRO507', 'VENTILADOR NET3 CAVO L3000 OME', 'SI-400007147VENT', '', 'ISA', 0.00, 0.00000000, NULL, NULL, NULL, NULL, NULL, NULL, NULL, 0.000, NULL, 0, '', 0, '', '', '', '', '', 0.000, '', 0, '', 0, '', 1),
(517, 'PRO508', 'VENTILADOR NET3C10 CAVO L-100', 'SI-400007082VENT', '', 'ISA', 0.00, 0.00000000, NULL, NULL, NULL, NULL, NULL, NULL, NULL, 0.000, NULL, 0, '', 0, '', '', '', '', '', 0.000, '', 0, '', 0, '', 1),
(518, 'PRO509', 'VENTILADOR NMB471 23TB', 'SI-505015073VENT', '', 'ISA', 0.00, 0.00000000, NULL, NULL, NULL, NULL, NULL, NULL, NULL, 0.000, NULL, 0, '', 0, '', '', '', '', '', 0.000, '', 0, '', 0, '', 1),
(519, 'PRO510', 'VENTILADOR NT3C16PVCCAVO L-100', 'SI-400007085VENT', '', 'ISA', 0.00, 0.00000000, NULL, NULL, NULL, NULL, NULL, NULL, NULL, 0.000, NULL, 0, '', 0, '', '', '', '', '', 0.000, '', 0, '', 0, '', 1),
(520, 'PRO511', 'VIDRIO 1149.3 X 523 OM 134S', 'SI-4481180623VID', '', 'ISA', 0.00, 0.00000000, NULL, NULL, NULL, NULL, NULL, NULL, NULL, 0.000, NULL, 0, '', 0, '', '', '', '', '', 0.000, '', 0, '', 0, '', 1),
(521, 'PRO512', 'VIDRIO CURVO 1342X254.5 OM134S', 'SI-4481180641VID', '', 'ISA', 0.00, 0.00000000, NULL, NULL, NULL, NULL, NULL, NULL, NULL, 0.000, NULL, 0, '', 0, '', '', '', '', '', 0.000, '', 0, '', 0, '', 1),
(522, 'PRO513', 'VIDRIO FRONTAL 646X1116 MN12', 'SI-4484241512VID', '', 'ISA', 0.00, 0.00000000, NULL, NULL, NULL, NULL, NULL, NULL, NULL, 0.000, NULL, 0, '', 0, '', '', '', '', '', 0.000, '', 0, '', 0, '', 1),
(523, 'PRO514', 'VIDRIO FRONTAL 646X1476 MN 16', 'SI-4484241522VID', '', 'ISA', 0.00, 0.00000000, NULL, NULL, NULL, NULL, NULL, NULL, NULL, 0.000, NULL, 0, '', 0, '', '', '', '', '', 0.000, '', 0, '', 0, '', 1),
(524, 'PRO515', 'VIDRIO FRONTAL MN 12', 'SI-491000032VIDR', '', 'ISA', 0.00, 0.00000000, NULL, NULL, NULL, NULL, NULL, NULL, NULL, 0.000, NULL, 0, '', 0, '', '', '', '', '', 0.000, '', 0, '', 0, '', 1),
(525, 'PRO516', 'VIDRIO INTERIOR 844X173.5 NS/E', 'SI-448603923VIDI', '', 'ISA', 0.00, 0.00000000, NULL, NULL, NULL, NULL, NULL, NULL, NULL, 0.000, NULL, 0, '', 0, '', '', '', '', '', 0.000, '', 0, '', 0, '', 1),
(526, 'PRO517', 'VIDRIO INTERIOR NS EN 150', 'SI-448605344VIDI', '', 'ISA', 0.00, 0.00000000, NULL, NULL, NULL, NULL, NULL, NULL, NULL, 0.000, NULL, 0, '', 0, '', '', '', '', '', 0.000, '', 0, '', 0, '', 1),
(527, 'PRO518', 'VIDRIO LATERAL DX 890X476 ML', 'SI-44872232VIDRI', '', 'ISA', 0.00, 0.00000000, NULL, NULL, NULL, NULL, NULL, NULL, NULL, 0.000, NULL, 0, '', 0, '', '', '', '', '', 0.000, '', 0, '', 0, '', 1),
(528, 'PRO519', 'VIDRIO LATERAL DX MN 07', 'SI-4481569644000', '', 'ISA', 0.00, 0.00000000, NULL, NULL, NULL, NULL, NULL, NULL, NULL, 0.000, NULL, 0, '', 0, '', '', '', '', '', 0.000, '', 0, '', 0, '', 1),
(529, 'PRO520', 'VIDRIO LATERAL SX 890X476 ML', 'SI-448722321VIDR', '', 'ISA', 0.00, 0.00000000, NULL, NULL, NULL, NULL, NULL, NULL, NULL, 0.000, NULL, 0, '', 0, '', '', '', '', '', 0.000, '', 0, '', 0, '', 1),
(530, 'PRO521', 'VIDRIO LATERAL SX MN 07', 'SI-4481569654VID', '', 'ISA', 0.00, 0.00000000, NULL, NULL, NULL, NULL, NULL, NULL, NULL, 0.000, NULL, 0, '', 0, '', '', '', '', '', 0.000, '', 0, '', 0, '', 1),
(531, 'PRO522', 'VIDRO LATERAL SX 890X476', 'SI-4487222321VID', '', 'ISA', 0.00, 0.00000000, NULL, NULL, NULL, NULL, NULL, NULL, NULL, 0.000, NULL, 0, '', 0, '', '', '', '', '', 0.000, '', 0, '', 0, '', 1),
(532, 'PRO523', 'CARRO EFI 2003', 'SE-2003-CARRO000', '', 'LIEHBERR', 0.00, 0.00000000, NULL, NULL, NULL, NULL, NULL, NULL, NULL, 0.000, NULL, 0, '', 0, '', '', '', '', '', 0.000, '', 0, '', 0, '', 1),
(533, 'PRO524', 'CARRO EFI 2703', 'SE-2703 - CARRO0', '', 'LIEHBERR', 0.00, 0.00000000, NULL, NULL, NULL, NULL, NULL, NULL, NULL, 0.000, NULL, 0, '', 0, '', '', '', '', '', 0.000, '', 0, '', 0, '', 1),
(534, 'PRO525', 'CARRO EFI 3403', 'SE-3403 - CARRO0', '', 'LIEHBERR', 0.00, 0.00000000, NULL, NULL, NULL, NULL, NULL, NULL, NULL, 0.000, NULL, 0, '', 0, '', '', '', '', '', 0.000, '', 0, '', 0, '', 1),
(535, 'PRO526', 'CARRO EFI 4803', 'SE-4803 - CARRO0', '', 'LIEHBERR', 0.00, 0.00000000, NULL, NULL, NULL, NULL, NULL, NULL, NULL, 0.000, NULL, 0, '', 0, '', '', '', '', '', 0.000, '', 0, '', 0, '', 1),
(536, 'PRO527', 'CARRO EFI 5503', 'SE-5503 - CARRO0', '', 'LIEHBERR', 0.00, 0.00000000, NULL, NULL, NULL, NULL, NULL, NULL, NULL, 0.000, NULL, 0, '', 0, '', '', '', '', '', 0.000, '', 0, '', 0, '', 1),
(537, 'PRO528', 'CELOSIA EFI', 'SE-CELOSIAEFI000', '', 'LIEHBERR', 0.00, 0.00000000, NULL, NULL, NULL, NULL, NULL, NULL, NULL, 0.000, NULL, 0, '', 0, '', '', '', '', '', 0.000, '', 0, '', 0, '', 1),
(538, 'PRO529', 'CELOSIA MANTENEDORES EFI', 'SE-LIE7435775000', '', 'LIEHBERR', 0.00, 0.00000000, NULL, NULL, NULL, NULL, NULL, NULL, NULL, 0.000, NULL, 0, '', 0, '', '', '', '', '', 0.000, '', 0, '', 0, '', 1),
(539, 'PRO530', 'Chapa kit Cerradura EFI', 'SE-LIE7043730-00', '', 'LIEHBERR', 0.00, 0.00000000, NULL, NULL, NULL, NULL, NULL, NULL, NULL, 0.000, NULL, 0, '', 0, '', '', '', '', '', 0.000, '', 0, '', 0, '', 1),
(540, 'PRO531', 'JUEGO DE TOPES PUERTAS CONSERV', 'SE-LIE9900710-00', '', 'LIEHBERR', 0.00, 0.00000000, NULL, NULL, NULL, NULL, NULL, NULL, NULL, 0.000, NULL, 0, '', 0, '', '', '', '', '', 0.000, '', 0, '', 0, '', 1),
(541, 'PRO532', 'RELE 3403 - 2703', 'SE-LIE6940779000', '', 'LIEHBERR', 0.00, 0.00000000, NULL, NULL, NULL, NULL, NULL, NULL, NULL, 0.000, NULL, 0, '', 0, '', '', '', '', '', 0.000, '', 0, '', 0, '', 1),
(542, 'PRO533', 'RELE 4803', 'SE-LIE9407740000', '', 'LIEHBERR', 0.00, 0.00000000, NULL, NULL, NULL, NULL, NULL, NULL, NULL, 0.000, NULL, 0, '', 0, '', '', '', '', '', 0.000, '', 0, '', 0, '', 1),
(543, 'PRO534', 'RELE 5503', 'SE-LIE6072740000', '', 'LIEHBERR', 0.00, 0.00000000, NULL, NULL, NULL, NULL, NULL, NULL, NULL, 0.000, NULL, 0, '', 0, '', '', '', '', '', 0.000, '', 0, '', 0, '', 1),
(544, 'PRO535', 'TAPA INFERIOR EFI 2703', 'SE-LIE9746741-00', '', 'LIEHBERR', 0.00, 0.00000000, NULL, NULL, NULL, NULL, NULL, NULL, NULL, 0.000, NULL, 0, '', 0, '', '', '', '', '', 0.000, '', 0, '', 0, '', 1),
(545, 'PRO536', 'TAPA INFERIOR EFI 3403', 'SE-LIE9746725-00', '', 'LIEHBERR', 0.00, 0.00000000, NULL, NULL, NULL, NULL, NULL, NULL, NULL, 0.000, NULL, 0, '', 0, '', '', '', '', '', 0.000, '', 0, '', 0, '', 1),
(546, 'PRO537', 'TAPA INFERIOR EFI 4803', 'SE-LIE9745753-00', '', 'LIEHBERR', 0.00, 0.00000000, NULL, NULL, NULL, NULL, NULL, NULL, NULL, 0.000, NULL, 0, '', 0, '', '', '', '', '', 0.000, '', 0, '', 0, '', 1),
(547, 'PRO538', 'TAPA INFERIOR EFI 5503', 'SE-LIE9745777-00', '', 'LIEHBERR', 0.00, 0.00000000, NULL, NULL, NULL, NULL, NULL, NULL, NULL, 0.000, NULL, 0, '', 0, '', '', '', '', '', 0.000, '', 0, '', 0, '', 1),
(548, 'PRO539', 'TAPA SUPERIOR EFE3403', 'SE-LIE9746717-00', '', 'LIEHBERR', 0.00, 0.00000000, NULL, NULL, NULL, NULL, NULL, NULL, NULL, 0.000, NULL, 0, '', 0, '', '', '', '', '', 0.000, '', 0, '', 0, '', 1),
(549, 'PRO540', 'TAPA SUPERIOR EFI 2703', 'SE-LIE9746733-00', '', 'LIEHBERR', 0.00, 0.00000000, NULL, NULL, NULL, NULL, NULL, NULL, NULL, 0.000, NULL, 0, '', 0, '', '', '', '', '', 0.000, '', 0, '', 0, '', 1),
(550, 'PRO541', 'TAPA SUPERIOR EFI 4803', 'SE-LIE9745752-00', '', 'LIEHBERR', 0.00, 0.00000000, NULL, NULL, NULL, NULL, NULL, NULL, NULL, 0.000, NULL, 0, '', 0, '', '', '', '', '', 0.000, '', 0, '', 0, '', 1),
(551, 'PRO542', 'TAPA SUPERIOR EFI 5503', 'SE-LIE9745773-00', '', 'LIEHBERR', 0.00, 0.00000000, NULL, NULL, NULL, NULL, NULL, NULL, NULL, 0.000, NULL, 0, '', 0, '', '', '', '', '', 0.000, '', 0, '', 0, '', 1),
(552, 'PRO543', 'TAPON DESAGUE EFI', 'SE-LIE7432751000', '', 'LIEHBERR', 0.00, 0.00000000, NULL, NULL, NULL, NULL, NULL, NULL, NULL, 0.000, NULL, 0, '', 0, '', '', '', '', '', 0.000, '', 0, '', 0, '', 1),
(553, 'PRO544', 'TERMOSTATO AO10828', 'SE-LIE6151733-01', '', 'LIEHBERR', 0.00, 0.00000000, NULL, NULL, NULL, NULL, NULL, NULL, NULL, 0.000, NULL, 0, '', 0, '', '', '', '', '', 0.000, '', 0, '', 0, '', 1),
(554, 'PRO545', 'VENTILADOR COMPLETO EBM IQ3608', 'SE-LIE9871736-01', '', 'LIEHBERR', 0.00, 0.00000000, NULL, NULL, NULL, NULL, NULL, NULL, NULL, 0.000, NULL, 0, '', 0, '', '', '', '', '', 0.000, '', 0, '', 0, '', 1),
(555, 'PRO546', 'VENTILADOR COMPLETO FD-F611A', 'SE-LIE9870704-02', '', 'LIEHBERR', 0.00, 0.00000000, NULL, NULL, NULL, NULL, NULL, NULL, NULL, 0.000, NULL, 0, '', 0, '', '', '', '', '', 0.000, '', 0, '', 0, '', 1),
(556, 'PRO547', 'abrazaderas', 'SM-1015258000000', '', 'MIMET', 0.00, 0.00000000, NULL, NULL, NULL, NULL, NULL, NULL, NULL, 0.000, NULL, 0, '', 0, '', '', '', '', '', 0.000, '', 0, '', 0, '', 1),
(557, 'PRO548', 'ASPA VENTILADOR 230-28" (HELIC', 'SM-1001153000000', '', 'MIMET', 0.00, 0.00000000, NULL, NULL, NULL, NULL, NULL, NULL, NULL, 0.000, NULL, 0, '', 0, '', '', '', '', '', 0.000, '', 0, '', 0, '', 1),
(558, 'PRO549', 'BALLAST WH-230 L', 'SM-1018993000000', '', 'MIMET', 0.00, 0.00000000, NULL, NULL, NULL, NULL, NULL, NULL, NULL, 0.000, NULL, 0, '', 0, '', '', '', '', '', 0.000, '', 0, '', 0, '', 1),
(559, 'PRO550', 'BARRA TORSION PUERTA', 'SM-1015927000000', '', 'MIMET', 0.00, 0.00000000, NULL, NULL, NULL, NULL, NULL, NULL, NULL, 0.000, NULL, 0, '', 0, '', '', '', '', '', 0.000, '', 0, '', 0, '', 1),
(560, 'PRO551', 'BASE TUBO FLUORESCENTE', 'SM-1001459000000', '', 'MIMET', 0.00, 0.00000000, NULL, NULL, NULL, NULL, NULL, NULL, NULL, 0.000, NULL, 0, '', 0, '', '', '', '', '', 0.000, '', 0, '', 0, '', 1),
(561, 'PRO552', 'Bisagra Conj Display', 'SM-1014365000000', '', 'MIMET', 0.00, 0.00000000, NULL, NULL, NULL, NULL, NULL, NULL, NULL, 0.000, NULL, 0, '', 0, '', '', '', '', '', 0.000, '', 0, '', 0, '', 1),
(562, 'PRO553', 'CALEFACTOR 350W 220V', 'SM-1054900000000', '', 'MIMET', 0.00, 0.00000000, NULL, NULL, NULL, NULL, NULL, NULL, NULL, 0.000, NULL, 0, '', 0, '', '', '', '', '', 0.000, '', 0, '', 0, '', 1),
(563, 'PRO554', 'CALEFACTOR DESAGUE VV16BTF', 'SM-1016778000000', '', 'MIMET', 0.00, 0.00000000, NULL, NULL, NULL, NULL, NULL, NULL, NULL, 0.000, NULL, 0, '', 0, '', '', '', '', '', 0.000, '', 0, '', 0, '', 1),
(564, 'PRO555', 'CANASTILLOS INCL CV200 Y CV 35', 'SM-CVCANASTILLOS', '', 'MIMET', 0.00, 0.00000000, NULL, NULL, NULL, NULL, NULL, NULL, NULL, 0.000, NULL, 0, '', 0, '', '', '', '', '', 0.000, '', 0, '', 0, '', 1),
(565, 'PRO556', 'CAPACITOR 220 50-60 38-46F', 'SM-1021440000000', '', 'MIMET', 0.00, 0.00000000, NULL, NULL, NULL, NULL, NULL, NULL, NULL, 0.000, NULL, 0, '', 0, '', '', '', '', '', 0.000, '', 0, '', 0, '', 1),
(566, 'PRO557', 'Capacitor 88-108 mF CV350', 'SM-1030431000000', '', 'MIMET', 0.00, 0.00000000, NULL, NULL, NULL, NULL, NULL, NULL, NULL, 0.000, NULL, 0, '', 0, '', '', '', '', '', 0.000, '', 0, '', 0, '', 1),
(567, 'PRO558', 'CARRO CASCADA 300CC', 'SM-300CC-CARRO00', '', 'MIMET', 0.00, 0.00000000, NULL, NULL, NULL, NULL, NULL, NULL, NULL, 0.000, NULL, 0, '', 0, '', '', '', '', '', 0.000, '', 0, '', 0, '', 1),
(568, 'PRO559', 'CARRO CV 100', 'SM-100CV-CARRO00', '', 'MIMET', 0.00, 0.00000000, NULL, NULL, NULL, NULL, NULL, NULL, NULL, 0.000, NULL, 0, '', 0, '', '', '', '', '', 0.000, '', 0, '', 0, '', 1),
(569, 'PRO560', 'CARRO CV 200', 'SM-200CV-CARRO00', '', 'MIMET', 0.00, 0.00000000, NULL, NULL, NULL, NULL, NULL, NULL, NULL, 0.000, NULL, 0, '', 0, '', '', '', '', '', 0.000, '', 0, '', 0, '', 1),
(570, 'PRO561', 'CARRO CV 350', 'SM-350CV-CARRO00', '', 'MIMET', 0.00, 0.00000000, NULL, NULL, NULL, NULL, NULL, NULL, NULL, 0.000, NULL, 0, '', 0, '', '', '', '', '', 0.000, '', 0, '', 0, '', 1),
(571, 'PRO562', 'CARRO CV 580', 'SM-580CV-CARRO00', '', 'MIMET', 0.00, 0.00000000, NULL, NULL, NULL, NULL, NULL, NULL, NULL, 0.000, NULL, 0, '', 0, '', '', '', '', '', 0.000, '', 0, '', 0, '', 1),
(572, 'PRO563', 'Celocia Chica', 'SM-1033476000000', '', 'MIMET', 0.00, 0.00000000, NULL, NULL, NULL, NULL, NULL, NULL, NULL, 0.000, NULL, 0, '', 0, '', '', '', '', '', 0.000, '', 0, '', 0, '', 1),
(573, 'PRO564', 'Celocia Grande', 'SM-1033475000000', '', 'MIMET', 0.00, 0.00000000, NULL, NULL, NULL, NULL, NULL, NULL, NULL, 0.000, NULL, 0, '', 0, '', '', '', '', '', 0.000, '', 0, '', 0, '', 1),
(574, 'PRO565', 'CELOS{IA VV-8 / 12 S/PLA', 'SM-1013672000000', '', 'MIMET', 0.00, 0.00000000, NULL, NULL, NULL, NULL, NULL, NULL, NULL, 0.000, NULL, 0, '', 0, '', '', '', '', '', 0.000, '', 0, '', 0, '', 1),
(575, 'PRO566', 'CELOSIA FRONTAL VV 16', 'SM-CELOSIAFRONTA', '', 'MIMET', 0.00, 0.00000000, NULL, NULL, NULL, NULL, NULL, NULL, NULL, 0.000, NULL, 0, '', 0, '', '', '', '', '', 0.000, '', 0, '', 0, '', 1),
(576, 'PRO567', 'CELOSIA LATERAL', 'SM-CELOSIALATERA', '', 'MIMET', 0.00, 0.00000000, NULL, NULL, NULL, NULL, NULL, NULL, NULL, 0.000, NULL, 0, '', 0, '', '', '', '', '', 0.000, '', 0, '', 0, '', 1),
(577, 'PRO568', 'CELOSIA TRASERA', 'SM-CELOSIATRASER', '', 'MIMET', 0.00, 0.00000000, NULL, NULL, NULL, NULL, NULL, NULL, NULL, 0.000, NULL, 0, '', 0, '', '', '', '', '', 0.000, '', 0, '', 0, '', 1),
(578, 'PRO569', 'CELOSIA VV16BTF NEGRO', 'SM-1054121000000', '', 'MIMET', 0.00, 0.00000000, NULL, NULL, NULL, NULL, NULL, NULL, NULL, 0.000, NULL, 0, '', 0, '', '', '', '', '', 0.000, '', 0, '', 0, '', 1),
(579, 'PRO570', 'CELOSIA VV16NF', 'SM-1033959000000', '', 'MIMET', 0.00, 0.00000000, NULL, NULL, NULL, NULL, NULL, NULL, NULL, 0.000, NULL, 0, '', 0, '', '', '', '', '', 0.000, '', 0, '', 0, '', 1),
(580, 'PRO571', 'Chapa Inferior Cascada', 'SM-1026408000000', '', 'MIMET', 0.00, 0.00000000, NULL, NULL, NULL, NULL, NULL, NULL, NULL, 0.000, NULL, 0, '', 0, '', '', '', '', '', 0.000, '', 0, '', 0, '', 1),
(581, 'PRO572', 'Chapa kit Cerradura', 'SM-1036431000000', '', 'MIMET', 0.00, 0.00000000, NULL, NULL, NULL, NULL, NULL, NULL, NULL, 0.000, NULL, 0, '', 0, '', '', '', '', '', 0.000, '', 0, '', 0, '', 1),
(582, 'PRO573', 'Chapa VV-16', 'SM-1025123000000', '', 'MIMET', 0.00, 0.00000000, NULL, NULL, NULL, NULL, NULL, NULL, NULL, 0.000, NULL, 0, '', 0, '', '', '', '', '', 0.000, '', 0, '', 0, '', 1),
(583, 'PRO574', 'CINTA AEROTAPE 9.1 MTSX50MM', 'SM-1043302000000', '', 'MIMET', 0.00, 0.00000000, NULL, NULL, NULL, NULL, NULL, NULL, NULL, 0.000, NULL, 0, '', 0, '', '', '', '', '', 0.000, '', 0, '', 0, '', 1),
(584, 'PRO575', 'CJTO BISAGRA IZQUIERDA', 'SM-1014366000000', '', 'MIMET', 0.00, 0.00000000, NULL, NULL, NULL, NULL, NULL, NULL, NULL, 0.000, NULL, 0, '', 0, '', '', '', '', '', 0.000, '', 0, '', 0, '', 1),
(585, 'PRO576', 'CJTO. MARCO LETRERO VV16BTF N', 'SM-1034263000000', '', 'MIMET', 0.00, 0.00000000, NULL, NULL, NULL, NULL, NULL, NULL, NULL, 0.000, NULL, 0, '', 0, '', '', '', '', '', 0.000, '', 0, '', 0, '', 1),
(586, 'PRO577', 'CJTO. MARCO LETRERO VV16BTF NE', 'SM-1054171000000', '', 'MIMET', 0.00, 0.00000000, NULL, NULL, NULL, NULL, NULL, NULL, NULL, 0.000, NULL, 0, '', 0, '', '', '', '', '', 0.000, '', 0, '', 0, '', 1),
(587, 'PRO578', 'CJTO. MARCO LETRERO VV19NF', 'SM-1033960000000', '', 'MIMET', 0.00, 0.00000000, NULL, NULL, NULL, NULL, NULL, NULL, NULL, 0.000, NULL, 0, '', 0, '', '', '', '', '', 0.000, '', 0, '', 0, '', 1),
(588, 'PRO579', 'COMPRESOR ASPERA NJ 9238 GK', 'SM-1027126000000', '', 'MIMET', 0.00, 0.00000000, NULL, NULL, NULL, NULL, NULL, NULL, NULL, 0.000, NULL, 0, '', 0, '', '', '', '', '', 0.000, '', 0, '', 0, '', 1),
(589, 'PRO580', 'COMPRESOR ASPERA T2180 GK 404', 'SM-1036267000000', '', 'MIMET', 0.00, 0.00000000, NULL, NULL, NULL, NULL, NULL, NULL, NULL, 0.000, NULL, 0, '', 0, '', '', '', '', '', 0.000, '', 0, '', 0, '', 1),
(590, 'PRO581', 'COMPRESOR CAP 220/50-60 EI60 H', 'SM-1012678000000', '', 'MIMET', 0.00, 0.00000000, NULL, NULL, NULL, NULL, NULL, NULL, NULL, 0.000, NULL, 0, '', 0, '', '', '', '', '', 0.000, '', 0, '', 0, '', 1),
(591, 'PRO582', 'COMPRESOR CAP FG85HK EMB 220V', 'SM-1001873000000', '', 'MIMET', 0.00, 0.00000000, NULL, NULL, NULL, NULL, NULL, NULL, NULL, 0.000, NULL, 0, '', 0, '', '', '', '', '', 0.000, '', 0, '', 0, '', 1),
(592, 'PRO583', 'Compresor CS-18G CV580', 'SM-1001891000000', '', 'MIMET', 0.00, 0.00000000, NULL, NULL, NULL, NULL, NULL, NULL, NULL, 0.000, NULL, 0, '', 0, '', '', '', '', '', 0.000, '', 0, '', 0, '', 1),
(593, 'PRO584', 'COMPRESOR DANFOSS SC21G', 'SM-1013009000000', '', 'MIMET', 0.00, 0.00000000, NULL, NULL, NULL, NULL, NULL, NULL, NULL, 0.000, NULL, 0, '', 0, '', '', '', '', '', 0.000, '', 0, '', 0, '', 1),
(594, 'PRO585', 'COMPRESOR FFI 10 HAK 220V', 'SM-1072166000000', '', 'MIMET', 0.00, 0.00000000, NULL, NULL, NULL, NULL, NULL, NULL, NULL, 0.000, NULL, 0, '', 0, '', '', '', '', '', 0.000, '', 0, '', 0, '', 1),
(595, 'PRO586', 'Compresor FFU-130 CV350', 'SM-1044332000000', '', 'MIMET', 0.00, 0.00000000, NULL, NULL, NULL, NULL, NULL, NULL, NULL, 0.000, NULL, 0, '', 0, '', '', '', '', '', 0.000, '', 0, '', 0, '', 1),
(596, 'PRO587', 'Compresor FG-75 CV200', 'SM-1001950000000', '', 'MIMET', 0.00, 0.00000000, NULL, NULL, NULL, NULL, NULL, NULL, NULL, 0.000, NULL, 0, '', 0, '', '', '', '', '', 0.000, '', 0, '', 0, '', 1),
(597, 'PRO588', 'COMPRESOR NE 2134GK', 'SM-1023889000000', '', 'MIMET', 0.00, 0.00000000, NULL, NULL, NULL, NULL, NULL, NULL, NULL, 0.000, NULL, 0, '', 0, '', '', '', '', '', 0.000, '', 0, '', 0, '', 1),
(598, 'PRO589', 'COMPRESOR NT6222 GK', 'SM-1075146000000', '', 'MIMET', 0.00, 0.00000000, NULL, NULL, NULL, NULL, NULL, NULL, NULL, 0.000, NULL, 0, '', 0, '', '', '', '', '', 0.000, '', 0, '', 0, '', 1),
(599, 'PRO590', 'COMPRESOR SC18CL DANFOSS', 'SM-1014742000000', '', 'MIMET', 0.00, 0.00000000, NULL, NULL, NULL, NULL, NULL, NULL, NULL, 0.000, NULL, 0, '', 0, '', '', '', '', '', 0.000, '', 0, '', 0, '', 1),
(600, 'PRO591', 'COMPRESOR SC-21CL R404 DANFOSS', 'SM-1026318000000', '', 'MIMET', 0.00, 0.00000000, NULL, NULL, NULL, NULL, NULL, NULL, NULL, 0.000, NULL, 0, '', 0, '', '', '', '', '', 0.000, '', 0, '', 0, '', 1),
(601, 'PRO592', 'CONTROL DIGITAL CAREL MODL PJE', 'SM-1032419000000', '', 'MIMET', 0.00, 0.00000000, NULL, NULL, NULL, NULL, NULL, NULL, NULL, 0.000, NULL, 0, '', 0, '', '', '', '', '', 0.000, '', 0, '', 0, '', 1),
(602, 'PRO593', 'CONTROLADOR PZD3COPO 2 SONDAS', 'SM-1045309000000', '', 'MIMET', 0.00, 0.00000000, NULL, NULL, NULL, NULL, NULL, NULL, NULL, 0.000, NULL, 0, '', 0, '', '', '', '', '', 0.000, '', 0, '', 0, '', 1),
(603, 'PRO594', 'CUBRE TUBO CC 300', 'SM-CUBRETUBO3000', '', 'MIMET', 0.00, 0.00000000, NULL, NULL, NULL, NULL, NULL, NULL, NULL, 0.000, NULL, 0, '', 0, '', '', '', '', '', 0.000, '', 0, '', 0, '', 1),
(604, 'PRO595', 'CUERPO DESAGUE IPA BLANC', 'SM-1069307000000', '', 'MIMET', 0.00, 0.00000000, NULL, NULL, NULL, NULL, NULL, NULL, NULL, 0.000, NULL, 0, '', 0, '', '', '', '', '', 0.000, '', 0, '', 0, '', 1),
(605, 'PRO596', 'CUERPO VALVULA COMPENS VV15BT', 'SM-1014654000000', '', 'MIMET', 0.00, 0.00000000, NULL, NULL, NULL, NULL, NULL, NULL, NULL, 0.000, NULL, 0, '', 0, '', '', '', '', '', 0.000, '', 0, '', 0, '', 1),
(606, 'PRO597', 'ESCUADRA CORTAFRIO INF IZQUIER', 'SM-1012704000000', '', 'MIMET', 0.00, 0.00000000, NULL, NULL, NULL, NULL, NULL, NULL, NULL, 0.000, NULL, 0, '', 0, '', '', '', '', '', 0.000, '', 0, '', 0, '', 1),
(607, 'PRO598', 'Esquinero', 'SM-1012708000000', '', 'MIMET', 0.00, 0.00000000, NULL, NULL, NULL, NULL, NULL, NULL, NULL, 0.000, NULL, 0, '', 0, '', '', '', '', '', 0.000, '', 0, '', 0, '', 1),
(608, 'PRO599', 'FILTRO SEC DML 052 1/4 SOLDAR', 'SM-1017135000000', '', 'MIMET', 0.00, 0.00000000, NULL, NULL, NULL, NULL, NULL, NULL, NULL, 0.000, NULL, 0, '', 0, '', '', '', '', '', 0.000, '', 0, '', 0, '', 1),
(609, 'PRO600', 'FILTRO SEC RF 25/3 R-134', 'SM-1001754000000', '', 'MIMET', 0.00, 0.00000000, NULL, NULL, NULL, NULL, NULL, NULL, NULL, 0.000, NULL, 0, '', 0, '', '', '', '', '', 0.000, '', 0, '', 0, '', 1),
(610, 'PRO601', 'FILTRO SECADOR DCL 083 3/8" SO', 'SM-1036680000000', '', 'MIMET', 0.00, 0.00000000, NULL, NULL, NULL, NULL, NULL, NULL, NULL, 0.000, NULL, 0, '', 0, '', '', '', '', '', 0.000, '', 0, '', 0, '', 1),
(611, 'PRO602', 'Filtro Secador GR-25', 'SM-1016002000000', '', 'MIMET', 0.00, 0.00000000, NULL, NULL, NULL, NULL, NULL, NULL, NULL, 0.000, NULL, 0, '', 0, '', '', '', '', '', 0.000, '', 0, '', 0, '', 1),
(612, 'PRO603', 'FUNDENTE PLATA ARGENTA 50 GRS.', 'SM-1036724000000', '', 'MIMET', 0.00, 0.00000000, NULL, NULL, NULL, NULL, NULL, NULL, NULL, 0.000, NULL, 0, '', 0, '', '', '', '', '', 0.000, '', 0, '', 0, '', 1),
(613, 'PRO604', 'GUIA DESAGUE IPA BLANC', 'SM-1069308000000', '', 'MIMET', 0.00, 0.00000000, NULL, NULL, NULL, NULL, NULL, NULL, NULL, 0.000, NULL, 0, '', 0, '', '', '', '', '', 0.000, '', 0, '', 0, '', 1),
(614, 'PRO605', 'HELICE 20 -28', 'SM-1001151000000', '', 'MIMET', 0.00, 0.00000000, NULL, NULL, NULL, NULL, NULL, NULL, NULL, 0.000, NULL, 0, '', 0, '', '', '', '', '', 0.000, '', 0, '', 0, '', 1),
(615, 'PRO606', 'HELICE 230-31 PLASTICA ELCO', 'SM-1032309000000', '', 'MIMET', 0.00, 0.00000000, NULL, NULL, NULL, NULL, NULL, NULL, NULL, 0.000, NULL, 0, '', 0, '', '', '', '', '', 0.000, '', 0, '', 0, '', 1),
(616, 'PRO607', 'HELICE A-172 ELCO', 'SM-1001144000000', '', 'MIMET', 0.00, 0.00000000, NULL, NULL, NULL, NULL, NULL, NULL, NULL, 0.000, NULL, 0, '', 0, '', '', '', '', '', 0.000, '', 0, '', 0, '', 1),
(617, 'PRO608', 'INTERRUPTOR DE PUERTA VV16BTF', 'SM-1001454000000', '', 'MIMET', 0.00, 0.00000000, NULL, NULL, NULL, NULL, NULL, NULL, NULL, 0.000, NULL, 0, '', 0, '', '', '', '', '', 0.000, '', 0, '', 0, '', 1),
(618, 'PRO609', 'Interruptor display Arcolet', 'SM-1024285000000', '', 'MIMET', 0.00, 0.00000000, NULL, NULL, NULL, NULL, NULL, NULL, NULL, 0.000, NULL, 0, '', 0, '', '', '', '', '', 0.000, '', 0, '', 0, '', 1),
(619, 'PRO610', 'Interruptor H8 Display', 'SM-1015006000000', '', 'MIMET', 0.00, 0.00000000, NULL, NULL, NULL, NULL, NULL, NULL, NULL, 0.000, NULL, 0, '', 0, '', '', '', '', '', 0.000, '', 0, '', 0, '', 1),
(620, 'PRO611', 'INTERRUPTOR MAGNETICO 2020-196', 'SM-1027047000000', '', 'MIMET', 0.00, 0.00000000, NULL, NULL, NULL, NULL, NULL, NULL, NULL, 0.000, NULL, 0, '', 0, '', '', '', '', '', 0.000, '', 0, '', 0, '', 1),
(621, 'PRO612', 'INTERRUPTOR TIMBRE', 'SM-1009860000000', '', 'MIMET', 0.00, 0.00000000, NULL, NULL, NULL, NULL, NULL, NULL, NULL, 0.000, NULL, 0, '', 0, '', '', '', '', '', 0.000, '', 0, '', 0, '', 1),
(622, 'PRO613', 'INTERRUPTOR VV16 BTF', 'SM-1016659000000', '', 'MIMET', 0.00, 0.00000000, NULL, NULL, NULL, NULL, NULL, NULL, NULL, 0.000, NULL, 0, '', 0, '', '', '', '', '', 0.000, '', 0, '', 0, '', 1),
(623, 'PRO614', 'KIT LLAVE METALICA NVO MODELO', 'SM-1031432000000', '', 'MIMET', 0.00, 0.00000000, NULL, NULL, NULL, NULL, NULL, NULL, NULL, 0.000, NULL, 0, '', 0, '', '', '', '', '', 0.000, '', 0, '', 0, '', 1),
(624, 'PRO615', 'LATERAL DISPLAY DERECHO', 'SM-1036171000000', '', 'MIMET', 0.00, 0.00000000, NULL, NULL, NULL, NULL, NULL, NULL, NULL, 0.000, NULL, 0, '', 0, '', '', '', '', '', 0.000, '', 0, '', 0, '', 1),
(625, 'PRO616', 'LATERAL DISPLAY IZQUIERDO', 'SM-1036227000000', '', 'MIMET', 0.00, 0.00000000, NULL, NULL, NULL, NULL, NULL, NULL, NULL, 0.000, NULL, 0, '', 0, '', '', '', '', '', 0.000, '', 0, '', 0, '', 1),
(626, 'PRO617', 'LLAVE KIT CERRADURA 404 AMSTRO', 'SM-1021833000000', '', 'MIMET', 0.00, 0.00000000, NULL, NULL, NULL, NULL, NULL, NULL, NULL, 0.000, NULL, 0, '', 0, '', '', '', '', '', 0.000, '', 0, '', 0, '', 1),
(627, 'PRO618', 'LLAVE METALIC CERRADURA CC300', 'SM-1025961000000', '', 'MIMET', 0.00, 0.00000000, NULL, NULL, NULL, NULL, NULL, NULL, NULL, 0.000, NULL, 0, '', 0, '', '', '', '', '', 0.000, '', 0, '', 0, '', 1),
(628, 'PRO619', 'MANILLA CURVA VV', 'SM-1022476000000', '', 'MIMET', 0.00, 0.00000000, NULL, NULL, NULL, NULL, NULL, NULL, NULL, 0.000, NULL, 0, '', 0, '', '', '', '', '', 0.000, '', 0, '', 0, '', 1),
(629, 'PRO620', 'MARCO BURLETE VV12 1250X555', 'SM-1016478000000', '', 'MIMET', 0.00, 0.00000000, NULL, NULL, NULL, NULL, NULL, NULL, NULL, 0.000, NULL, 0, '', 0, '', '', '', '', '', 0.000, '', 0, '', 0, '', 1),
(630, 'PRO621', 'MARCO BURLETE VV19', 'SM-1007682000000', '', 'MIMET', 0.00, 0.00000000, NULL, NULL, NULL, NULL, NULL, NULL, NULL, 0.000, NULL, 0, '', 0, '', '', '', '', '', 0.000, '', 0, '', 0, '', 1),
(631, 'PRO622', 'ORIFICIO DANFOSS 02', 'SM-1001564000000', '', 'MIMET', 0.00, 0.00000000, NULL, NULL, NULL, NULL, NULL, NULL, NULL, 0.000, NULL, 0, '', 0, '', '', '', '', '', 0.000, '', 0, '', 0, '', 1),
(632, 'PRO623', 'PANTALLA CC300', 'SM-1026638000000', '', 'MIMET', 0.00, 0.00000000, NULL, NULL, NULL, NULL, NULL, NULL, NULL, 0.000, NULL, 0, '', 0, '', '', '', '', '', 0.000, '', 0, '', 0, '', 1),
(633, 'PRO624', 'PANTALLA FLUOR STAD', 'SM-1036692000000', '', 'MIMET', 0.00, 0.00000000, NULL, NULL, NULL, NULL, NULL, NULL, NULL, 0.000, NULL, 0, '', 0, '', '', '', '', '', 0.000, '', 0, '', 0, '', 1),
(634, 'PRO625', 'PARRILLA (REJILLA) VV 16', 'SM-100PARRILLA00', '', 'MIMET', 0.00, 0.00000000, NULL, NULL, NULL, NULL, NULL, NULL, NULL, 0.000, NULL, 0, '', 0, '', '', '', '', '', 0.000, '', 0, '', 0, '', 1),
(635, 'PRO626', 'PARRILLA LATERAL CASCADA', 'SM-PARRILLALATER', '', 'MIMET', 0.00, 0.00000000, NULL, NULL, NULL, NULL, NULL, NULL, NULL, 0.000, NULL, 0, '', 0, '', '', '', '', '', 0.000, '', 0, '', 0, '', 1),
(636, 'PRO627', 'PARTIDOR UNIVERSAL S10 PHILIPS', 'SM-1001997000000', '', 'MIMET', 0.00, 0.00000000, NULL, NULL, NULL, NULL, NULL, NULL, NULL, 0.000, NULL, 0, '', 0, '', '', '', '', '', 0.000, '', 0, '', 0, '', 1),
(637, 'PRO628', 'PATIN REGULABLE 1/2"', 'SM-1019456000000', '', 'MIMET', 0.00, 0.00000000, NULL, NULL, NULL, NULL, NULL, NULL, NULL, 0.000, NULL, 0, '', 0, '', '', '', '', '', 0.000, '', 0, '', 0, '', 1),
(638, 'PRO629', 'PATIN REGULABLE VV16', 'SM-1002004000000', '', 'MIMET', 0.00, 0.00000000, NULL, NULL, NULL, NULL, NULL, NULL, NULL, 0.000, NULL, 0, '', 0, '', '', '', '', '', 0.000, '', 0, '', 0, '', 1),
(639, 'PRO630', 'PETG LECH X225X667 MM VV19', 'SM-1014827000000', '', 'MIMET', 0.00, 0.00000000, NULL, NULL, NULL, NULL, NULL, NULL, NULL, 0.000, NULL, 0, '', 0, '', '', '', '', '', 0.000, '', 0, '', 0, '', 1),
(640, 'PRO631', 'PORTA CHAPA SUPERIOR', 'SM-1026407000000', '', 'MIMET', 0.00, 0.00000000, NULL, NULL, NULL, NULL, NULL, NULL, NULL, 0.000, NULL, 0, '', 0, '', '', '', '', '', 0.000, '', 0, '', 0, '', 1),
(641, 'PRO632', 'PORTACERRADURA INFERIOR IPA GR', 'SM-1068390000000', '', 'MIMET', 0.00, 0.00000000, NULL, NULL, NULL, NULL, NULL, NULL, NULL, 0.000, NULL, 0, '', 0, '', '', '', '', '', 0.000, '', 0, '', 0, '', 1),
(642, 'PRO633', 'PORTACERRADURA SUPERIOR IPA GR', 'SM-1068391000000', '', 'MIMET', 0.00, 0.00000000, NULL, NULL, NULL, NULL, NULL, NULL, NULL, 0.000, NULL, 0, '', 0, '', '', '', '', '', 0.000, '', 0, '', 0, '', 1),
(643, 'PRO634', 'QUICIO INFERIOR VV16BTFN', 'SM-1022366000000', '', 'MIMET', 0.00, 0.00000000, NULL, NULL, NULL, NULL, NULL, NULL, NULL, 0.000, NULL, 0, '', 0, '', '', '', '', '', 0.000, '', 0, '', 0, '', 1),
(644, 'PRO635', 'QUICIO SUPERIOR DERECHO VV16BT', 'SM-1022365000000', '', 'MIMET', 0.00, 0.00000000, NULL, NULL, NULL, NULL, NULL, NULL, NULL, 0.000, NULL, 0, '', 0, '', '', '', '', '', 0.000, '', 0, '', 0, '', 1),
(645, 'PRO636', 'REFRIGERANTE R-134A', 'SM-1001040000000', '', 'MIMET', 0.00, 0.00000000, NULL, NULL, NULL, NULL, NULL, NULL, NULL, 0.000, NULL, 0, '', 0, '', '', '', '', '', 0.000, '', 0, '', 0, '', 1),
(646, 'PRO637', 'REFRIGERANTE R-22 MIMET', 'SM-1072207000000', '', 'MIMET', 0.00, 0.00000000, NULL, NULL, NULL, NULL, NULL, NULL, NULL, 0.000, NULL, 0, '', 0, '', '', '', '', '', 0.000, '', 0, '', 0, '', 1),
(647, 'PRO638', 'REFRIGERANTE R-507 (11.3)', 'SM-1036783000000', '', 'MIMET', 0.00, 0.00000000, NULL, NULL, NULL, NULL, NULL, NULL, NULL, 0.000, NULL, 0, '', 0, '', '', '', '', '', 0.000, '', 0, '', 0, '', 1),
(648, 'PRO639', 'REJILLA BLANCA CONS CC-300', 'SM-REJILLACC3000', '', 'MIMET', 0.00, 0.00000000, NULL, NULL, NULL, NULL, NULL, NULL, NULL, 0.000, NULL, 0, '', 0, '', '', '', '', '', 0.000, '', 0, '', 0, '', 1),
(649, 'PRO640', 'RELE OMROM G7L-1A-TUBJ CB', 'SM-1021092000000', '', 'MIMET', 0.00, 0.00000000, NULL, NULL, NULL, NULL, NULL, NULL, NULL, 0.000, NULL, 0, '', 0, '', '', '', '', '', 0.000, '', 0, '', 0, '', 1),
(650, 'PRO641', 'RODILLO VV-15BT', 'SM-1014921000000', '', 'MIMET', 0.00, 0.00000000, NULL, NULL, NULL, NULL, NULL, NULL, NULL, 0.000, NULL, 0, '', 0, '', '', '', '', '', 0.000, '', 0, '', 0, '', 1),
(651, 'PRO642', 'Rueda THN-50', 'SM-1002270000000', '', 'MIMET', 0.00, 0.00000000, NULL, NULL, NULL, NULL, NULL, NULL, NULL, 0.000, NULL, 0, '', 0, '', '', '', '', '', 0.000, '', 0, '', 0, '', 1),
(652, 'PRO643', 'Sonda NTC carell', 'SM-1029927000000', '', 'MIMET', 0.00, 0.00000000, NULL, NULL, NULL, NULL, NULL, NULL, NULL, 0.000, NULL, 0, '', 0, '', '', '', '', '', 0.000, '', 0, '', 0, '', 1),
(653, 'PRO644', 'SOPORTE PARRILLA S/S MIMET', 'SM-1019059000000', '', 'MIMET', 0.00, 0.00000000, NULL, NULL, NULL, NULL, NULL, NULL, NULL, 0.000, NULL, 0, '', 0, '', '', '', '', '', 0.000, '', 0, '', 0, '', 1),
(654, 'PRO645', 'TAPA DE VIDRIO INFERIOR  CC300', 'SM-1068-CC300INF', '', 'MIMET', 0.00, 0.00000000, NULL, NULL, NULL, NULL, NULL, NULL, NULL, 0.000, NULL, 0, '', 0, '', '', '', '', '', 0.000, '', 0, '', 0, '', 1),
(655, 'PRO646', 'TAPA VALVULA VV15 BT', 'SM-1014655000000', '', 'MIMET', 0.00, 0.00000000, NULL, NULL, NULL, NULL, NULL, NULL, NULL, 0.000, NULL, 0, '', 0, '', '', '', '', '', 0.000, '', 0, '', 0, '', 1),
(656, 'PRO647', 'Tapa Vidrio Inclinada Inf CV 350 IAN', 'SM-1066430- 35IA', '', 'MIMET', 0.00, 0.00000000, NULL, NULL, NULL, NULL, NULL, NULL, NULL, 0.000, NULL, 0, '', 0, '', '', '', '', '', 0.000, '', 0, '', 0, '', 1),
(657, 'PRO648', 'Tapa Vidrio Inclinada Inf CV 580 AN', 'SM-1066432-CV58I', '', 'MIMET', 0.00, 0.00000000, NULL, NULL, NULL, NULL, NULL, NULL, NULL, 0.000, NULL, 0, '', 0, '', '', '', '', '', 0.000, '', 0, '', 0, '', 1),
(658, 'PRO649', 'Tapa Vidrio Inclinada Sup CV 350 IAN', 'SM-1066431 - 35I', '', 'MIMET', 0.00, 0.00000000, NULL, NULL, NULL, NULL, NULL, NULL, NULL, 0.000, NULL, 0, '', 0, '', '', '', '', '', 0.000, '', 0, '', 0, '', 1),
(659, 'PRO650', 'Tapa Vidrio Inclinada Sup CV 580 AN', 'SM-1066433-CV58I', '', 'MIMET', 0.00, 0.00000000, NULL, NULL, NULL, NULL, NULL, NULL, NULL, 0.000, NULL, 0, '', 0, '', '', '', '', '', 0.000, '', 0, '', 0, '', 1),
(660, 'PRO651', 'TAPA VIDRIO INF. CV-580 A', 'SM-1068374000000', '', 'MIMET', 0.00, 0.00000000, NULL, NULL, NULL, NULL, NULL, NULL, NULL, 0.000, NULL, 0, '', 0, '', '', '', '', '', 0.000, '', 0, '', 0, '', 1),
(661, 'PRO652', 'TAPA VIDRIO INFERIOR CV200AN,', 'SM-1018606-CV200', '', 'MIMET', 0.00, 0.00000000, NULL, NULL, NULL, NULL, NULL, NULL, NULL, 0.000, NULL, 0, '', 0, '', '', '', '', '', 0.000, '', 0, '', 0, '', 1),
(662, 'PRO653', 'Tapa Vidrio Recta Inf CV 200', 'SM-1068-CV200INF', '', 'MIMET', 0.00, 0.00000000, NULL, NULL, NULL, NULL, NULL, NULL, NULL, 0.000, NULL, 0, '', 0, '', '', '', '', '', 0.000, '', 0, '', 0, '', 1),
(663, 'PRO654', 'Tapa Vidrio Recta Inf CV 350 AN', 'SM-1068372-CV350', '', 'MIMET', 0.00, 0.00000000, NULL, NULL, NULL, NULL, NULL, NULL, NULL, 0.000, NULL, 0, '', 0, '', '', '', '', '', 0.000, '', 0, '', 0, '', 1),
(664, 'PRO655', 'Tapa Vidrio Recta Sup CV 200', 'SM-1068-CV200SUP', '', 'MIMET', 0.00, 0.00000000, NULL, NULL, NULL, NULL, NULL, NULL, NULL, 0.000, NULL, 0, '', 0, '', '', '', '', '', 0.000, '', 0, '', 0, '', 1),
(665, 'PRO656', 'Tapa Vidrio Recta Sup CV 350 AN', 'SM-1068373-CV350', '', 'MIMET', 0.00, 0.00000000, NULL, NULL, NULL, NULL, NULL, NULL, NULL, 0.000, NULL, 0, '', 0, '', '', '', '', '', 0.000, '', 0, '', 0, '', 1),
(666, 'PRO657', 'TAPA VIDRIO SUP. CV-580 A', 'SM-1068375000000', '', 'MIMET', 0.00, 0.00000000, NULL, NULL, NULL, NULL, NULL, NULL, NULL, 0.000, NULL, 0, '', 0, '', '', '', '', '', 0.000, '', 0, '', 0, '', 1),
(667, 'PRO658', 'TAPA VIDRIO SUPERIOR CC300', 'SM-1068-CC300SUP', '', 'MIMET', 0.00, 0.00000000, NULL, NULL, NULL, NULL, NULL, NULL, NULL, 0.000, NULL, 0, '', 0, '', '', '', '', '', 0.000, '', 0, '', 0, '', 1),
(668, 'PRO659', 'TAPA VIDRIO SUPERIOR CV200AN', 'SM-1018605-CV200', '', 'MIMET', 0.00, 0.00000000, NULL, NULL, NULL, NULL, NULL, NULL, NULL, 0.000, NULL, 0, '', 0, '', '', '', '', '', 0.000, '', 0, '', 0, '', 1),
(669, 'PRO660', 'Tap', 'SM-1069309000000', '', 'MIMET', 0.00, 0.00000000, NULL, NULL, NULL, NULL, NULL, NULL, NULL, 0.000, NULL, 0, '', 0, '', '', '', '', '', 0.000, '', 0, '', 0, '', 1),
(670, 'PRO661', 'TAPON EXTERNO DESAGUE CVP', 'SM-1012668000000', '', 'MIMET', 0.00, 0.00000000, NULL, NULL, NULL, NULL, NULL, NULL, NULL, 0.000, NULL, 0, '', 0, '', '', '', '', '', 0.000, '', 0, '', 0, '', 1),
(671, 'PRO662', 'TAPON EXTERNO DESAGUE IPA BLA', 'SM-1069310000000', '', 'MIMET', 0.00, 0.00000000, NULL, NULL, NULL, NULL, NULL, NULL, NULL, 0.000, NULL, 0, '', 0, '', '', '', '', '', 0.000, '', 0, '', 0, '', 1),
(672, 'PRO663', 'TAPON INTERNO DESAGUE CVP', 'SM-1012667000000', '', 'MIMET', 0.00, 0.00000000, NULL, NULL, NULL, NULL, NULL, NULL, NULL, 0.000, NULL, 0, '', 0, '', '', '', '', '', 0.000, '', 0, '', 0, '', 1),
(673, 'PRO664', 'Termometro Ref-88', 'SM-1014488000000', '', 'MIMET', 0.00, 0.00000000, NULL, NULL, NULL, NULL, NULL, NULL, NULL, 0.000, NULL, 0, '', 0, '', '', '', '', '', 0.000, '', 0, '', 0, '', 1),
(674, 'PRO665', 'TERMOSTATO DANFOSS 077B1125', 'SM-1016709000000', '', 'MIMET', 0.00, 0.00000000, NULL, NULL, NULL, NULL, NULL, NULL, NULL, 0.000, NULL, 0, '', 0, '', '', '', '', '', 0.000, '', 0, '', 0, '', 1),
(675, 'PRO666', 'Termostato Danfoss Congelado', 'SM-1016225000000', '', 'MIMET', 0.00, 0.00000000, NULL, NULL, NULL, NULL, NULL, NULL, NULL, 0.000, NULL, 0, '', 0, '', '', '', '', '', 0.000, '', 0, '', 0, '', 1),
(676, 'PRO667', 'Tope Plastico Recto', 'SM-1006374000000', '', 'MIMET', 0.00, 0.00000000, NULL, NULL, NULL, NULL, NULL, NULL, NULL, 0.000, NULL, 0, '', 0, '', '', '', '', '', 0.000, '', 0, '', 0, '', 1),
(677, 'PRO668', 'TRANSFORMADOR LEDS LVP35-12', 'SM-1034410000000', '', 'MIMET', 0.00, 0.00000000, NULL, NULL, NULL, NULL, NULL, NULL, NULL, 0.000, NULL, 0, '', 0, '', '', '', '', '', 0.000, '', 0, '', 0, '', 1),
(678, 'PRO669', 'TRANSFORMADOR PUERTA VV16BTF', 'SM-1026184000000', '', 'MIMET', 0.00, 0.00000000, NULL, NULL, NULL, NULL, NULL, NULL, NULL, 0.000, NULL, 0, '', 0, '', '', '', '', '', 0.000, '', 0, '', 0, '', 1),
(679, 'PRO670', 'TUBERIA REC 1/2" MIMET', 'SM-1045184000000', '', 'MIMET', 0.00, 0.00000000, NULL, NULL, NULL, NULL, NULL, NULL, NULL, 0.000, NULL, 0, '', 0, '', '', '', '', '', 0.000, '', 0, '', 0, '', 1),
(680, 'PRO671', 'TUBERIA RECOCIDA 1/4" MIMET', 'SM-1045186000000', '', 'MIMET', 0.00, 0.00000000, NULL, NULL, NULL, NULL, NULL, NULL, NULL, 0.000, NULL, 0, '', 0, '', '', '', '', '', 0.000, '', 0, '', 0, '', 1),
(681, 'PRO672', 'TUBERIA RECOCIDA 3/8" MIMET', 'SM-1045187000000', '', 'MIMET', 0.00, 0.00000000, NULL, NULL, NULL, NULL, NULL, NULL, NULL, 0.000, NULL, 0, '', 0, '', '', '', '', '', 0.000, '', 0, '', 0, '', 1),
(682, 'PRO673', 'TUBO COBRE 5/16"', 'SM-1045223000000', '', 'MIMET', 0.00, 0.00000000, NULL, NULL, NULL, NULL, NULL, NULL, NULL, 0.000, NULL, 0, '', 0, '', '', '', '', '', 0.000, '', 0, '', 0, '', 1),
(683, 'PRO674', 'TUBO CU REC  3/8"', 'SM-1000417000000', '', 'MIMET', 0.00, 0.00000000, NULL, NULL, NULL, NULL, NULL, NULL, NULL, 0.000, NULL, 0, '', 0, '', '', '', '', '', 0.000, '', 0, '', 0, '', 1),
(684, 'PRO675', 'TUBO CU REC 05 ESP 1/4', 'SM-1000422000000', '', 'MIMET', 0.00, 0.00000000, NULL, NULL, NULL, NULL, NULL, NULL, NULL, 0.000, NULL, 0, '', 0, '', '', '', '', '', 0.000, '', 0, '', 0, '', 1),
(685, 'PRO676', 'TUBO CU REC 5/16"', 'SM-1000416000000', '', 'MIMET', 0.00, 0.00000000, NULL, NULL, NULL, NULL, NULL, NULL, NULL, 0.000, NULL, 0, '', 0, '', '', '', '', '', 0.000, '', 0, '', 0, '', 1),
(686, 'PRO677', 'TUBO FLUORESCENTE 15W', 'SM-1002624000000', '', 'MIMET', 0.00, 0.00000000, NULL, NULL, NULL, NULL, NULL, NULL, NULL, 0.000, NULL, 0, '', 0, '', '', '', '', '', 0.000, '', 0, '', 0, '', 1),
(687, 'PRO678', 'TUBO FLUORESCENTE 30W', 'SM-1002625000000', '', 'MIMET', 0.00, 0.00000000, NULL, NULL, NULL, NULL, NULL, NULL, NULL, 0.000, NULL, 0, '', 0, '', '', '', '', '', 0.000, '', 0, '', 0, '', 1),
(688, 'PRO679', 'TUBO FLUORESCENTE 36W', 'SM-1002619000000', '', 'MIMET', 0.00, 0.00000000, NULL, NULL, NULL, NULL, NULL, NULL, NULL, 0.000, NULL, 0, '', 0, '', '', '', '', '', 0.000, '', 0, '', 0, '', 1),
(689, 'PRO680', 'TUBO FLUORESCENTE F21T5/841', 'SM-1018846000000', '', 'MIMET', 0.00, 0.00000000, NULL, NULL, NULL, NULL, NULL, NULL, NULL, 0.000, NULL, 0, '', 0, '', '', '', '', '', 0.000, '', 0, '', 0, '', 1),
(690, 'PRO681', 'TUBO LEDS 120 CMS X 18LEDS', 'SM-1034137000000', '', 'MIMET', 0.00, 0.00000000, NULL, NULL, NULL, NULL, NULL, NULL, NULL, 0.000, NULL, 0, '', 0, '', '', '', '', '', 0.000, '', 0, '', 0, '', 1),
(691, 'PRO682', 'TUBO LEDS 120CMS X36 LEDS', 'SM-1074291000000', '', 'MIMET', 0.00, 0.00000000, NULL, NULL, NULL, NULL, NULL, NULL, NULL, 0.000, NULL, 0, '', 0, '', '', '', '', '', 0.000, '', 0, '', 0, '', 1),
(692, 'PRO683', 'TUBO LEDS 60 CM X 18 LED 12V', 'SM-1046793000000', '', 'MIMET', 0.00, 0.00000000, NULL, NULL, NULL, NULL, NULL, NULL, NULL, 0.000, NULL, 0, '', 0, '', '', '', '', '', 0.000, '', 0, '', 0, '', 1),
(693, 'PRO684', 'TUERCA FLARE 1/2 BRONCE', 'SM-1037223000000', '', 'MIMET', 0.00, 0.00000000, NULL, NULL, NULL, NULL, NULL, NULL, NULL, 0.000, NULL, 0, '', 0, '', '', '', '', '', 0.000, '', 0, '', 0, '', 1),
(694, 'PRO685', 'TUERCA FLARE 3/8 BRONCE', 'SM-1037222000000', '', 'MIMET', 0.00, 0.00000000, NULL, NULL, NULL, NULL, NULL, NULL, NULL, 0.000, NULL, 0, '', 0, '', '', '', '', '', 0.000, '', 0, '', 0, '', 1),
(695, 'PRO686', 'VALVULA DE CARGA 1/4" MIMET', 'SM-1037206000000', '', 'MIMET', 0.00, 0.00000000, NULL, NULL, NULL, NULL, NULL, NULL, NULL, 0.000, NULL, 0, '', 0, '', '', '', '', '', 0.000, '', 0, '', 0, '', 1),
(696, 'PRO687', 'VALVULA EXPANSION TS2', 'SM-1036558000000', '', 'MIMET', 0.00, 0.00000000, NULL, NULL, NULL, NULL, NULL, NULL, NULL, 0.000, NULL, 0, '', 0, '', '', '', '', '', 0.000, '', 0, '', 0, '', 1),
(697, 'PRO688', 'Ventilador 10w', 'SM-1032136000000', '', 'MIMET', 0.00, 0.00000000, NULL, NULL, NULL, NULL, NULL, NULL, NULL, 0.000, NULL, 0, '', 0, '', '', '', '', '', 0.000, '', 0, '', 0, '', 1),
(698, 'PRO689', 'Ventilador 18w', 'SM-1030821000000', '', 'MIMET', 0.00, 0.00000000, NULL, NULL, NULL, NULL, NULL, NULL, NULL, 0.000, NULL, 0, '', 0, '', '', '', '', '', 0.000, '', 0, '', 0, '', 1),
(699, 'PRO690', 'Ventilador 5 Watt', 'SM-1001961000000', '', 'MIMET', 0.00, 0.00000000, NULL, NULL, NULL, NULL, NULL, NULL, NULL, 0.000, NULL, 0, '', 0, '', '', '', '', '', 0.000, '', 0, '', 0, '', 1),
(700, 'PRO691', 'VENTILADOR EBM 18W', 'SM-1021000000000', '', 'MIMET', 0.00, 0.00000000, NULL, NULL, NULL, NULL, NULL, NULL, NULL, 0.000, NULL, 0, '', 0, '', '', '', '', '', 0.000, '', 0, '', 0, '', 1),
(701, 'PRO692', 'CELOSIA CHICA PV-330', 'SG-330PVCELOSIAC', '', 'USADOS', 0.00, 0.00000000, NULL, NULL, NULL, NULL, NULL, NULL, NULL, 0.000, NULL, 0, '', 0, '', '', '', '', '', 0.000, '', 0, '', 0, '', 1),
(702, 'PRO693', 'CELOSIA GRANDE PV-330', 'SG-330PVCELOSIAG', '', 'USADOS', 0.00, 0.00000000, NULL, NULL, NULL, NULL, NULL, NULL, NULL, 0.000, NULL, 0, '', 0, '', '', '', '', '', 0.000, '', 0, '', 0, '', 1),
(703, 'PRO694', 'TAPA INF PV-330 IARP', 'SG-330PV-TAPAINF', '', 'USADOS', 0.00, 0.00000000, NULL, NULL, NULL, NULL, NULL, NULL, NULL, 0.000, NULL, 0, '', 0, '', '', '', '', '', 0.000, '', 0, '', 0, '', 1),
(704, 'PRO695', 'TAPA SUP PV-330 IARP', 'SG-330PV-TAPASUP', '', 'USADOS', 0.00, 0.00000000, NULL, NULL, NULL, NULL, NULL, NULL, NULL, 0.000, NULL, 0, '', 0, '', '', '', '', '', 0.000, '', 0, '', 0, '', 1);

-- --------------------------------------------------------

--
-- Estructura de tabla para la tabla `vtiger_producttaxrel`
--

CREATE TABLE IF NOT EXISTS `vtiger_producttaxrel` (
  `productid` int(11) NOT NULL,
  `taxid` int(3) NOT NULL,
  `taxpercentage` decimal(7,3) DEFAULT NULL
) ENGINE=InnoDB DEFAULT CHARSET=latin1;

-- --------------------------------------------------------

--
-- Estructura de tabla para la tabla `vtiger_profile`
--

CREATE TABLE IF NOT EXISTS `vtiger_profile` (
`profileid` int(10) NOT NULL,
  `profilename` varchar(50) NOT NULL,
  `description` text,
  `directly_related_to_role` int(1) DEFAULT '0'
) ENGINE=InnoDB AUTO_INCREMENT=5 DEFAULT CHARSET=latin1;

--
-- Volcado de datos para la tabla `vtiger_profile`
--

INSERT INTO `vtiger_profile` (`profileid`, `profilename`, `description`, `directly_related_to_role`) VALUES
(1, 'Administrator', 'Admin Profile', 0),
(2, 'Sales Profile', 'Profile Related to Sales', 0),
(3, 'Support Profile', 'Profile Related to Support', 0),
(4, 'Guest Profile', 'Guest Profile for Test Users', 0);

-- --------------------------------------------------------

--
-- Estructura de tabla para la tabla `vtiger_profile2field`
--

CREATE TABLE IF NOT EXISTS `vtiger_profile2field` (
  `profileid` int(11) NOT NULL,
  `tabid` int(10) DEFAULT NULL,
  `fieldid` int(19) NOT NULL,
  `visible` int(19) DEFAULT NULL,
  `readonly` int(19) DEFAULT NULL
) ENGINE=InnoDB DEFAULT CHARSET=latin1;

--
-- Volcado de datos para la tabla `vtiger_profile2field`
--

INSERT INTO `vtiger_profile2field` (`profileid`, `tabid`, `fieldid`, `visible`, `readonly`) VALUES
(1, 6, 1, 0, 0),
(1, 6, 2, 0, 0),
(1, 6, 3, 0, 0),
(1, 6, 4, 0, 0),
(1, 6, 5, 0, 0),
(1, 6, 6, 0, 0),
(1, 6, 7, 0, 0),
(1, 6, 8, 0, 0),
(1, 6, 9, 0, 0),
(1, 6, 10, 0, 0),
(1, 6, 11, 0, 0),
(1, 6, 12, 0, 0),
(1, 6, 13, 0, 0),
(1, 6, 14, 0, 0),
(1, 6, 15, 0, 0),
(1, 6, 16, 0, 0),
(1, 6, 17, 0, 0),
(1, 6, 18, 0, 0),
(1, 6, 19, 0, 0),
(1, 6, 20, 0, 0),
(1, 6, 21, 0, 1),
(1, 6, 22, 0, 1),
(1, 6, 23, 0, 0),
(1, 6, 24, 0, 0),
(1, 6, 25, 0, 0),
(1, 6, 26, 0, 0),
(1, 6, 27, 0, 0),
(1, 6, 28, 0, 0),
(1, 6, 29, 0, 0),
(1, 6, 30, 0, 0),
(1, 6, 31, 0, 0),
(1, 6, 32, 0, 0),
(1, 6, 33, 0, 0),
(1, 6, 34, 0, 0),
(1, 6, 35, 0, 0),
(1, 6, 36, 0, 0),
(1, 7, 37, 0, 0),
(1, 7, 38, 0, 0),
(1, 7, 39, 0, 0),
(1, 7, 40, 0, 0),
(1, 7, 41, 0, 0),
(1, 7, 42, 0, 0),
(1, 7, 43, 0, 0),
(1, 7, 44, 0, 0),
(1, 7, 45, 0, 0),
(1, 7, 46, 0, 0),
(1, 7, 47, 0, 0),
(1, 7, 48, 0, 0),
(1, 7, 49, 0, 0),
(1, 7, 50, 0, 0),
(1, 7, 51, 0, 0),
(1, 7, 52, 0, 0),
(1, 7, 53, 0, 0),
(1, 7, 54, 0, 0),
(1, 7, 55, 0, 0),
(1, 7, 56, 0, 1),
(1, 7, 57, 0, 1),
(1, 7, 58, 0, 0),
(1, 7, 59, 0, 0),
(1, 7, 60, 0, 0),
(1, 7, 61, 0, 0),
(1, 7, 62, 0, 0),
(1, 7, 63, 0, 0),
(1, 7, 64, 0, 0),
(1, 7, 65, 0, 0),
(1, 4, 66, 0, 0),
(1, 4, 67, 0, 0),
(1, 4, 68, 0, 0),
(1, 4, 69, 0, 0),
(1, 4, 70, 0, 0),
(1, 4, 71, 0, 0),
(1, 4, 72, 0, 0),
(1, 4, 73, 0, 0),
(1, 4, 74, 0, 0),
(1, 4, 75, 0, 0),
(1, 4, 76, 0, 0),
(1, 4, 77, 0, 0),
(1, 4, 78, 0, 0),
(1, 4, 79, 0, 0),
(1, 4, 80, 0, 0),
(1, 4, 81, 0, 0),
(1, 4, 82, 0, 0),
(1, 4, 83, 0, 0),
(1, 4, 84, 0, 0),
(1, 4, 85, 0, 0),
(1, 4, 86, 0, 0),
(1, 4, 87, 0, 0),
(1, 4, 88, 0, 0),
(1, 4, 89, 0, 0),
(1, 4, 90, 0, 1),
(1, 4, 91, 0, 1),
(1, 4, 92, 0, 0),
(1, 4, 93, 0, 0),
(1, 4, 94, 0, 0),
(1, 4, 95, 0, 0),
(1, 4, 96, 0, 0),
(1, 4, 97, 0, 0),
(1, 4, 98, 0, 0),
(1, 4, 99, 0, 0),
(1, 4, 100, 0, 0),
(1, 4, 101, 0, 0),
(1, 4, 102, 0, 0),
(1, 4, 103, 0, 0),
(1, 4, 104, 0, 0),
(1, 4, 105, 0, 0),
(1, 4, 106, 0, 0),
(1, 4, 107, 0, 0),
(1, 4, 108, 0, 0),
(1, 4, 109, 0, 0),
(1, 2, 110, 0, 0),
(1, 2, 111, 0, 0),
(1, 2, 112, 0, 0),
(1, 2, 113, 0, 0),
(1, 2, 114, 0, 0),
(1, 2, 115, 0, 0),
(1, 2, 116, 0, 0),
(1, 2, 117, 0, 0),
(1, 2, 118, 0, 0),
(1, 2, 119, 0, 0),
(1, 2, 120, 0, 0),
(1, 2, 121, 0, 0),
(1, 2, 122, 0, 1),
(1, 2, 123, 0, 1),
(1, 2, 124, 0, 0),
(1, 2, 125, 0, 0),
(1, 26, 126, 0, 0),
(1, 26, 127, 0, 0),
(1, 26, 128, 0, 0),
(1, 26, 129, 0, 0),
(1, 26, 130, 0, 0),
(1, 26, 131, 0, 0),
(1, 26, 132, 0, 0),
(1, 26, 133, 0, 0),
(1, 26, 134, 0, 0),
(1, 26, 135, 0, 0),
(1, 26, 136, 0, 0),
(1, 26, 137, 0, 1),
(1, 26, 138, 0, 1),
(1, 26, 139, 0, 0),
(1, 26, 140, 0, 0),
(1, 26, 141, 0, 0),
(1, 26, 142, 0, 0),
(1, 26, 143, 0, 0),
(1, 26, 144, 0, 0),
(1, 26, 145, 0, 0),
(1, 26, 146, 0, 0),
(1, 26, 147, 0, 0),
(1, 26, 148, 0, 0),
(1, 26, 149, 0, 0),
(1, 26, 150, 0, 0),
(1, 4, 151, 0, 0),
(1, 6, 152, 0, 0),
(1, 7, 153, 0, 0),
(1, 26, 154, 0, 0),
(1, 13, 155, 0, 0),
(1, 13, 156, 0, 0),
(1, 13, 157, 0, 0),
(1, 13, 158, 0, 0),
(1, 13, 159, 0, 0),
(1, 13, 160, 0, 0),
(1, 13, 161, 0, 0),
(1, 13, 162, 0, 0),
(1, 13, 163, 0, 0),
(1, 13, 164, 0, 0),
(1, 13, 165, 0, 0),
(1, 13, 166, 0, 1),
(1, 13, 167, 0, 1),
(1, 13, 168, 0, 0),
(1, 13, 169, 0, 0),
(1, 13, 170, 0, 0),
(1, 13, 171, 0, 0),
(1, 13, 172, 0, 0),
(1, 14, 173, 0, 0),
(1, 14, 174, 0, 0),
(1, 14, 175, 0, 0),
(1, 14, 176, 0, 0),
(1, 14, 177, 0, 0),
(1, 14, 178, 0, 0),
(1, 14, 179, 0, 0),
(1, 14, 180, 0, 0),
(1, 14, 181, 0, 0),
(1, 14, 182, 0, 0),
(1, 14, 183, 0, 0),
(1, 14, 184, 0, 0),
(1, 14, 185, 0, 0),
(1, 14, 186, 0, 0),
(1, 14, 187, 0, 0),
(1, 14, 188, 0, 0),
(1, 14, 189, 0, 0),
(1, 14, 190, 0, 1),
(1, 14, 191, 0, 1),
(1, 14, 192, 0, 0),
(1, 14, 193, 0, 0),
(1, 14, 194, 0, 0),
(1, 14, 195, 0, 0),
(1, 14, 196, 0, 0),
(1, 14, 197, 0, 0),
(1, 14, 198, 0, 0),
(1, 14, 199, 0, 0),
(1, 14, 200, 0, 0),
(1, 14, 201, 0, 0),
(1, 14, 202, 0, 0),
(1, 14, 203, 0, 0),
(1, 8, 204, 0, 0),
(1, 8, 205, 0, 1),
(1, 8, 206, 0, 1),
(1, 8, 207, 0, 0),
(1, 8, 208, 0, 0),
(1, 8, 209, 0, 0),
(1, 8, 210, 0, 1),
(1, 8, 211, 0, 1),
(1, 8, 212, 0, 0),
(1, 8, 213, 0, 0),
(1, 8, 214, 0, 0),
(1, 8, 215, 0, 1),
(1, 8, 216, 0, 0),
(1, 8, 217, 0, 0),
(1, 8, 218, 0, 0),
(1, 10, 219, 0, 0),
(1, 10, 220, 0, 0),
(1, 10, 221, 0, 0),
(1, 10, 222, 0, 0),
(1, 10, 223, 0, 0),
(1, 10, 224, 0, 0),
(1, 10, 225, 0, 0),
(1, 10, 226, 0, 0),
(1, 10, 227, 0, 0),
(1, 10, 228, 0, 1),
(1, 10, 229, 0, 0),
(1, 10, 230, 0, 0),
(1, 9, 231, 0, 0),
(1, 9, 232, 0, 0),
(1, 9, 233, 0, 0),
(1, 9, 234, 0, 0),
(1, 9, 235, 0, 0),
(1, 9, 236, 0, 0),
(1, 9, 237, 0, 0),
(1, 9, 238, 0, 0),
(1, 9, 239, 0, 0),
(1, 9, 240, 0, 0),
(1, 9, 241, 0, 0),
(1, 9, 242, 0, 0),
(1, 9, 243, 0, 1),
(1, 9, 244, 0, 1),
(1, 9, 245, 0, 0),
(1, 9, 246, 0, 0),
(1, 9, 247, 0, 0),
(1, 9, 248, 0, 0),
(1, 9, 249, 0, 0),
(1, 9, 250, 0, 0),
(1, 9, 251, 0, 0),
(1, 9, 252, 0, 0),
(1, 9, 253, 0, 0),
(1, 9, 254, 0, 0),
(1, 16, 255, 0, 0),
(1, 16, 256, 0, 0),
(1, 16, 257, 0, 0),
(1, 16, 258, 0, 0),
(1, 16, 259, 0, 0),
(1, 16, 260, 0, 0),
(1, 16, 261, 0, 0),
(1, 16, 262, 0, 0),
(1, 16, 263, 0, 0),
(1, 16, 264, 0, 0),
(1, 16, 265, 0, 0),
(1, 16, 266, 0, 0),
(1, 16, 267, 0, 0),
(1, 16, 268, 0, 0),
(1, 16, 269, 0, 1),
(1, 16, 270, 0, 1),
(1, 16, 271, 0, 0),
(1, 16, 272, 0, 0),
(1, 16, 273, 0, 0),
(1, 16, 274, 0, 0),
(1, 16, 275, 0, 0),
(1, 16, 276, 0, 0),
(1, 16, 277, 0, 0),
(1, 15, 278, 0, 0),
(1, 15, 279, 0, 0),
(1, 15, 280, 0, 0),
(1, 15, 281, 0, 0),
(1, 15, 282, 0, 0),
(1, 15, 283, 0, 0),
(1, 15, 284, 0, 0),
(1, 15, 285, 0, 1),
(1, 15, 286, 0, 1),
(1, 15, 287, 0, 0),
(1, 18, 288, 0, 0),
(1, 18, 289, 0, 0),
(1, 18, 290, 0, 0),
(1, 18, 291, 0, 0),
(1, 18, 292, 0, 0),
(1, 18, 293, 0, 0),
(1, 18, 294, 0, 0),
(1, 18, 295, 0, 1),
(1, 18, 296, 0, 1),
(1, 18, 297, 0, 0),
(1, 18, 298, 0, 0),
(1, 18, 299, 0, 0),
(1, 18, 300, 0, 0),
(1, 18, 301, 0, 0),
(1, 18, 302, 0, 0),
(1, 18, 303, 0, 0),
(1, 18, 304, 0, 0),
(1, 19, 305, 0, 0),
(1, 19, 306, 0, 0),
(1, 19, 307, 0, 0),
(1, 19, 308, 0, 1),
(1, 19, 309, 0, 1),
(1, 19, 310, 0, 0),
(1, 19, 311, 0, 0),
(1, 19, 312, 0, 0),
(1, 20, 313, 0, 0),
(1, 20, 314, 0, 0),
(1, 20, 315, 0, 0),
(1, 20, 316, 0, 0),
(1, 20, 317, 0, 0),
(1, 20, 318, 0, 0),
(1, 20, 319, 0, 0),
(1, 20, 320, 0, 0),
(1, 20, 321, 0, 0),
(1, 20, 322, 0, 0),
(1, 20, 323, 0, 0),
(1, 20, 324, 0, 0),
(1, 20, 325, 0, 0),
(1, 20, 326, 0, 0),
(1, 20, 327, 0, 0),
(1, 20, 328, 0, 0),
(1, 20, 329, 0, 0),
(1, 20, 330, 0, 0),
(1, 20, 331, 0, 1),
(1, 20, 332, 0, 1),
(1, 20, 333, 0, 0),
(1, 20, 334, 0, 0),
(1, 20, 335, 0, 0),
(1, 20, 336, 0, 0),
(1, 20, 337, 0, 0),
(1, 20, 338, 0, 0),
(1, 20, 339, 0, 0),
(1, 20, 340, 0, 0),
(1, 20, 341, 0, 0),
(1, 20, 342, 0, 0),
(1, 20, 343, 0, 0),
(1, 20, 344, 0, 0),
(1, 20, 345, 0, 0),
(1, 20, 346, 0, 0),
(1, 20, 347, 0, 0),
(1, 20, 348, 0, 0),
(1, 20, 349, 0, 0),
(1, 21, 350, 0, 0),
(1, 21, 351, 0, 0),
(1, 21, 352, 0, 0),
(1, 21, 353, 0, 0),
(1, 21, 354, 0, 0),
(1, 21, 355, 0, 0),
(1, 21, 356, 0, 0),
(1, 21, 357, 0, 0),
(1, 21, 358, 0, 0),
(1, 21, 359, 0, 0),
(1, 21, 360, 0, 0),
(1, 21, 361, 0, 0),
(1, 21, 362, 0, 0),
(1, 21, 363, 0, 0),
(1, 21, 364, 0, 0),
(1, 21, 365, 0, 0),
(1, 21, 366, 0, 0),
(1, 21, 367, 0, 0),
(1, 21, 368, 0, 0),
(1, 21, 369, 0, 1),
(1, 21, 370, 0, 1),
(1, 21, 371, 0, 0),
(1, 21, 372, 0, 0),
(1, 21, 373, 0, 0),
(1, 21, 374, 0, 0),
(1, 21, 375, 0, 0),
(1, 21, 376, 0, 0),
(1, 21, 377, 0, 0),
(1, 21, 378, 0, 0),
(1, 21, 379, 0, 0),
(1, 21, 380, 0, 0),
(1, 21, 381, 0, 0),
(1, 21, 382, 0, 0),
(1, 21, 383, 0, 0),
(1, 21, 384, 0, 0),
(1, 21, 385, 0, 0),
(1, 21, 386, 0, 0),
(1, 21, 387, 0, 0),
(1, 22, 388, 0, 0),
(1, 22, 389, 0, 0),
(1, 22, 390, 0, 0),
(1, 22, 391, 0, 0),
(1, 22, 392, 0, 0),
(1, 22, 393, 0, 0),
(1, 22, 394, 0, 0),
(1, 22, 395, 0, 0),
(1, 22, 396, 0, 0),
(1, 22, 397, 0, 0),
(1, 22, 398, 0, 0),
(1, 22, 399, 0, 0),
(1, 22, 400, 0, 0),
(1, 22, 401, 0, 0),
(1, 22, 402, 0, 0),
(1, 22, 403, 0, 0),
(1, 22, 404, 0, 0),
(1, 22, 405, 0, 0),
(1, 22, 406, 0, 0),
(1, 22, 407, 0, 0),
(1, 22, 408, 0, 0),
(1, 22, 409, 0, 0),
(1, 22, 410, 0, 1),
(1, 22, 411, 0, 1),
(1, 22, 412, 0, 0),
(1, 22, 413, 0, 0),
(1, 22, 414, 0, 0),
(1, 22, 415, 0, 0),
(1, 22, 416, 0, 0),
(1, 22, 417, 0, 0),
(1, 22, 418, 0, 0),
(1, 22, 419, 0, 0),
(1, 22, 420, 0, 0),
(1, 22, 421, 0, 0),
(1, 22, 422, 0, 0),
(1, 22, 423, 0, 0),
(1, 22, 424, 0, 0),
(1, 22, 425, 0, 0),
(1, 22, 426, 0, 0),
(1, 22, 427, 0, 0),
(1, 22, 428, 0, 0),
(1, 22, 429, 0, 0),
(1, 22, 430, 0, 0),
(1, 22, 431, 0, 0),
(1, 22, 432, 0, 0),
(1, 22, 433, 0, 0),
(1, 22, 434, 0, 0),
(1, 23, 435, 0, 0),
(1, 23, 436, 0, 0),
(1, 23, 437, 0, 0),
(1, 23, 438, 0, 0),
(1, 23, 439, 0, 0),
(1, 23, 440, 0, 0),
(1, 23, 441, 0, 0),
(1, 23, 442, 0, 0),
(1, 23, 443, 0, 0),
(1, 23, 444, 0, 0),
(1, 23, 445, 0, 0),
(1, 23, 446, 0, 0),
(1, 23, 447, 0, 0),
(1, 23, 448, 0, 0),
(1, 23, 449, 0, 0),
(1, 23, 450, 0, 0),
(1, 23, 451, 0, 0),
(1, 23, 452, 0, 0),
(1, 23, 453, 0, 0),
(1, 23, 454, 0, 1),
(1, 23, 455, 0, 1),
(1, 23, 456, 0, 0),
(1, 23, 457, 0, 0),
(1, 23, 458, 0, 0),
(1, 23, 459, 0, 0),
(1, 23, 460, 0, 0),
(1, 23, 461, 0, 0),
(1, 23, 462, 0, 0),
(1, 23, 463, 0, 0),
(1, 23, 464, 0, 0),
(1, 23, 465, 0, 0),
(1, 23, 466, 0, 0),
(1, 23, 467, 0, 0),
(1, 23, 468, 0, 0),
(1, 23, 469, 0, 0),
(1, 23, 470, 0, 0),
(1, 23, 471, 0, 0),
(1, 23, 472, 0, 0),
(1, 23, 473, 0, 0),
(1, 29, 474, 0, 0),
(1, 29, 478, 0, 0),
(1, 29, 479, 0, 0),
(1, 29, 481, 0, 0),
(1, 29, 488, 0, 0),
(1, 29, 489, 0, 0),
(1, 29, 490, 0, 0),
(1, 29, 491, 0, 0),
(1, 29, 493, 0, 0),
(1, 29, 494, 0, 0),
(1, 29, 495, 0, 0),
(1, 29, 496, 0, 0),
(1, 29, 497, 0, 0),
(1, 29, 502, 0, 0),
(1, 29, 503, 0, 0),
(1, 29, 504, 0, 0),
(1, 29, 505, 0, 0),
(1, 29, 513, 0, 0),
(1, 10, 518, 0, 0),
(1, 10, 519, 0, 0),
(1, 10, 520, 0, 0),
(1, 10, 521, 0, 0),
(1, 10, 522, 0, 0),
(1, 10, 523, 0, 0),
(1, 30, 524, 0, 0),
(1, 30, 525, 0, 1),
(1, 30, 526, 0, 1),
(1, 30, 527, 0, 0),
(1, 30, 528, 0, 1),
(1, 30, 529, 0, 0),
(1, 30, 530, 0, 0),
(1, 30, 531, 0, 0),
(1, 30, 532, 0, 0),
(1, 30, 533, 0, 0),
(1, 30, 534, 0, 0),
(1, 30, 535, 0, 1),
(1, 30, 536, 0, 1),
(1, 30, 537, 0, 0),
(1, 30, 538, 0, 0),
(1, 30, 539, 0, 0),
(1, 30, 540, 0, 1),
(1, 30, 541, 0, 0),
(1, 30, 542, 0, 0),
(1, 31, 543, 0, 0),
(1, 31, 544, 0, 0),
(1, 31, 545, 0, 0),
(1, 31, 546, 0, 0),
(1, 31, 547, 0, 0),
(1, 31, 548, 0, 0),
(1, 31, 549, 0, 0),
(1, 31, 550, 0, 0),
(1, 31, 551, 0, 1),
(1, 31, 552, 0, 1),
(1, 31, 553, 0, 0),
(1, 31, 554, 0, 0),
(1, 31, 555, 0, 0),
(1, 31, 556, 0, 0),
(1, 31, 557, 0, 0),
(1, 31, 558, 0, 0),
(1, 31, 559, 0, 0),
(1, 31, 560, 0, 0),
(1, 31, 561, 0, 0),
(1, 36, 562, 0, 0),
(1, 36, 563, 0, 0),
(1, 36, 564, 0, 0),
(1, 36, 565, 0, 0),
(1, 36, 566, 0, 0),
(1, 36, 567, 0, 0),
(1, 36, 568, 0, 0),
(1, 36, 569, 0, 0),
(1, 36, 570, 0, 0),
(1, 36, 571, 0, 0),
(1, 36, 572, 0, 0),
(1, 36, 573, 0, 0),
(1, 36, 574, 0, 0),
(1, 36, 575, 0, 0),
(1, 36, 576, 0, 1),
(1, 36, 577, 0, 1),
(1, 29, 578, 0, 0),
(1, 38, 579, 0, 0),
(1, 38, 580, 0, 0),
(1, 38, 581, 0, 0),
(1, 38, 582, 0, 0),
(1, 38, 583, 0, 0),
(1, 38, 584, 0, 0),
(1, 38, 585, 0, 1),
(1, 38, 586, 0, 1),
(1, 38, 587, 0, 0),
(1, 38, 588, 0, 0),
(1, 39, 589, 0, 0),
(1, 39, 590, 0, 0),
(1, 39, 591, 0, 0),
(1, 39, 592, 0, 0),
(1, 39, 593, 0, 0),
(1, 39, 594, 0, 0),
(1, 39, 595, 0, 0),
(1, 39, 596, 0, 0),
(1, 39, 597, 0, 0),
(1, 39, 598, 0, 0),
(1, 39, 599, 0, 0),
(1, 39, 600, 0, 1),
(1, 39, 601, 0, 1),
(1, 39, 602, 0, 0),
(1, 39, 603, 0, 0),
(1, 40, 604, 0, 0),
(1, 40, 605, 0, 0),
(1, 40, 606, 0, 0),
(1, 40, 607, 0, 0),
(1, 40, 608, 0, 0),
(1, 40, 609, 0, 0),
(1, 40, 610, 0, 0),
(1, 40, 611, 0, 0),
(1, 40, 612, 0, 0),
(1, 40, 613, 0, 0),
(1, 40, 614, 0, 0),
(1, 40, 615, 0, 0),
(1, 40, 616, 0, 0),
(1, 40, 617, 0, 1),
(1, 40, 618, 0, 1),
(1, 40, 619, 0, 0),
(1, 40, 620, 0, 0),
(1, 42, 621, 0, 0),
(1, 42, 622, 0, 0),
(1, 42, 623, 0, 0),
(1, 42, 624, 0, 0),
(1, 42, 625, 0, 0),
(1, 42, 626, 0, 0),
(1, 42, 627, 0, 0),
(1, 42, 628, 0, 0),
(1, 42, 629, 0, 0),
(1, 42, 630, 0, 0),
(1, 42, 631, 0, 0),
(1, 42, 632, 0, 0),
(1, 42, 633, 0, 0),
(1, 42, 634, 0, 0),
(1, 42, 635, 0, 1),
(1, 42, 636, 0, 1),
(1, 42, 637, 0, 0),
(1, 42, 638, 0, 0),
(1, 45, 639, 0, 0),
(1, 45, 640, 0, 0),
(1, 45, 641, 0, 1),
(1, 45, 642, 0, 1),
(1, 45, 643, 0, 0),
(1, 45, 644, 0, 1),
(1, 45, 645, 0, 0),
(1, 48, 646, 0, 0),
(1, 48, 647, 0, 1),
(1, 48, 648, 0, 1),
(1, 48, 649, 0, 0),
(1, 48, 650, 0, 0),
(1, 2, 651, 0, 0),
(1, 29, 652, 0, 0),
(1, 23, 653, 0, 1),
(1, 23, 654, 0, 1),
(1, 23, 655, 0, 1),
(1, 23, 656, 0, 1),
(1, 23, 657, 0, 1),
(1, 23, 658, 0, 1),
(1, 23, 659, 0, 1),
(1, 23, 660, 0, 1),
(1, 23, 661, 0, 1),
(1, 22, 662, 0, 1),
(1, 22, 663, 0, 1),
(1, 22, 664, 0, 1),
(1, 22, 665, 0, 1),
(1, 22, 666, 0, 1),
(1, 22, 667, 0, 1),
(1, 22, 668, 0, 1),
(1, 22, 669, 0, 1),
(1, 22, 670, 0, 1),
(1, 21, 671, 0, 1),
(1, 21, 672, 0, 1),
(1, 21, 673, 0, 1),
(1, 21, 674, 0, 1),
(1, 21, 675, 0, 1),
(1, 21, 676, 0, 1),
(1, 21, 677, 0, 1),
(1, 21, 678, 0, 1),
(1, 21, 679, 0, 1),
(1, 20, 680, 0, 1),
(1, 20, 681, 0, 1),
(1, 20, 682, 0, 1),
(1, 20, 683, 0, 1),
(1, 20, 684, 0, 1),
(1, 20, 685, 0, 1),
(1, 20, 686, 0, 1),
(1, 20, 687, 0, 1),
(1, 20, 688, 0, 1),
(1, 29, 689, 0, 0),
(1, 39, 690, 0, 0),
(1, 45, 691, 0, 0),
(1, 29, 692, 0, 0),
(1, 29, 693, 0, 0),
(1, 29, 694, 0, 0),
(1, 23, 695, 0, 0),
(1, 22, 696, 0, 0),
(1, 21, 697, 0, 0),
(1, 20, 698, 0, 0),
(1, 29, 699, 0, 0),
(1, 6, 700, 0, 1),
(1, 4, 701, 0, 1),
(1, 2, 702, 0, 1),
(1, 29, 703, 0, 0),
(1, 23, 704, 0, 0),
(1, 23, 705, 0, 0),
(1, 21, 706, 0, 0),
(1, 21, 707, 0, 0),
(1, 18, 708, 0, 0),
(1, 7, 709, 0, 0),
(1, 45, 710, 0, 0),
(1, 45, 711, 0, 0),
(1, 23, 712, 0, 1),
(1, 20, 713, 0, 1),
(1, 21, 714, 0, 1),
(1, 22, 715, 0, 1),
(1, 29, 716, 0, 0),
(1, 2, 717, 0, 0),
(1, 13, 718, 0, 0),
(1, 29, 719, 0, 0),
(1, 13, 720, 0, 0),
(1, 29, 721, 0, 0),
(1, 29, 722, 0, 0),
(1, 29, 723, 0, 0),
(1, 9, 729, 0, 1),
(1, 29, 750, 0, 0),
(2, 6, 1, 0, 0),
(2, 6, 2, 0, 0),
(2, 6, 3, 0, 0),
(2, 6, 4, 0, 0),
(2, 6, 5, 0, 0),
(2, 6, 6, 0, 0),
(2, 6, 7, 0, 0),
(2, 6, 8, 0, 0),
(2, 6, 9, 0, 0),
(2, 6, 10, 0, 0),
(2, 6, 11, 0, 0),
(2, 6, 12, 0, 0),
(2, 6, 13, 0, 0),
(2, 6, 14, 0, 0),
(2, 6, 15, 0, 0),
(2, 6, 16, 0, 0),
(2, 6, 17, 0, 0),
(2, 6, 18, 0, 0),
(2, 6, 19, 0, 0),
(2, 6, 20, 0, 0),
(2, 6, 21, 0, 0),
(2, 6, 22, 0, 0),
(2, 6, 23, 0, 0),
(2, 6, 24, 0, 0),
(2, 6, 25, 0, 0),
(2, 6, 26, 0, 0),
(2, 6, 27, 0, 0),
(2, 6, 28, 0, 0),
(2, 6, 29, 0, 0),
(2, 6, 30, 0, 0),
(2, 6, 31, 0, 0),
(2, 6, 32, 0, 0),
(2, 6, 33, 0, 0),
(2, 6, 34, 0, 0),
(2, 6, 35, 0, 0),
(2, 6, 36, 0, 0),
(2, 7, 37, 0, 0),
(2, 7, 38, 0, 0),
(2, 7, 39, 0, 0),
(2, 7, 40, 0, 0),
(2, 7, 41, 0, 0),
(2, 7, 42, 0, 0),
(2, 7, 43, 0, 0),
(2, 7, 44, 0, 0),
(2, 7, 45, 0, 0),
(2, 7, 46, 0, 0),
(2, 7, 47, 0, 0),
(2, 7, 48, 0, 0),
(2, 7, 49, 0, 0),
(2, 7, 50, 0, 0),
(2, 7, 51, 0, 0),
(2, 7, 52, 0, 0),
(2, 7, 53, 0, 0),
(2, 7, 54, 0, 0),
(2, 7, 55, 0, 0),
(2, 7, 56, 0, 0),
(2, 7, 57, 0, 0),
(2, 7, 58, 0, 0),
(2, 7, 59, 0, 0),
(2, 7, 60, 0, 0),
(2, 7, 61, 0, 0),
(2, 7, 62, 0, 0),
(2, 7, 63, 0, 0),
(2, 7, 64, 0, 0),
(2, 7, 65, 0, 0),
(2, 4, 66, 0, 0),
(2, 4, 67, 0, 0),
(2, 4, 68, 0, 0),
(2, 4, 69, 0, 0),
(2, 4, 70, 0, 0),
(2, 4, 71, 0, 0),
(2, 4, 72, 0, 0),
(2, 4, 73, 0, 0),
(2, 4, 74, 0, 0),
(2, 4, 75, 0, 0),
(2, 4, 76, 0, 0),
(2, 4, 77, 0, 0),
(2, 4, 78, 0, 0),
(2, 4, 79, 0, 0),
(2, 4, 80, 0, 0),
(2, 4, 81, 0, 0),
(2, 4, 82, 0, 0),
(2, 4, 83, 0, 0),
(2, 4, 84, 0, 0),
(2, 4, 85, 0, 0),
(2, 4, 86, 0, 0),
(2, 4, 87, 0, 0),
(2, 4, 88, 0, 0),
(2, 4, 89, 0, 0),
(2, 4, 90, 0, 0),
(2, 4, 91, 0, 0),
(2, 4, 92, 0, 0),
(2, 4, 93, 0, 0),
(2, 4, 94, 0, 0),
(2, 4, 95, 0, 0),
(2, 4, 96, 0, 0),
(2, 4, 97, 0, 0),
(2, 4, 98, 0, 0),
(2, 4, 99, 0, 0),
(2, 4, 100, 0, 0),
(2, 4, 101, 0, 0),
(2, 4, 102, 0, 0),
(2, 4, 103, 0, 0),
(2, 4, 104, 0, 0),
(2, 4, 105, 0, 0),
(2, 4, 106, 0, 0),
(2, 4, 107, 0, 0),
(2, 4, 108, 0, 0),
(2, 4, 109, 0, 0),
(2, 2, 110, 0, 0),
(2, 2, 111, 0, 0),
(2, 2, 112, 0, 0),
(2, 2, 113, 0, 0),
(2, 2, 114, 0, 0),
(2, 2, 115, 0, 0),
(2, 2, 116, 0, 0),
(2, 2, 117, 0, 0),
(2, 2, 118, 0, 0),
(2, 2, 119, 0, 0),
(2, 2, 120, 0, 0),
(2, 2, 121, 0, 0),
(2, 2, 122, 0, 0),
(2, 2, 123, 0, 0),
(2, 2, 124, 0, 0),
(2, 2, 125, 0, 0),
(2, 26, 126, 0, 0),
(2, 26, 127, 0, 0),
(2, 26, 128, 0, 0),
(2, 26, 129, 0, 0),
(2, 26, 130, 0, 0),
(2, 26, 131, 0, 0),
(2, 26, 132, 0, 0),
(2, 26, 133, 0, 0),
(2, 26, 134, 0, 0),
(2, 26, 135, 0, 0),
(2, 26, 136, 0, 0),
(2, 26, 137, 0, 0),
(2, 26, 138, 0, 0),
(2, 26, 139, 0, 0),
(2, 26, 140, 0, 0),
(2, 26, 141, 0, 0),
(2, 26, 142, 0, 0),
(2, 26, 143, 0, 0),
(2, 26, 144, 0, 0),
(2, 26, 145, 0, 0),
(2, 26, 146, 0, 0),
(2, 26, 147, 0, 0),
(2, 26, 148, 0, 0),
(2, 26, 149, 0, 0),
(2, 26, 150, 0, 0),
(2, 4, 151, 0, 0),
(2, 6, 152, 0, 0),
(2, 7, 153, 0, 0),
(2, 26, 154, 0, 0),
(2, 13, 155, 0, 0),
(2, 13, 156, 0, 0),
(2, 13, 157, 0, 0),
(2, 13, 158, 0, 0),
(2, 13, 159, 0, 0),
(2, 13, 160, 0, 0),
(2, 13, 161, 0, 0),
(2, 13, 162, 0, 0),
(2, 13, 163, 0, 0),
(2, 13, 164, 0, 0),
(2, 13, 165, 0, 0),
(2, 13, 166, 0, 0),
(2, 13, 167, 0, 0),
(2, 13, 168, 0, 0),
(2, 13, 169, 0, 0),
(2, 13, 170, 0, 0),
(2, 13, 171, 0, 0),
(2, 13, 172, 0, 0),
(2, 14, 173, 0, 0),
(2, 14, 174, 0, 0),
(2, 14, 175, 0, 0),
(2, 14, 176, 0, 0),
(2, 14, 177, 0, 0),
(2, 14, 178, 0, 0),
(2, 14, 179, 0, 0),
(2, 14, 180, 0, 0),
(2, 14, 181, 0, 0),
(2, 14, 182, 0, 0),
(2, 14, 183, 0, 0),
(2, 14, 184, 0, 0),
(2, 14, 185, 0, 0),
(2, 14, 186, 0, 0),
(2, 14, 187, 0, 0),
(2, 14, 188, 0, 0),
(2, 14, 189, 0, 0),
(2, 14, 190, 0, 0),
(2, 14, 191, 0, 0),
(2, 14, 192, 0, 0),
(2, 14, 193, 0, 0),
(2, 14, 194, 0, 0),
(2, 14, 195, 0, 0),
(2, 14, 196, 0, 0),
(2, 14, 197, 0, 0),
(2, 14, 198, 0, 0),
(2, 14, 199, 0, 0),
(2, 14, 200, 0, 0),
(2, 14, 201, 0, 0),
(2, 14, 202, 0, 0),
(2, 14, 203, 0, 0),
(2, 8, 204, 0, 0),
(2, 8, 205, 0, 0),
(2, 8, 206, 0, 0),
(2, 8, 207, 0, 0),
(2, 8, 208, 0, 0),
(2, 8, 209, 0, 0),
(2, 8, 210, 0, 0),
(2, 8, 211, 0, 0),
(2, 8, 212, 0, 0),
(2, 8, 213, 0, 0),
(2, 8, 214, 0, 0),
(2, 8, 215, 0, 0),
(2, 8, 216, 0, 0),
(2, 8, 217, 0, 0),
(2, 8, 218, 0, 0),
(2, 10, 219, 0, 0),
(2, 10, 220, 0, 0),
(2, 10, 221, 0, 0),
(2, 10, 222, 0, 0),
(2, 10, 223, 0, 0),
(2, 10, 224, 0, 0),
(2, 10, 225, 0, 0),
(2, 10, 226, 0, 0),
(2, 10, 227, 0, 0),
(2, 10, 228, 0, 0),
(2, 10, 229, 0, 0),
(2, 10, 230, 0, 0),
(2, 9, 231, 0, 0),
(2, 9, 232, 0, 0),
(2, 9, 233, 0, 0),
(2, 9, 234, 0, 0),
(2, 9, 235, 0, 0),
(2, 9, 236, 0, 0),
(2, 9, 237, 0, 0),
(2, 9, 238, 0, 0),
(2, 9, 239, 0, 0),
(2, 9, 240, 0, 0),
(2, 9, 241, 0, 0),
(2, 9, 242, 0, 0),
(2, 9, 243, 0, 0),
(2, 9, 244, 0, 0),
(2, 9, 245, 0, 0),
(2, 9, 246, 0, 0),
(2, 9, 247, 0, 0),
(2, 9, 248, 0, 0),
(2, 9, 249, 0, 0),
(2, 9, 250, 0, 0),
(2, 9, 251, 0, 0),
(2, 9, 252, 0, 0),
(2, 9, 253, 0, 0),
(2, 9, 254, 0, 0),
(2, 16, 255, 0, 0),
(2, 16, 256, 0, 0),
(2, 16, 257, 0, 0),
(2, 16, 258, 0, 0),
(2, 16, 259, 0, 0),
(2, 16, 260, 0, 0),
(2, 16, 261, 0, 0),
(2, 16, 262, 0, 0),
(2, 16, 263, 0, 0),
(2, 16, 264, 0, 0),
(2, 16, 265, 0, 0),
(2, 16, 266, 0, 0),
(2, 16, 267, 0, 0),
(2, 16, 268, 0, 0),
(2, 16, 269, 0, 0),
(2, 16, 270, 0, 0),
(2, 16, 271, 0, 0),
(2, 16, 272, 0, 0),
(2, 16, 273, 0, 0),
(2, 16, 274, 0, 0),
(2, 16, 275, 0, 0),
(2, 16, 276, 0, 0),
(2, 16, 277, 0, 0),
(2, 15, 278, 0, 0),
(2, 15, 279, 0, 0),
(2, 15, 280, 0, 0),
(2, 15, 281, 0, 0),
(2, 15, 282, 0, 0),
(2, 15, 283, 0, 0),
(2, 15, 284, 0, 0),
(2, 15, 285, 0, 0),
(2, 15, 286, 0, 0),
(2, 15, 287, 0, 0),
(2, 18, 288, 0, 0),
(2, 18, 289, 0, 0),
(2, 18, 290, 0, 0),
(2, 18, 291, 0, 0),
(2, 18, 292, 0, 0),
(2, 18, 293, 0, 0),
(2, 18, 294, 0, 0),
(2, 18, 295, 0, 0),
(2, 18, 296, 0, 0),
(2, 18, 297, 0, 0),
(2, 18, 298, 0, 0),
(2, 18, 299, 0, 0),
(2, 18, 300, 0, 0),
(2, 18, 301, 0, 0),
(2, 18, 302, 0, 0),
(2, 18, 303, 0, 0),
(2, 18, 304, 0, 0),
(2, 19, 305, 0, 0),
(2, 19, 306, 0, 0),
(2, 19, 307, 0, 0),
(2, 19, 308, 0, 0),
(2, 19, 309, 0, 0),
(2, 19, 310, 0, 0),
(2, 19, 311, 0, 0),
(2, 19, 312, 0, 0),
(2, 20, 313, 0, 0),
(2, 20, 314, 0, 0),
(2, 20, 315, 0, 0),
(2, 20, 316, 0, 0),
(2, 20, 317, 0, 0),
(2, 20, 318, 0, 0),
(2, 20, 319, 0, 0),
(2, 20, 320, 0, 0),
(2, 20, 321, 0, 0),
(2, 20, 322, 0, 0),
(2, 20, 323, 0, 0),
(2, 20, 324, 0, 0),
(2, 20, 325, 0, 0),
(2, 20, 326, 0, 0),
(2, 20, 327, 0, 0),
(2, 20, 328, 0, 0),
(2, 20, 329, 0, 0),
(2, 20, 330, 0, 0),
(2, 20, 331, 0, 0),
(2, 20, 332, 0, 0),
(2, 20, 333, 0, 0),
(2, 20, 334, 0, 0),
(2, 20, 335, 0, 0),
(2, 20, 336, 0, 0),
(2, 20, 337, 0, 0),
(2, 20, 338, 0, 0),
(2, 20, 339, 0, 0),
(2, 20, 340, 0, 0),
(2, 20, 341, 0, 0),
(2, 20, 342, 0, 0),
(2, 20, 343, 0, 0),
(2, 20, 344, 0, 0),
(2, 20, 345, 0, 0),
(2, 20, 346, 0, 0),
(2, 20, 347, 0, 0),
(2, 20, 348, 0, 0),
(2, 20, 349, 0, 0),
(2, 21, 350, 0, 0),
(2, 21, 351, 0, 0),
(2, 21, 352, 0, 0),
(2, 21, 353, 0, 0),
(2, 21, 354, 0, 0),
(2, 21, 355, 0, 0),
(2, 21, 356, 0, 0),
(2, 21, 357, 0, 0),
(2, 21, 358, 0, 0),
(2, 21, 359, 0, 0),
(2, 21, 360, 0, 0),
(2, 21, 361, 0, 0),
(2, 21, 362, 0, 0),
(2, 21, 363, 0, 0),
(2, 21, 364, 0, 0),
(2, 21, 365, 0, 0),
(2, 21, 366, 0, 0),
(2, 21, 367, 0, 0),
(2, 21, 368, 0, 0),
(2, 21, 369, 0, 0),
(2, 21, 370, 0, 0),
(2, 21, 371, 0, 0),
(2, 21, 372, 0, 0),
(2, 21, 373, 0, 0),
(2, 21, 374, 0, 0),
(2, 21, 375, 0, 0),
(2, 21, 376, 0, 0),
(2, 21, 377, 0, 0),
(2, 21, 378, 0, 0),
(2, 21, 379, 0, 0),
(2, 21, 380, 0, 0),
(2, 21, 381, 0, 0),
(2, 21, 382, 0, 0),
(2, 21, 383, 0, 0),
(2, 21, 384, 0, 0),
(2, 21, 385, 0, 0),
(2, 21, 386, 0, 0),
(2, 21, 387, 0, 0),
(2, 22, 388, 0, 0),
(2, 22, 389, 0, 0),
(2, 22, 390, 0, 0),
(2, 22, 391, 0, 0),
(2, 22, 392, 0, 0),
(2, 22, 393, 0, 0),
(2, 22, 394, 0, 0),
(2, 22, 395, 0, 0),
(2, 22, 396, 0, 0),
(2, 22, 397, 0, 0),
(2, 22, 398, 0, 0),
(2, 22, 399, 0, 0),
(2, 22, 400, 0, 0),
(2, 22, 401, 0, 0),
(2, 22, 402, 0, 0),
(2, 22, 403, 0, 0),
(2, 22, 404, 0, 0),
(2, 22, 405, 0, 0),
(2, 22, 406, 0, 0),
(2, 22, 407, 0, 0),
(2, 22, 408, 0, 0),
(2, 22, 409, 0, 0),
(2, 22, 410, 0, 0),
(2, 22, 411, 0, 0),
(2, 22, 412, 0, 0),
(2, 22, 413, 0, 0),
(2, 22, 414, 0, 0),
(2, 22, 415, 0, 0),
(2, 22, 416, 0, 0),
(2, 22, 417, 0, 0),
(2, 22, 418, 0, 0),
(2, 22, 419, 0, 0),
(2, 22, 420, 0, 0),
(2, 22, 421, 0, 0),
(2, 22, 422, 0, 0),
(2, 22, 423, 0, 0),
(2, 22, 424, 0, 0),
(2, 22, 425, 0, 0),
(2, 22, 426, 0, 0),
(2, 22, 427, 0, 0),
(2, 22, 428, 0, 0),
(2, 22, 429, 0, 0),
(2, 22, 430, 0, 0),
(2, 22, 431, 0, 0),
(2, 22, 432, 0, 0),
(2, 22, 433, 0, 0),
(2, 22, 434, 0, 0),
(2, 23, 435, 0, 0),
(2, 23, 436, 0, 0),
(2, 23, 437, 0, 0),
(2, 23, 438, 0, 0),
(2, 23, 439, 0, 0),
(2, 23, 440, 0, 0),
(2, 23, 441, 0, 0),
(2, 23, 442, 0, 0),
(2, 23, 443, 0, 0),
(2, 23, 444, 0, 0),
(2, 23, 445, 0, 0),
(2, 23, 446, 0, 0),
(2, 23, 447, 0, 0),
(2, 23, 448, 0, 0),
(2, 23, 449, 0, 0),
(2, 23, 450, 0, 0),
(2, 23, 451, 0, 0),
(2, 23, 452, 0, 0),
(2, 23, 453, 0, 0),
(2, 23, 454, 0, 0),
(2, 23, 455, 0, 0),
(2, 23, 456, 0, 0),
(2, 23, 457, 0, 0),
(2, 23, 458, 0, 0),
(2, 23, 459, 0, 0),
(2, 23, 460, 0, 0),
(2, 23, 461, 0, 0),
(2, 23, 462, 0, 0),
(2, 23, 463, 0, 0),
(2, 23, 464, 0, 0),
(2, 23, 465, 0, 0),
(2, 23, 466, 0, 0),
(2, 23, 467, 0, 0),
(2, 23, 468, 0, 0),
(2, 23, 469, 0, 0),
(2, 23, 470, 0, 0),
(2, 23, 471, 0, 0),
(2, 23, 472, 0, 0),
(2, 23, 473, 0, 0),
(2, 29, 474, 0, 0),
(2, 29, 478, 0, 0),
(2, 29, 479, 0, 0),
(2, 29, 481, 0, 0),
(2, 29, 488, 0, 0),
(2, 29, 489, 0, 0),
(2, 29, 490, 0, 0),
(2, 29, 491, 0, 0),
(2, 29, 493, 0, 0),
(2, 29, 494, 0, 0),
(2, 29, 495, 0, 0),
(2, 29, 496, 0, 0),
(2, 29, 497, 0, 0),
(2, 29, 502, 0, 0),
(2, 29, 503, 0, 0),
(2, 29, 504, 0, 0),
(2, 29, 505, 0, 0),
(2, 29, 513, 0, 0),
(2, 10, 518, 0, 0),
(2, 10, 519, 0, 0),
(2, 10, 520, 0, 0),
(2, 10, 521, 0, 0),
(2, 10, 522, 0, 0),
(2, 10, 523, 0, 0),
(2, 30, 524, 0, 0),
(2, 30, 525, 0, 0),
(2, 30, 526, 0, 0),
(2, 30, 527, 0, 0),
(2, 30, 528, 0, 0),
(2, 30, 529, 0, 0),
(2, 30, 530, 0, 0),
(2, 30, 531, 0, 0),
(2, 30, 532, 0, 0),
(2, 30, 533, 0, 0),
(2, 30, 534, 0, 0),
(2, 30, 535, 0, 0),
(2, 30, 536, 0, 0),
(2, 30, 537, 0, 0),
(2, 30, 538, 0, 0),
(2, 30, 539, 0, 0),
(2, 30, 540, 0, 0),
(2, 30, 541, 0, 0),
(2, 30, 542, 0, 0),
(2, 31, 543, 0, 0),
(2, 31, 544, 0, 0),
(2, 31, 545, 0, 0),
(2, 31, 546, 0, 0),
(2, 31, 547, 0, 0),
(2, 31, 548, 0, 0),
(2, 31, 549, 0, 0),
(2, 31, 550, 0, 0),
(2, 31, 551, 0, 0),
(2, 31, 552, 0, 0),
(2, 31, 553, 0, 0),
(2, 31, 554, 0, 0),
(2, 31, 555, 0, 0),
(2, 31, 556, 0, 0),
(2, 31, 557, 0, 0),
(2, 31, 558, 0, 0),
(2, 31, 559, 0, 0),
(2, 31, 560, 0, 0),
(2, 31, 561, 0, 0),
(2, 36, 562, 0, 0),
(2, 36, 563, 0, 0),
(2, 36, 564, 0, 0),
(2, 36, 565, 0, 0),
(2, 36, 566, 0, 0),
(2, 36, 567, 0, 0),
(2, 36, 568, 0, 0),
(2, 36, 569, 0, 0),
(2, 36, 570, 0, 0),
(2, 36, 571, 0, 0),
(2, 36, 572, 0, 0),
(2, 36, 573, 0, 0),
(2, 36, 574, 0, 0),
(2, 36, 575, 0, 0),
(2, 36, 576, 0, 0),
(2, 36, 577, 0, 0),
(2, 29, 578, 0, 0),
(2, 38, 579, 0, 0),
(2, 38, 580, 0, 0),
(2, 38, 581, 0, 0),
(2, 38, 582, 0, 0),
(2, 38, 583, 0, 0),
(2, 38, 584, 0, 0),
(2, 38, 585, 0, 0),
(2, 38, 586, 0, 0),
(2, 38, 587, 0, 0),
(2, 38, 588, 0, 0),
(2, 39, 589, 0, 0),
(2, 39, 590, 0, 0),
(2, 39, 591, 0, 0),
(2, 39, 592, 0, 0),
(2, 39, 593, 0, 0),
(2, 39, 594, 0, 0),
(2, 39, 595, 0, 0),
(2, 39, 596, 0, 0),
(2, 39, 597, 0, 0),
(2, 39, 598, 0, 0),
(2, 39, 599, 0, 0),
(2, 39, 600, 0, 0),
(2, 39, 601, 0, 0),
(2, 39, 602, 0, 0),
(2, 39, 603, 0, 0),
(2, 40, 604, 0, 0),
(2, 40, 605, 0, 0),
(2, 40, 606, 0, 0),
(2, 40, 607, 0, 0),
(2, 40, 608, 0, 0),
(2, 40, 609, 0, 0),
(2, 40, 610, 0, 0),
(2, 40, 611, 0, 0),
(2, 40, 612, 0, 0),
(2, 40, 613, 0, 0),
(2, 40, 614, 0, 0),
(2, 40, 615, 0, 0),
(2, 40, 616, 0, 0),
(2, 40, 617, 0, 0),
(2, 40, 618, 0, 0),
(2, 40, 619, 0, 0),
(2, 40, 620, 0, 0),
(2, 42, 621, 0, 0),
(2, 42, 622, 0, 0),
(2, 42, 623, 0, 0),
(2, 42, 624, 0, 0),
(2, 42, 625, 0, 0),
(2, 42, 626, 0, 0),
(2, 42, 627, 0, 0),
(2, 42, 628, 0, 0),
(2, 42, 629, 0, 0),
(2, 42, 630, 0, 0),
(2, 42, 631, 0, 0),
(2, 42, 632, 0, 0),
(2, 42, 633, 0, 0),
(2, 42, 634, 0, 0),
(2, 42, 635, 0, 0),
(2, 42, 636, 0, 0),
(2, 42, 637, 0, 0),
(2, 42, 638, 0, 0),
(2, 45, 639, 0, 0),
(2, 45, 640, 0, 0),
(2, 45, 641, 0, 0),
(2, 45, 642, 0, 0),
(2, 45, 643, 0, 0),
(2, 45, 644, 0, 0),
(2, 45, 645, 0, 0),
(2, 48, 646, 0, 0),
(2, 48, 647, 0, 0),
(2, 48, 648, 0, 0),
(2, 48, 649, 0, 0),
(2, 48, 650, 0, 0),
(2, 2, 651, 0, 0),
(2, 29, 652, 0, 0),
(2, 23, 653, 0, 0),
(2, 23, 654, 0, 0),
(2, 23, 655, 0, 0),
(2, 23, 656, 0, 0),
(2, 23, 657, 0, 0),
(2, 23, 658, 0, 0),
(2, 23, 659, 0, 0),
(2, 23, 660, 0, 0),
(2, 23, 661, 0, 0),
(2, 22, 662, 0, 0),
(2, 22, 663, 0, 0),
(2, 22, 664, 0, 0),
(2, 22, 665, 0, 0),
(2, 22, 666, 0, 0),
(2, 22, 667, 0, 0),
(2, 22, 668, 0, 0),
(2, 22, 669, 0, 0),
(2, 22, 670, 0, 0),
(2, 21, 671, 0, 0),
(2, 21, 672, 0, 0),
(2, 21, 673, 0, 0),
(2, 21, 674, 0, 0),
(2, 21, 675, 0, 0),
(2, 21, 676, 0, 0),
(2, 21, 677, 0, 0),
(2, 21, 678, 0, 0),
(2, 21, 679, 0, 0),
(2, 20, 680, 0, 0),
(2, 20, 681, 0, 0),
(2, 20, 682, 0, 0),
(2, 20, 683, 0, 0),
(2, 20, 684, 0, 0),
(2, 20, 685, 0, 0),
(2, 20, 686, 0, 0),
(2, 20, 687, 0, 0),
(2, 20, 688, 0, 0),
(2, 29, 689, 0, 0),
(2, 39, 690, 0, 0),
(2, 45, 691, 0, 0),
(2, 29, 692, 0, 0),
(2, 29, 693, 0, 0),
(2, 29, 694, 0, 0),
(2, 23, 695, 0, 0),
(2, 22, 696, 0, 0),
(2, 21, 697, 0, 0),
(2, 20, 698, 0, 0),
(2, 29, 699, 0, 0),
(2, 6, 700, 0, 0),
(2, 4, 701, 0, 0),
(2, 2, 702, 0, 0),
(2, 29, 703, 0, 0),
(2, 23, 704, 0, 0),
(2, 23, 705, 0, 0),
(2, 21, 706, 0, 0),
(2, 21, 707, 0, 0),
(2, 18, 708, 0, 0),
(2, 7, 709, 0, 0),
(2, 45, 710, 0, 0),
(2, 45, 711, 0, 0),
(2, 23, 712, 0, 0),
(2, 20, 713, 0, 0),
(2, 21, 714, 0, 0),
(2, 22, 715, 0, 0),
(2, 29, 716, 0, 0),
(2, 2, 717, 0, 0),
(2, 13, 718, 0, 0),
(2, 29, 719, 0, 0),
(2, 13, 720, 0, 0),
(2, 29, 721, 0, 0),
(2, 29, 722, 0, 0),
(2, 29, 723, 0, 0),
(2, 9, 729, 0, 0),
(2, 29, 750, 0, 0),
(3, 6, 1, 0, 0),
(3, 6, 2, 0, 0),
(3, 6, 3, 0, 0),
(3, 6, 4, 0, 0),
(3, 6, 5, 0, 0),
(3, 6, 6, 0, 0),
(3, 6, 7, 0, 0),
(3, 6, 8, 0, 0),
(3, 6, 9, 0, 0),
(3, 6, 10, 0, 0),
(3, 6, 11, 0, 0),
(3, 6, 12, 0, 0),
(3, 6, 13, 0, 0),
(3, 6, 14, 0, 0),
(3, 6, 15, 0, 0),
(3, 6, 16, 0, 0),
(3, 6, 17, 0, 0),
(3, 6, 18, 0, 0),
(3, 6, 19, 0, 0),
(3, 6, 20, 0, 0),
(3, 6, 21, 0, 0),
(3, 6, 22, 0, 0),
(3, 6, 23, 0, 0),
(3, 6, 24, 0, 0),
(3, 6, 25, 0, 0),
(3, 6, 26, 0, 0),
(3, 6, 27, 0, 0),
(3, 6, 28, 0, 0),
(3, 6, 29, 0, 0),
(3, 6, 30, 0, 0),
(3, 6, 31, 0, 0),
(3, 6, 32, 0, 0),
(3, 6, 33, 0, 0),
(3, 6, 34, 0, 0),
(3, 6, 35, 0, 0),
(3, 6, 36, 0, 0),
(3, 7, 37, 0, 0),
(3, 7, 38, 0, 0),
(3, 7, 39, 0, 0),
(3, 7, 40, 0, 0),
(3, 7, 41, 0, 0),
(3, 7, 42, 0, 0),
(3, 7, 43, 0, 0),
(3, 7, 44, 0, 0),
(3, 7, 45, 0, 0),
(3, 7, 46, 0, 0),
(3, 7, 47, 0, 0),
(3, 7, 48, 0, 0),
(3, 7, 49, 0, 0),
(3, 7, 50, 0, 0),
(3, 7, 51, 0, 0),
(3, 7, 52, 0, 0),
(3, 7, 53, 0, 0),
(3, 7, 54, 0, 0),
(3, 7, 55, 0, 0),
(3, 7, 56, 0, 0),
(3, 7, 57, 0, 0),
(3, 7, 58, 0, 0),
(3, 7, 59, 0, 0),
(3, 7, 60, 0, 0),
(3, 7, 61, 0, 0),
(3, 7, 62, 0, 0),
(3, 7, 63, 0, 0),
(3, 7, 64, 0, 0),
(3, 7, 65, 0, 0),
(3, 4, 66, 0, 0),
(3, 4, 67, 0, 0),
(3, 4, 68, 0, 0),
(3, 4, 69, 0, 0),
(3, 4, 70, 0, 0),
(3, 4, 71, 0, 0),
(3, 4, 72, 0, 0),
(3, 4, 73, 0, 0),
(3, 4, 74, 0, 0),
(3, 4, 75, 0, 0),
(3, 4, 76, 0, 0),
(3, 4, 77, 0, 0),
(3, 4, 78, 0, 0),
(3, 4, 79, 0, 0),
(3, 4, 80, 0, 0),
(3, 4, 81, 0, 0),
(3, 4, 82, 0, 0),
(3, 4, 83, 0, 0),
(3, 4, 84, 0, 0),
(3, 4, 85, 0, 0),
(3, 4, 86, 0, 0),
(3, 4, 87, 0, 0),
(3, 4, 88, 0, 0),
(3, 4, 89, 0, 0),
(3, 4, 90, 0, 0),
(3, 4, 91, 0, 0),
(3, 4, 92, 0, 0),
(3, 4, 93, 0, 0),
(3, 4, 94, 0, 0),
(3, 4, 95, 0, 0),
(3, 4, 96, 0, 0),
(3, 4, 97, 0, 0),
(3, 4, 98, 0, 0),
(3, 4, 99, 0, 0),
(3, 4, 100, 0, 0),
(3, 4, 101, 0, 0),
(3, 4, 102, 0, 0),
(3, 4, 103, 0, 0),
(3, 4, 104, 0, 0),
(3, 4, 105, 0, 0),
(3, 4, 106, 0, 0),
(3, 4, 107, 0, 0),
(3, 4, 108, 0, 0),
(3, 4, 109, 0, 0),
(3, 2, 110, 0, 0),
(3, 2, 111, 0, 0),
(3, 2, 112, 0, 0),
(3, 2, 113, 0, 0),
(3, 2, 114, 0, 0),
(3, 2, 115, 0, 0),
(3, 2, 116, 0, 0),
(3, 2, 117, 0, 0),
(3, 2, 118, 0, 0),
(3, 2, 119, 0, 0),
(3, 2, 120, 0, 0),
(3, 2, 121, 0, 0),
(3, 2, 122, 0, 0),
(3, 2, 123, 0, 0),
(3, 2, 124, 0, 0),
(3, 2, 125, 0, 0),
(3, 26, 126, 0, 0),
(3, 26, 127, 0, 0),
(3, 26, 128, 0, 0),
(3, 26, 129, 0, 0),
(3, 26, 130, 0, 0),
(3, 26, 131, 0, 0),
(3, 26, 132, 0, 0),
(3, 26, 133, 0, 0),
(3, 26, 134, 0, 0),
(3, 26, 135, 0, 0),
(3, 26, 136, 0, 0),
(3, 26, 137, 0, 0),
(3, 26, 138, 0, 0),
(3, 26, 139, 0, 0),
(3, 26, 140, 0, 0),
(3, 26, 141, 0, 0),
(3, 26, 142, 0, 0),
(3, 26, 143, 0, 0),
(3, 26, 144, 0, 0),
(3, 26, 145, 0, 0),
(3, 26, 146, 0, 0),
(3, 26, 147, 0, 0),
(3, 26, 148, 0, 0),
(3, 26, 149, 0, 0),
(3, 26, 150, 0, 0),
(3, 4, 151, 0, 0),
(3, 6, 152, 0, 0),
(3, 7, 153, 0, 0),
(3, 26, 154, 0, 0),
(3, 13, 155, 0, 0),
(3, 13, 156, 0, 0),
(3, 13, 157, 0, 0),
(3, 13, 158, 0, 0),
(3, 13, 159, 0, 0),
(3, 13, 160, 0, 0),
(3, 13, 161, 0, 0),
(3, 13, 162, 0, 0),
(3, 13, 163, 0, 0),
(3, 13, 164, 0, 0),
(3, 13, 165, 0, 0),
(3, 13, 166, 0, 0),
(3, 13, 167, 0, 0),
(3, 13, 168, 0, 0),
(3, 13, 169, 0, 0),
(3, 13, 170, 0, 0),
(3, 13, 171, 0, 0),
(3, 13, 172, 0, 0),
(3, 14, 173, 0, 0),
(3, 14, 174, 0, 0),
(3, 14, 175, 0, 0),
(3, 14, 176, 0, 0),
(3, 14, 177, 0, 0),
(3, 14, 178, 0, 0),
(3, 14, 179, 0, 0),
(3, 14, 180, 0, 0),
(3, 14, 181, 0, 0),
(3, 14, 182, 0, 0),
(3, 14, 183, 0, 0),
(3, 14, 184, 0, 0),
(3, 14, 185, 0, 0),
(3, 14, 186, 0, 0),
(3, 14, 187, 0, 0),
(3, 14, 188, 0, 0),
(3, 14, 189, 0, 0),
(3, 14, 190, 0, 0),
(3, 14, 191, 0, 0),
(3, 14, 192, 0, 0),
(3, 14, 193, 0, 0),
(3, 14, 194, 0, 0),
(3, 14, 195, 0, 0),
(3, 14, 196, 0, 0),
(3, 14, 197, 0, 0),
(3, 14, 198, 0, 0),
(3, 14, 199, 0, 0),
(3, 14, 200, 0, 0),
(3, 14, 201, 0, 0),
(3, 14, 202, 0, 0),
(3, 14, 203, 0, 0),
(3, 8, 204, 0, 0),
(3, 8, 205, 0, 0),
(3, 8, 206, 0, 0),
(3, 8, 207, 0, 0),
(3, 8, 208, 0, 0),
(3, 8, 209, 0, 0),
(3, 8, 210, 0, 0),
(3, 8, 211, 0, 0),
(3, 8, 212, 0, 0),
(3, 8, 213, 0, 0),
(3, 8, 214, 0, 0),
(3, 8, 215, 0, 0),
(3, 8, 216, 0, 0),
(3, 8, 217, 0, 0),
(3, 8, 218, 0, 0),
(3, 10, 219, 0, 0),
(3, 10, 220, 0, 0),
(3, 10, 221, 0, 0),
(3, 10, 222, 0, 0),
(3, 10, 223, 0, 0),
(3, 10, 224, 0, 0),
(3, 10, 225, 0, 0),
(3, 10, 226, 0, 0),
(3, 10, 227, 0, 0),
(3, 10, 228, 0, 0),
(3, 10, 229, 0, 0),
(3, 10, 230, 0, 0),
(3, 9, 231, 0, 0),
(3, 9, 232, 0, 0),
(3, 9, 233, 0, 0),
(3, 9, 234, 0, 0),
(3, 9, 235, 0, 0),
(3, 9, 236, 0, 0),
(3, 9, 237, 0, 0),
(3, 9, 238, 0, 0),
(3, 9, 239, 0, 0),
(3, 9, 240, 0, 0),
(3, 9, 241, 0, 0),
(3, 9, 242, 0, 0),
(3, 9, 243, 0, 0),
(3, 9, 244, 0, 0),
(3, 9, 245, 0, 0),
(3, 9, 246, 0, 0),
(3, 9, 247, 0, 0),
(3, 9, 248, 0, 0),
(3, 9, 249, 0, 0),
(3, 9, 250, 0, 0),
(3, 9, 251, 0, 0),
(3, 9, 252, 0, 0),
(3, 9, 253, 0, 0),
(3, 9, 254, 0, 0),
(3, 16, 255, 0, 0),
(3, 16, 256, 0, 0),
(3, 16, 257, 0, 0),
(3, 16, 258, 0, 0),
(3, 16, 259, 0, 0),
(3, 16, 260, 0, 0),
(3, 16, 261, 0, 0),
(3, 16, 262, 0, 0),
(3, 16, 263, 0, 0),
(3, 16, 264, 0, 0),
(3, 16, 265, 0, 0),
(3, 16, 266, 0, 0),
(3, 16, 267, 0, 0),
(3, 16, 268, 0, 0),
(3, 16, 269, 0, 0),
(3, 16, 270, 0, 0),
(3, 16, 271, 0, 0),
(3, 16, 272, 0, 0),
(3, 16, 273, 0, 0),
(3, 16, 274, 0, 0),
(3, 16, 275, 0, 0),
(3, 16, 276, 0, 0),
(3, 16, 277, 0, 0),
(3, 15, 278, 0, 0),
(3, 15, 279, 0, 0),
(3, 15, 280, 0, 0),
(3, 15, 281, 0, 0),
(3, 15, 282, 0, 0),
(3, 15, 283, 0, 0),
(3, 15, 284, 0, 0),
(3, 15, 285, 0, 0),
(3, 15, 286, 0, 0),
(3, 15, 287, 0, 0),
(3, 18, 288, 0, 0),
(3, 18, 289, 0, 0),
(3, 18, 290, 0, 0),
(3, 18, 291, 0, 0),
(3, 18, 292, 0, 0),
(3, 18, 293, 0, 0),
(3, 18, 294, 0, 0),
(3, 18, 295, 0, 0),
(3, 18, 296, 0, 0),
(3, 18, 297, 0, 0),
(3, 18, 298, 0, 0),
(3, 18, 299, 0, 0),
(3, 18, 300, 0, 0),
(3, 18, 301, 0, 0),
(3, 18, 302, 0, 0),
(3, 18, 303, 0, 0),
(3, 18, 304, 0, 0),
(3, 19, 305, 0, 0),
(3, 19, 306, 0, 0),
(3, 19, 307, 0, 0),
(3, 19, 308, 0, 0),
(3, 19, 309, 0, 0),
(3, 19, 310, 0, 0),
(3, 19, 311, 0, 0),
(3, 19, 312, 0, 0),
(3, 20, 313, 0, 0),
(3, 20, 314, 0, 0),
(3, 20, 315, 0, 0),
(3, 20, 316, 0, 0),
(3, 20, 317, 0, 0),
(3, 20, 318, 0, 0),
(3, 20, 319, 0, 0),
(3, 20, 320, 0, 0),
(3, 20, 321, 0, 0),
(3, 20, 322, 0, 0),
(3, 20, 323, 0, 0),
(3, 20, 324, 0, 0),
(3, 20, 325, 0, 0),
(3, 20, 326, 0, 0),
(3, 20, 327, 0, 0),
(3, 20, 328, 0, 0),
(3, 20, 329, 0, 0),
(3, 20, 330, 0, 0),
(3, 20, 331, 0, 0),
(3, 20, 332, 0, 0),
(3, 20, 333, 0, 0),
(3, 20, 334, 0, 0),
(3, 20, 335, 0, 0),
(3, 20, 336, 0, 0),
(3, 20, 337, 0, 0),
(3, 20, 338, 0, 0),
(3, 20, 339, 0, 0),
(3, 20, 340, 0, 0),
(3, 20, 341, 0, 0),
(3, 20, 342, 0, 0),
(3, 20, 343, 0, 0),
(3, 20, 344, 0, 0),
(3, 20, 345, 0, 0),
(3, 20, 346, 0, 0),
(3, 20, 347, 0, 0),
(3, 20, 348, 0, 0),
(3, 20, 349, 0, 0),
(3, 21, 350, 0, 0),
(3, 21, 351, 0, 0),
(3, 21, 352, 0, 0),
(3, 21, 353, 0, 0),
(3, 21, 354, 0, 0),
(3, 21, 355, 0, 0),
(3, 21, 356, 0, 0),
(3, 21, 357, 0, 0),
(3, 21, 358, 0, 0),
(3, 21, 359, 0, 0),
(3, 21, 360, 0, 0),
(3, 21, 361, 0, 0),
(3, 21, 362, 0, 0),
(3, 21, 363, 0, 0),
(3, 21, 364, 0, 0),
(3, 21, 365, 0, 0),
(3, 21, 366, 0, 0),
(3, 21, 367, 0, 0),
(3, 21, 368, 0, 0),
(3, 21, 369, 0, 0),
(3, 21, 370, 0, 0),
(3, 21, 371, 0, 0),
(3, 21, 372, 0, 0),
(3, 21, 373, 0, 0),
(3, 21, 374, 0, 0),
(3, 21, 375, 0, 0),
(3, 21, 376, 0, 0),
(3, 21, 377, 0, 0),
(3, 21, 378, 0, 0),
(3, 21, 379, 0, 0),
(3, 21, 380, 0, 0),
(3, 21, 381, 0, 0),
(3, 21, 382, 0, 0),
(3, 21, 383, 0, 0),
(3, 21, 384, 0, 0),
(3, 21, 385, 0, 0),
(3, 21, 386, 0, 0),
(3, 21, 387, 0, 0),
(3, 22, 388, 0, 0),
(3, 22, 389, 0, 0),
(3, 22, 390, 0, 0),
(3, 22, 391, 0, 0),
(3, 22, 392, 0, 0),
(3, 22, 393, 0, 0),
(3, 22, 394, 0, 0),
(3, 22, 395, 0, 0),
(3, 22, 396, 0, 0),
(3, 22, 397, 0, 0),
(3, 22, 398, 0, 0),
(3, 22, 399, 0, 0),
(3, 22, 400, 0, 0),
(3, 22, 401, 0, 0),
(3, 22, 402, 0, 0),
(3, 22, 403, 0, 0),
(3, 22, 404, 0, 0),
(3, 22, 405, 0, 0),
(3, 22, 406, 0, 0),
(3, 22, 407, 0, 0),
(3, 22, 408, 0, 0),
(3, 22, 409, 0, 0),
(3, 22, 410, 0, 0),
(3, 22, 411, 0, 0),
(3, 22, 412, 0, 0),
(3, 22, 413, 0, 0),
(3, 22, 414, 0, 0),
(3, 22, 415, 0, 0),
(3, 22, 416, 0, 0),
(3, 22, 417, 0, 0),
(3, 22, 418, 0, 0),
(3, 22, 419, 0, 0),
(3, 22, 420, 0, 0),
(3, 22, 421, 0, 0),
(3, 22, 422, 0, 0),
(3, 22, 423, 0, 0),
(3, 22, 424, 0, 0),
(3, 22, 425, 0, 0),
(3, 22, 426, 0, 0),
(3, 22, 427, 0, 0),
(3, 22, 428, 0, 0),
(3, 22, 429, 0, 0),
(3, 22, 430, 0, 0),
(3, 22, 431, 0, 0),
(3, 22, 432, 0, 0),
(3, 22, 433, 0, 0),
(3, 22, 434, 0, 0),
(3, 23, 435, 0, 0),
(3, 23, 436, 0, 0),
(3, 23, 437, 0, 0),
(3, 23, 438, 0, 0),
(3, 23, 439, 0, 0),
(3, 23, 440, 0, 0),
(3, 23, 441, 0, 0),
(3, 23, 442, 0, 0),
(3, 23, 443, 0, 0),
(3, 23, 444, 0, 0),
(3, 23, 445, 0, 0),
(3, 23, 446, 0, 0),
(3, 23, 447, 0, 0),
(3, 23, 448, 0, 0),
(3, 23, 449, 0, 0),
(3, 23, 450, 0, 0),
(3, 23, 451, 0, 0),
(3, 23, 452, 0, 0),
(3, 23, 453, 0, 0),
(3, 23, 454, 0, 0),
(3, 23, 455, 0, 0),
(3, 23, 456, 0, 0),
(3, 23, 457, 0, 0),
(3, 23, 458, 0, 0),
(3, 23, 459, 0, 0),
(3, 23, 460, 0, 0),
(3, 23, 461, 0, 0),
(3, 23, 462, 0, 0),
(3, 23, 463, 0, 0),
(3, 23, 464, 0, 0),
(3, 23, 465, 0, 0),
(3, 23, 466, 0, 0),
(3, 23, 467, 0, 0),
(3, 23, 468, 0, 0),
(3, 23, 469, 0, 0),
(3, 23, 470, 0, 0),
(3, 23, 471, 0, 0),
(3, 23, 472, 0, 0),
(3, 23, 473, 0, 0),
(3, 29, 474, 0, 0),
(3, 29, 478, 0, 0),
(3, 29, 479, 0, 0),
(3, 29, 481, 0, 0),
(3, 29, 488, 0, 0),
(3, 29, 489, 0, 0),
(3, 29, 490, 0, 0),
(3, 29, 491, 0, 0),
(3, 29, 493, 0, 0),
(3, 29, 494, 0, 0),
(3, 29, 495, 0, 0),
(3, 29, 496, 0, 0),
(3, 29, 497, 0, 0),
(3, 29, 502, 0, 0),
(3, 29, 503, 0, 0),
(3, 29, 504, 0, 0),
(3, 29, 505, 0, 0),
(3, 29, 513, 0, 0),
(3, 10, 518, 0, 0),
(3, 10, 519, 0, 0),
(3, 10, 520, 0, 0),
(3, 10, 521, 0, 0),
(3, 10, 522, 0, 0),
(3, 10, 523, 0, 0),
(3, 30, 524, 0, 0),
(3, 30, 525, 0, 0),
(3, 30, 526, 0, 0),
(3, 30, 527, 0, 0),
(3, 30, 528, 0, 0),
(3, 30, 529, 0, 0),
(3, 30, 530, 0, 0),
(3, 30, 531, 0, 0),
(3, 30, 532, 0, 0),
(3, 30, 533, 0, 0),
(3, 30, 534, 0, 0),
(3, 30, 535, 0, 0),
(3, 30, 536, 0, 0),
(3, 30, 537, 0, 0),
(3, 30, 538, 0, 0),
(3, 30, 539, 0, 0),
(3, 30, 540, 0, 0),
(3, 30, 541, 0, 0),
(3, 30, 542, 0, 0),
(3, 31, 543, 0, 0),
(3, 31, 544, 0, 0),
(3, 31, 545, 0, 0),
(3, 31, 546, 0, 0),
(3, 31, 547, 0, 0),
(3, 31, 548, 0, 0),
(3, 31, 549, 0, 0),
(3, 31, 550, 0, 0),
(3, 31, 551, 0, 0),
(3, 31, 552, 0, 0),
(3, 31, 553, 0, 0),
(3, 31, 554, 0, 0),
(3, 31, 555, 0, 0),
(3, 31, 556, 0, 0),
(3, 31, 557, 0, 0),
(3, 31, 558, 0, 0),
(3, 31, 559, 0, 0),
(3, 31, 560, 0, 0),
(3, 31, 561, 0, 0),
(3, 36, 562, 0, 0),
(3, 36, 563, 0, 0),
(3, 36, 564, 0, 0),
(3, 36, 565, 0, 0),
(3, 36, 566, 0, 0),
(3, 36, 567, 0, 0),
(3, 36, 568, 0, 0),
(3, 36, 569, 0, 0),
(3, 36, 570, 0, 0),
(3, 36, 571, 0, 0),
(3, 36, 572, 0, 0),
(3, 36, 573, 0, 0),
(3, 36, 574, 0, 0),
(3, 36, 575, 0, 0),
(3, 36, 576, 0, 0),
(3, 36, 577, 0, 0),
(3, 29, 578, 0, 0),
(3, 38, 579, 0, 0),
(3, 38, 580, 0, 0),
(3, 38, 581, 0, 0),
(3, 38, 582, 0, 0),
(3, 38, 583, 0, 0),
(3, 38, 584, 0, 0),
(3, 38, 585, 0, 0),
(3, 38, 586, 0, 0),
(3, 38, 587, 0, 0),
(3, 38, 588, 0, 0),
(3, 39, 589, 0, 0),
(3, 39, 590, 0, 0),
(3, 39, 591, 0, 0),
(3, 39, 592, 0, 0),
(3, 39, 593, 0, 0),
(3, 39, 594, 0, 0),
(3, 39, 595, 0, 0),
(3, 39, 596, 0, 0),
(3, 39, 597, 0, 0),
(3, 39, 598, 0, 0),
(3, 39, 599, 0, 0),
(3, 39, 600, 0, 0),
(3, 39, 601, 0, 0),
(3, 39, 602, 0, 0),
(3, 39, 603, 0, 0),
(3, 40, 604, 0, 0),
(3, 40, 605, 0, 0),
(3, 40, 606, 0, 0),
(3, 40, 607, 0, 0),
(3, 40, 608, 0, 0),
(3, 40, 609, 0, 0),
(3, 40, 610, 0, 0),
(3, 40, 611, 0, 0),
(3, 40, 612, 0, 0),
(3, 40, 613, 0, 0),
(3, 40, 614, 0, 0),
(3, 40, 615, 0, 0),
(3, 40, 616, 0, 0),
(3, 40, 617, 0, 0),
(3, 40, 618, 0, 0),
(3, 40, 619, 0, 0),
(3, 40, 620, 0, 0),
(3, 42, 621, 0, 0),
(3, 42, 622, 0, 0),
(3, 42, 623, 0, 0),
(3, 42, 624, 0, 0),
(3, 42, 625, 0, 0),
(3, 42, 626, 0, 0),
(3, 42, 627, 0, 0),
(3, 42, 628, 0, 0),
(3, 42, 629, 0, 0),
(3, 42, 630, 0, 0),
(3, 42, 631, 0, 0),
(3, 42, 632, 0, 0),
(3, 42, 633, 0, 0),
(3, 42, 634, 0, 0),
(3, 42, 635, 0, 0),
(3, 42, 636, 0, 0),
(3, 42, 637, 0, 0),
(3, 42, 638, 0, 0),
(3, 45, 639, 0, 0),
(3, 45, 640, 0, 0),
(3, 45, 641, 0, 0),
(3, 45, 642, 0, 0),
(3, 45, 643, 0, 0),
(3, 45, 644, 0, 0),
(3, 45, 645, 0, 0),
(3, 48, 646, 0, 0),
(3, 48, 647, 0, 0),
(3, 48, 648, 0, 0),
(3, 48, 649, 0, 0),
(3, 48, 650, 0, 0),
(3, 2, 651, 0, 0),
(3, 29, 652, 0, 0),
(3, 23, 653, 0, 0),
(3, 23, 654, 0, 0),
(3, 23, 655, 0, 0),
(3, 23, 656, 0, 0),
(3, 23, 657, 0, 0),
(3, 23, 658, 0, 0),
(3, 23, 659, 0, 0),
(3, 23, 660, 0, 0),
(3, 23, 661, 0, 0),
(3, 22, 662, 0, 0),
(3, 22, 663, 0, 0),
(3, 22, 664, 0, 0),
(3, 22, 665, 0, 0),
(3, 22, 666, 0, 0),
(3, 22, 667, 0, 0),
(3, 22, 668, 0, 0),
(3, 22, 669, 0, 0),
(3, 22, 670, 0, 0),
(3, 21, 671, 0, 0),
(3, 21, 672, 0, 0),
(3, 21, 673, 0, 0),
(3, 21, 674, 0, 0),
(3, 21, 675, 0, 0),
(3, 21, 676, 0, 0),
(3, 21, 677, 0, 0),
(3, 21, 678, 0, 0),
(3, 21, 679, 0, 0),
(3, 20, 680, 0, 0),
(3, 20, 681, 0, 0),
(3, 20, 682, 0, 0),
(3, 20, 683, 0, 0),
(3, 20, 684, 0, 0),
(3, 20, 685, 0, 0),
(3, 20, 686, 0, 0),
(3, 20, 687, 0, 0),
(3, 20, 688, 0, 0),
(3, 29, 689, 0, 0),
(3, 39, 690, 0, 0),
(3, 45, 691, 0, 0),
(3, 29, 692, 0, 0),
(3, 29, 693, 0, 0),
(3, 29, 694, 0, 0),
(3, 23, 695, 0, 0),
(3, 22, 696, 0, 0),
(3, 21, 697, 0, 0),
(3, 20, 698, 0, 0),
(3, 29, 699, 0, 0),
(3, 6, 700, 0, 0),
(3, 4, 701, 0, 0),
(3, 2, 702, 0, 0),
(3, 29, 703, 0, 0),
(3, 23, 704, 0, 0),
(3, 23, 705, 0, 0),
(3, 21, 706, 0, 0),
(3, 21, 707, 0, 0),
(3, 18, 708, 0, 0),
(3, 7, 709, 0, 0),
(3, 45, 710, 0, 0),
(3, 45, 711, 0, 0),
(3, 23, 712, 0, 0),
(3, 20, 713, 0, 0),
(3, 21, 714, 0, 0),
(3, 22, 715, 0, 0),
(3, 29, 716, 0, 0),
(3, 2, 717, 0, 0),
(3, 13, 718, 0, 0),
(3, 29, 719, 0, 0),
(3, 13, 720, 0, 0),
(3, 29, 721, 0, 0),
(3, 29, 722, 0, 0),
(3, 29, 723, 0, 0),
(3, 9, 729, 0, 0),
(3, 29, 750, 0, 0),
(4, 6, 1, 0, 0),
(4, 6, 2, 0, 0),
(4, 6, 3, 0, 0),
(4, 6, 4, 0, 0),
(4, 6, 5, 0, 0),
(4, 6, 6, 0, 0),
(4, 6, 7, 0, 0),
(4, 6, 8, 0, 0),
(4, 6, 9, 0, 0),
(4, 6, 10, 0, 0),
(4, 6, 11, 0, 0),
(4, 6, 12, 0, 0),
(4, 6, 13, 0, 0),
(4, 6, 14, 0, 0),
(4, 6, 15, 0, 0),
(4, 6, 16, 0, 0),
(4, 6, 17, 0, 0),
(4, 6, 18, 0, 0),
(4, 6, 19, 0, 0),
(4, 6, 20, 0, 0),
(4, 6, 21, 0, 0),
(4, 6, 22, 0, 0),
(4, 6, 23, 0, 0),
(4, 6, 24, 0, 0),
(4, 6, 25, 0, 0),
(4, 6, 26, 0, 0),
(4, 6, 27, 0, 0),
(4, 6, 28, 0, 0),
(4, 6, 29, 0, 0),
(4, 6, 30, 0, 0),
(4, 6, 31, 0, 0),
(4, 6, 32, 0, 0),
(4, 6, 33, 0, 0),
(4, 6, 34, 0, 0),
(4, 6, 35, 0, 0),
(4, 6, 36, 0, 0),
(4, 7, 37, 0, 0),
(4, 7, 38, 0, 0),
(4, 7, 39, 0, 0),
(4, 7, 40, 0, 0),
(4, 7, 41, 0, 0),
(4, 7, 42, 0, 0),
(4, 7, 43, 0, 0),
(4, 7, 44, 0, 0),
(4, 7, 45, 0, 0),
(4, 7, 46, 0, 0),
(4, 7, 47, 0, 0),
(4, 7, 48, 0, 0),
(4, 7, 49, 0, 0),
(4, 7, 50, 0, 0),
(4, 7, 51, 0, 0),
(4, 7, 52, 0, 0),
(4, 7, 53, 0, 0),
(4, 7, 54, 0, 0),
(4, 7, 55, 0, 0),
(4, 7, 56, 0, 0),
(4, 7, 57, 0, 0),
(4, 7, 58, 0, 0),
(4, 7, 59, 0, 0),
(4, 7, 60, 0, 0),
(4, 7, 61, 0, 0),
(4, 7, 62, 0, 0),
(4, 7, 63, 0, 0),
(4, 7, 64, 0, 0),
(4, 7, 65, 0, 0),
(4, 4, 66, 0, 0),
(4, 4, 67, 0, 0),
(4, 4, 68, 0, 0),
(4, 4, 69, 0, 0),
(4, 4, 70, 0, 0),
(4, 4, 71, 0, 0),
(4, 4, 72, 0, 0),
(4, 4, 73, 0, 0),
(4, 4, 74, 0, 0),
(4, 4, 75, 0, 0),
(4, 4, 76, 0, 0),
(4, 4, 77, 0, 0),
(4, 4, 78, 0, 0),
(4, 4, 79, 0, 0),
(4, 4, 80, 0, 0),
(4, 4, 81, 0, 0),
(4, 4, 82, 0, 0),
(4, 4, 83, 0, 0),
(4, 4, 84, 0, 0),
(4, 4, 85, 0, 0),
(4, 4, 86, 0, 0),
(4, 4, 87, 0, 0),
(4, 4, 88, 0, 0),
(4, 4, 89, 0, 0),
(4, 4, 90, 0, 0),
(4, 4, 91, 0, 0),
(4, 4, 92, 0, 0),
(4, 4, 93, 0, 0),
(4, 4, 94, 0, 0),
(4, 4, 95, 0, 0),
(4, 4, 96, 0, 0),
(4, 4, 97, 0, 0),
(4, 4, 98, 0, 0),
(4, 4, 99, 0, 0),
(4, 4, 100, 0, 0),
(4, 4, 101, 0, 0),
(4, 4, 102, 0, 0),
(4, 4, 103, 0, 0),
(4, 4, 104, 0, 0),
(4, 4, 105, 0, 0),
(4, 4, 106, 0, 0),
(4, 4, 107, 0, 0),
(4, 4, 108, 0, 0),
(4, 4, 109, 0, 0),
(4, 2, 110, 0, 0),
(4, 2, 111, 0, 0),
(4, 2, 112, 0, 0),
(4, 2, 113, 0, 0),
(4, 2, 114, 0, 0),
(4, 2, 115, 0, 0),
(4, 2, 116, 0, 0),
(4, 2, 117, 0, 0),
(4, 2, 118, 0, 0),
(4, 2, 119, 0, 0),
(4, 2, 120, 0, 0),
(4, 2, 121, 0, 0),
(4, 2, 122, 0, 0),
(4, 2, 123, 0, 0),
(4, 2, 124, 0, 0),
(4, 2, 125, 0, 0),
(4, 26, 126, 0, 0),
(4, 26, 127, 0, 0),
(4, 26, 128, 0, 0),
(4, 26, 129, 0, 0),
(4, 26, 130, 0, 0),
(4, 26, 131, 0, 0),
(4, 26, 132, 0, 0),
(4, 26, 133, 0, 0),
(4, 26, 134, 0, 0),
(4, 26, 135, 0, 0),
(4, 26, 136, 0, 0),
(4, 26, 137, 0, 0),
(4, 26, 138, 0, 0),
(4, 26, 139, 0, 0),
(4, 26, 140, 0, 0),
(4, 26, 141, 0, 0),
(4, 26, 142, 0, 0),
(4, 26, 143, 0, 0),
(4, 26, 144, 0, 0),
(4, 26, 145, 0, 0),
(4, 26, 146, 0, 0),
(4, 26, 147, 0, 0),
(4, 26, 148, 0, 0),
(4, 26, 149, 0, 0),
(4, 26, 150, 0, 0),
(4, 4, 151, 0, 0),
(4, 6, 152, 0, 0),
(4, 7, 153, 0, 0),
(4, 26, 154, 0, 0),
(4, 13, 155, 0, 0),
(4, 13, 156, 0, 0),
(4, 13, 157, 0, 0),
(4, 13, 158, 0, 0),
(4, 13, 159, 0, 0),
(4, 13, 160, 0, 0),
(4, 13, 161, 0, 0),
(4, 13, 162, 0, 0),
(4, 13, 163, 0, 0),
(4, 13, 164, 0, 0),
(4, 13, 165, 0, 0),
(4, 13, 166, 0, 0),
(4, 13, 167, 0, 0),
(4, 13, 168, 0, 0),
(4, 13, 169, 0, 0),
(4, 13, 170, 0, 0),
(4, 13, 171, 0, 0),
(4, 13, 172, 0, 0),
(4, 14, 173, 0, 0),
(4, 14, 174, 0, 0),
(4, 14, 175, 0, 0),
(4, 14, 176, 0, 0),
(4, 14, 177, 0, 0),
(4, 14, 178, 0, 0),
(4, 14, 179, 0, 0),
(4, 14, 180, 0, 0),
(4, 14, 181, 0, 0),
(4, 14, 182, 0, 0),
(4, 14, 183, 0, 0),
(4, 14, 184, 0, 0),
(4, 14, 185, 0, 0),
(4, 14, 186, 0, 0),
(4, 14, 187, 0, 0),
(4, 14, 188, 0, 0),
(4, 14, 189, 0, 0),
(4, 14, 190, 0, 0),
(4, 14, 191, 0, 0),
(4, 14, 192, 0, 0),
(4, 14, 193, 0, 0),
(4, 14, 194, 0, 0),
(4, 14, 195, 0, 0),
(4, 14, 196, 0, 0),
(4, 14, 197, 0, 0),
(4, 14, 198, 0, 0),
(4, 14, 199, 0, 0),
(4, 14, 200, 0, 0),
(4, 14, 201, 0, 0),
(4, 14, 202, 0, 0),
(4, 14, 203, 0, 0),
(4, 8, 204, 0, 0),
(4, 8, 205, 0, 0),
(4, 8, 206, 0, 0),
(4, 8, 207, 0, 0),
(4, 8, 208, 0, 0),
(4, 8, 209, 0, 0),
(4, 8, 210, 0, 0),
(4, 8, 211, 0, 0),
(4, 8, 212, 0, 0),
(4, 8, 213, 0, 0),
(4, 8, 214, 0, 0),
(4, 8, 215, 0, 0),
(4, 8, 216, 0, 0),
(4, 8, 217, 0, 0),
(4, 8, 218, 0, 0),
(4, 10, 219, 0, 0),
(4, 10, 220, 0, 0),
(4, 10, 221, 0, 0),
(4, 10, 222, 0, 0),
(4, 10, 223, 0, 0),
(4, 10, 224, 0, 0),
(4, 10, 225, 0, 0),
(4, 10, 226, 0, 0),
(4, 10, 227, 0, 0),
(4, 10, 228, 0, 0),
(4, 10, 229, 0, 0),
(4, 10, 230, 0, 0),
(4, 9, 231, 0, 0),
(4, 9, 232, 0, 0),
(4, 9, 233, 0, 0),
(4, 9, 234, 0, 0),
(4, 9, 235, 0, 0),
(4, 9, 236, 0, 0),
(4, 9, 237, 0, 0),
(4, 9, 238, 0, 0),
(4, 9, 239, 0, 0),
(4, 9, 240, 0, 0),
(4, 9, 241, 0, 0),
(4, 9, 242, 0, 0),
(4, 9, 243, 0, 0),
(4, 9, 244, 0, 0),
(4, 9, 245, 0, 0),
(4, 9, 246, 0, 0),
(4, 9, 247, 0, 0),
(4, 9, 248, 0, 0),
(4, 9, 249, 0, 0),
(4, 9, 250, 0, 0),
(4, 9, 251, 0, 0),
(4, 9, 252, 0, 0),
(4, 9, 253, 0, 0),
(4, 9, 254, 0, 0),
(4, 16, 255, 0, 0),
(4, 16, 256, 0, 0),
(4, 16, 257, 0, 0),
(4, 16, 258, 0, 0),
(4, 16, 259, 0, 0),
(4, 16, 260, 0, 0),
(4, 16, 261, 0, 0),
(4, 16, 262, 0, 0),
(4, 16, 263, 0, 0),
(4, 16, 264, 0, 0),
(4, 16, 265, 0, 0),
(4, 16, 266, 0, 0),
(4, 16, 267, 0, 0),
(4, 16, 268, 0, 0),
(4, 16, 269, 0, 0),
(4, 16, 270, 0, 0),
(4, 16, 271, 0, 0),
(4, 16, 272, 0, 0),
(4, 16, 273, 0, 0),
(4, 16, 274, 0, 0),
(4, 16, 275, 0, 0),
(4, 16, 276, 0, 0),
(4, 16, 277, 0, 0),
(4, 15, 278, 0, 0),
(4, 15, 279, 0, 0),
(4, 15, 280, 0, 0),
(4, 15, 281, 0, 0),
(4, 15, 282, 0, 0),
(4, 15, 283, 0, 0),
(4, 15, 284, 0, 0),
(4, 15, 285, 0, 0),
(4, 15, 286, 0, 0),
(4, 15, 287, 0, 0),
(4, 18, 288, 0, 0),
(4, 18, 289, 0, 0),
(4, 18, 290, 0, 0),
(4, 18, 291, 0, 0),
(4, 18, 292, 0, 0),
(4, 18, 293, 0, 0),
(4, 18, 294, 0, 0),
(4, 18, 295, 0, 0),
(4, 18, 296, 0, 0),
(4, 18, 297, 0, 0),
(4, 18, 298, 0, 0),
(4, 18, 299, 0, 0),
(4, 18, 300, 0, 0),
(4, 18, 301, 0, 0),
(4, 18, 302, 0, 0),
(4, 18, 303, 0, 0),
(4, 18, 304, 0, 0),
(4, 19, 305, 0, 0),
(4, 19, 306, 0, 0),
(4, 19, 307, 0, 0),
(4, 19, 308, 0, 0),
(4, 19, 309, 0, 0),
(4, 19, 310, 0, 0),
(4, 19, 311, 0, 0),
(4, 19, 312, 0, 0),
(4, 20, 313, 0, 0),
(4, 20, 314, 0, 0),
(4, 20, 315, 0, 0),
(4, 20, 316, 0, 0),
(4, 20, 317, 0, 0),
(4, 20, 318, 0, 0),
(4, 20, 319, 0, 0),
(4, 20, 320, 0, 0),
(4, 20, 321, 0, 0),
(4, 20, 322, 0, 0),
(4, 20, 323, 0, 0),
(4, 20, 324, 0, 0),
(4, 20, 325, 0, 0),
(4, 20, 326, 0, 0),
(4, 20, 327, 0, 0),
(4, 20, 328, 0, 0),
(4, 20, 329, 0, 0),
(4, 20, 330, 0, 0),
(4, 20, 331, 0, 0),
(4, 20, 332, 0, 0),
(4, 20, 333, 0, 0),
(4, 20, 334, 0, 0),
(4, 20, 335, 0, 0),
(4, 20, 336, 0, 0),
(4, 20, 337, 0, 0),
(4, 20, 338, 0, 0),
(4, 20, 339, 0, 0),
(4, 20, 340, 0, 0),
(4, 20, 341, 0, 0),
(4, 20, 342, 0, 0),
(4, 20, 343, 0, 0),
(4, 20, 344, 0, 0),
(4, 20, 345, 0, 0),
(4, 20, 346, 0, 0),
(4, 20, 347, 0, 0),
(4, 20, 348, 0, 0),
(4, 20, 349, 0, 0),
(4, 21, 350, 0, 0),
(4, 21, 351, 0, 0),
(4, 21, 352, 0, 0),
(4, 21, 353, 0, 0),
(4, 21, 354, 0, 0),
(4, 21, 355, 0, 0),
(4, 21, 356, 0, 0),
(4, 21, 357, 0, 0),
(4, 21, 358, 0, 0),
(4, 21, 359, 0, 0),
(4, 21, 360, 0, 0),
(4, 21, 361, 0, 0),
(4, 21, 362, 0, 0),
(4, 21, 363, 0, 0),
(4, 21, 364, 0, 0),
(4, 21, 365, 0, 0),
(4, 21, 366, 0, 0),
(4, 21, 367, 0, 0),
(4, 21, 368, 0, 0),
(4, 21, 369, 0, 0),
(4, 21, 370, 0, 0),
(4, 21, 371, 0, 0),
(4, 21, 372, 0, 0),
(4, 21, 373, 0, 0),
(4, 21, 374, 0, 0),
(4, 21, 375, 0, 0),
(4, 21, 376, 0, 0),
(4, 21, 377, 0, 0),
(4, 21, 378, 0, 0),
(4, 21, 379, 0, 0),
(4, 21, 380, 0, 0),
(4, 21, 381, 0, 0),
(4, 21, 382, 0, 0),
(4, 21, 383, 0, 0),
(4, 21, 384, 0, 0),
(4, 21, 385, 0, 0),
(4, 21, 386, 0, 0),
(4, 21, 387, 0, 0),
(4, 22, 388, 0, 0),
(4, 22, 389, 0, 0),
(4, 22, 390, 0, 0),
(4, 22, 391, 0, 0),
(4, 22, 392, 0, 0),
(4, 22, 393, 0, 0),
(4, 22, 394, 0, 0),
(4, 22, 395, 0, 0),
(4, 22, 396, 0, 0),
(4, 22, 397, 0, 0),
(4, 22, 398, 0, 0),
(4, 22, 399, 0, 0),
(4, 22, 400, 0, 0),
(4, 22, 401, 0, 0),
(4, 22, 402, 0, 0),
(4, 22, 403, 0, 0),
(4, 22, 404, 0, 0),
(4, 22, 405, 0, 0),
(4, 22, 406, 0, 0),
(4, 22, 407, 0, 0),
(4, 22, 408, 0, 0),
(4, 22, 409, 0, 0),
(4, 22, 410, 0, 0),
(4, 22, 411, 0, 0),
(4, 22, 412, 0, 0),
(4, 22, 413, 0, 0),
(4, 22, 414, 0, 0),
(4, 22, 415, 0, 0),
(4, 22, 416, 0, 0),
(4, 22, 417, 0, 0),
(4, 22, 418, 0, 0),
(4, 22, 419, 0, 0),
(4, 22, 420, 0, 0),
(4, 22, 421, 0, 0),
(4, 22, 422, 0, 0),
(4, 22, 423, 0, 0),
(4, 22, 424, 0, 0),
(4, 22, 425, 0, 0),
(4, 22, 426, 0, 0),
(4, 22, 427, 0, 0),
(4, 22, 428, 0, 0),
(4, 22, 429, 0, 0),
(4, 22, 430, 0, 0),
(4, 22, 431, 0, 0),
(4, 22, 432, 0, 0),
(4, 22, 433, 0, 0),
(4, 22, 434, 0, 0),
(4, 23, 435, 0, 0),
(4, 23, 436, 0, 0),
(4, 23, 437, 0, 0),
(4, 23, 438, 0, 0),
(4, 23, 439, 0, 0),
(4, 23, 440, 0, 0),
(4, 23, 441, 0, 0),
(4, 23, 442, 0, 0),
(4, 23, 443, 0, 0),
(4, 23, 444, 0, 0),
(4, 23, 445, 0, 0),
(4, 23, 446, 0, 0),
(4, 23, 447, 0, 0),
(4, 23, 448, 0, 0),
(4, 23, 449, 0, 0),
(4, 23, 450, 0, 0),
(4, 23, 451, 0, 0),
(4, 23, 452, 0, 0),
(4, 23, 453, 0, 0),
(4, 23, 454, 0, 0),
(4, 23, 455, 0, 0),
(4, 23, 456, 0, 0),
(4, 23, 457, 0, 0),
(4, 23, 458, 0, 0),
(4, 23, 459, 0, 0),
(4, 23, 460, 0, 0),
(4, 23, 461, 0, 0),
(4, 23, 462, 0, 0),
(4, 23, 463, 0, 0),
(4, 23, 464, 0, 0),
(4, 23, 465, 0, 0),
(4, 23, 466, 0, 0),
(4, 23, 467, 0, 0),
(4, 23, 468, 0, 0),
(4, 23, 469, 0, 0),
(4, 23, 470, 0, 0),
(4, 23, 471, 0, 0),
(4, 23, 472, 0, 0),
(4, 23, 473, 0, 0),
(4, 29, 474, 0, 0),
(4, 29, 478, 0, 0),
(4, 29, 479, 0, 0),
(4, 29, 481, 0, 0),
(4, 29, 488, 0, 0),
(4, 29, 489, 0, 0),
(4, 29, 490, 0, 0),
(4, 29, 491, 0, 0),
(4, 29, 493, 0, 0),
(4, 29, 494, 0, 0),
(4, 29, 495, 0, 0),
(4, 29, 496, 0, 0),
(4, 29, 497, 0, 0),
(4, 29, 502, 0, 0),
(4, 29, 503, 0, 0),
(4, 29, 504, 0, 0),
(4, 29, 505, 0, 0),
(4, 29, 513, 0, 0),
(4, 10, 518, 0, 0),
(4, 10, 519, 0, 0),
(4, 10, 520, 0, 0),
(4, 10, 521, 0, 0),
(4, 10, 522, 0, 0),
(4, 10, 523, 0, 0),
(4, 30, 524, 0, 0),
(4, 30, 525, 0, 0),
(4, 30, 526, 0, 0),
(4, 30, 527, 0, 0),
(4, 30, 528, 0, 0),
(4, 30, 529, 0, 0),
(4, 30, 530, 0, 0),
(4, 30, 531, 0, 0),
(4, 30, 532, 0, 0),
(4, 30, 533, 0, 0),
(4, 30, 534, 0, 0),
(4, 30, 535, 0, 0),
(4, 30, 536, 0, 0),
(4, 30, 537, 0, 0),
(4, 30, 538, 0, 0),
(4, 30, 539, 0, 0),
(4, 30, 540, 0, 0),
(4, 30, 541, 0, 0),
(4, 30, 542, 0, 0),
(4, 31, 543, 0, 0),
(4, 31, 544, 0, 0),
(4, 31, 545, 0, 0),
(4, 31, 546, 0, 0),
(4, 31, 547, 0, 0),
(4, 31, 548, 0, 0),
(4, 31, 549, 0, 0),
(4, 31, 550, 0, 0),
(4, 31, 551, 0, 0),
(4, 31, 552, 0, 0),
(4, 31, 553, 0, 0),
(4, 31, 554, 0, 0),
(4, 31, 555, 0, 0),
(4, 31, 556, 0, 0),
(4, 31, 557, 0, 0),
(4, 31, 558, 0, 0),
(4, 31, 559, 0, 0),
(4, 31, 560, 0, 0),
(4, 31, 561, 0, 0),
(4, 36, 562, 0, 0),
(4, 36, 563, 0, 0),
(4, 36, 564, 0, 0),
(4, 36, 565, 0, 0),
(4, 36, 566, 0, 0),
(4, 36, 567, 0, 0),
(4, 36, 568, 0, 0),
(4, 36, 569, 0, 0),
(4, 36, 570, 0, 0),
(4, 36, 571, 0, 0),
(4, 36, 572, 0, 0),
(4, 36, 573, 0, 0),
(4, 36, 574, 0, 0),
(4, 36, 575, 0, 0),
(4, 36, 576, 0, 0),
(4, 36, 577, 0, 0),
(4, 29, 578, 0, 0),
(4, 38, 579, 0, 0),
(4, 38, 580, 0, 0),
(4, 38, 581, 0, 0),
(4, 38, 582, 0, 0),
(4, 38, 583, 0, 0),
(4, 38, 584, 0, 0),
(4, 38, 585, 0, 0),
(4, 38, 586, 0, 0),
(4, 38, 587, 0, 0),
(4, 38, 588, 0, 0),
(4, 39, 589, 0, 0),
(4, 39, 590, 0, 0),
(4, 39, 591, 0, 0),
(4, 39, 592, 0, 0),
(4, 39, 593, 0, 0),
(4, 39, 594, 0, 0),
(4, 39, 595, 0, 0),
(4, 39, 596, 0, 0),
(4, 39, 597, 0, 0),
(4, 39, 598, 0, 0),
(4, 39, 599, 0, 0),
(4, 39, 600, 0, 0),
(4, 39, 601, 0, 0),
(4, 39, 602, 0, 0),
(4, 39, 603, 0, 0),
(4, 40, 604, 0, 0),
(4, 40, 605, 0, 0),
(4, 40, 606, 0, 0),
(4, 40, 607, 0, 0),
(4, 40, 608, 0, 0),
(4, 40, 609, 0, 0),
(4, 40, 610, 0, 0),
(4, 40, 611, 0, 0),
(4, 40, 612, 0, 0),
(4, 40, 613, 0, 0),
(4, 40, 614, 0, 0),
(4, 40, 615, 0, 0),
(4, 40, 616, 0, 0),
(4, 40, 617, 0, 0),
(4, 40, 618, 0, 0),
(4, 40, 619, 0, 0),
(4, 40, 620, 0, 0),
(4, 42, 621, 0, 0),
(4, 42, 622, 0, 0),
(4, 42, 623, 0, 0),
(4, 42, 624, 0, 0),
(4, 42, 625, 0, 0),
(4, 42, 626, 0, 0),
(4, 42, 627, 0, 0),
(4, 42, 628, 0, 0),
(4, 42, 629, 0, 0),
(4, 42, 630, 0, 0),
(4, 42, 631, 0, 0),
(4, 42, 632, 0, 0),
(4, 42, 633, 0, 0),
(4, 42, 634, 0, 0),
(4, 42, 635, 0, 0),
(4, 42, 636, 0, 0),
(4, 42, 637, 0, 0),
(4, 42, 638, 0, 0),
(4, 45, 639, 0, 0),
(4, 45, 640, 0, 0),
(4, 45, 641, 0, 0),
(4, 45, 642, 0, 0),
(4, 45, 643, 0, 0),
(4, 45, 644, 0, 0),
(4, 45, 645, 0, 0),
(4, 48, 646, 0, 0),
(4, 48, 647, 0, 0),
(4, 48, 648, 0, 0),
(4, 48, 649, 0, 0),
(4, 48, 650, 0, 0),
(4, 2, 651, 0, 0),
(4, 29, 652, 0, 0),
(4, 23, 653, 0, 0),
(4, 23, 654, 0, 0),
(4, 23, 655, 0, 0),
(4, 23, 656, 0, 0),
(4, 23, 657, 0, 0),
(4, 23, 658, 0, 0),
(4, 23, 659, 0, 0),
(4, 23, 660, 0, 0),
(4, 23, 661, 0, 0),
(4, 22, 662, 0, 0),
(4, 22, 663, 0, 0),
(4, 22, 664, 0, 0),
(4, 22, 665, 0, 0),
(4, 22, 666, 0, 0),
(4, 22, 667, 0, 0),
(4, 22, 668, 0, 0),
(4, 22, 669, 0, 0),
(4, 22, 670, 0, 0),
(4, 21, 671, 0, 0),
(4, 21, 672, 0, 0),
(4, 21, 673, 0, 0),
(4, 21, 674, 0, 0),
(4, 21, 675, 0, 0),
(4, 21, 676, 0, 0),
(4, 21, 677, 0, 0),
(4, 21, 678, 0, 0),
(4, 21, 679, 0, 0),
(4, 20, 680, 0, 0),
(4, 20, 681, 0, 0),
(4, 20, 682, 0, 0),
(4, 20, 683, 0, 0),
(4, 20, 684, 0, 0),
(4, 20, 685, 0, 0),
(4, 20, 686, 0, 0),
(4, 20, 687, 0, 0),
(4, 20, 688, 0, 0),
(4, 29, 689, 0, 0),
(4, 39, 690, 0, 0),
(4, 45, 691, 0, 0),
(4, 29, 692, 0, 0),
(4, 29, 693, 0, 0),
(4, 29, 694, 0, 0),
(4, 23, 695, 0, 0),
(4, 22, 696, 0, 0),
(4, 21, 697, 0, 0),
(4, 20, 698, 0, 0),
(4, 29, 699, 0, 0),
(4, 6, 700, 0, 0),
(4, 4, 701, 0, 0),
(4, 2, 702, 0, 0),
(4, 29, 703, 0, 0),
(4, 23, 704, 0, 0),
(4, 23, 705, 0, 0),
(4, 21, 706, 0, 0),
(4, 21, 707, 0, 0),
(4, 18, 708, 0, 0),
(4, 7, 709, 0, 0),
(4, 45, 710, 0, 0),
(4, 45, 711, 0, 0),
(4, 23, 712, 0, 0),
(4, 20, 713, 0, 0),
(4, 21, 714, 0, 0),
(4, 22, 715, 0, 0),
(4, 29, 716, 0, 0),
(4, 2, 717, 0, 0),
(4, 13, 718, 0, 0),
(4, 29, 719, 0, 0),
(4, 13, 720, 0, 0),
(4, 29, 721, 0, 0),
(4, 29, 722, 0, 0),
(4, 29, 723, 0, 0),
(4, 9, 729, 0, 0),
(4, 29, 750, 0, 0);

-- --------------------------------------------------------

--
-- Estructura de tabla para la tabla `vtiger_profile2globalpermissions`
--

CREATE TABLE IF NOT EXISTS `vtiger_profile2globalpermissions` (
  `profileid` int(19) NOT NULL,
  `globalactionid` int(19) NOT NULL,
  `globalactionpermission` int(19) DEFAULT NULL
) ENGINE=InnoDB DEFAULT CHARSET=latin1;

--
-- Volcado de datos para la tabla `vtiger_profile2globalpermissions`
--

INSERT INTO `vtiger_profile2globalpermissions` (`profileid`, `globalactionid`, `globalactionpermission`) VALUES
(1, 1, 0),
(1, 2, 0),
(2, 1, 1),
(2, 2, 1),
(3, 1, 1),
(3, 2, 1),
(4, 1, 1),
(4, 2, 1);

-- --------------------------------------------------------

--
-- Estructura de tabla para la tabla `vtiger_profile2standardpermissions`
--

CREATE TABLE IF NOT EXISTS `vtiger_profile2standardpermissions` (
  `profileid` int(11) NOT NULL,
  `tabid` int(10) NOT NULL,
  `operation` int(10) NOT NULL,
  `permissions` int(1) DEFAULT NULL
) ENGINE=InnoDB DEFAULT CHARSET=latin1;

--
-- Volcado de datos para la tabla `vtiger_profile2standardpermissions`
--

INSERT INTO `vtiger_profile2standardpermissions` (`profileid`, `tabid`, `operation`, `permissions`) VALUES
(1, 2, 0, 0),
(1, 2, 1, 0),
(1, 2, 2, 0),
(1, 2, 3, 0),
(1, 2, 4, 0),
(1, 4, 0, 0),
(1, 4, 1, 0),
(1, 4, 2, 0),
(1, 4, 3, 0),
(1, 4, 4, 0),
(1, 6, 0, 0),
(1, 6, 1, 0),
(1, 6, 2, 0),
(1, 6, 3, 0),
(1, 6, 4, 0),
(1, 7, 0, 0),
(1, 7, 1, 0),
(1, 7, 2, 0),
(1, 7, 3, 0),
(1, 7, 4, 0),
(1, 8, 0, 0),
(1, 8, 1, 0),
(1, 8, 2, 0),
(1, 8, 3, 0),
(1, 8, 4, 0),
(1, 9, 0, 0),
(1, 9, 1, 0),
(1, 9, 2, 0),
(1, 9, 3, 0),
(1, 9, 4, 0),
(1, 13, 0, 0),
(1, 13, 1, 0),
(1, 13, 2, 0),
(1, 13, 3, 0),
(1, 13, 4, 0),
(1, 14, 0, 0),
(1, 14, 1, 0),
(1, 14, 2, 0),
(1, 14, 3, 0),
(1, 14, 4, 0),
(1, 15, 0, 0),
(1, 15, 1, 0),
(1, 15, 2, 0),
(1, 15, 3, 0),
(1, 15, 4, 0),
(1, 16, 0, 0),
(1, 16, 1, 0),
(1, 16, 2, 0),
(1, 16, 3, 0),
(1, 16, 4, 0),
(1, 18, 0, 0),
(1, 18, 1, 0),
(1, 18, 2, 0),
(1, 18, 3, 0),
(1, 18, 4, 0),
(1, 19, 0, 0),
(1, 19, 1, 0),
(1, 19, 2, 0),
(1, 19, 3, 0),
(1, 19, 4, 0),
(1, 20, 0, 0),
(1, 20, 1, 0),
(1, 20, 2, 0),
(1, 20, 3, 0),
(1, 20, 4, 0),
(1, 21, 0, 0),
(1, 21, 1, 0),
(1, 21, 2, 0),
(1, 21, 3, 0),
(1, 21, 4, 0),
(1, 22, 0, 0),
(1, 22, 1, 0),
(1, 22, 2, 0),
(1, 22, 3, 0),
(1, 22, 4, 0),
(1, 23, 0, 0),
(1, 23, 1, 0),
(1, 23, 2, 0),
(1, 23, 3, 0),
(1, 23, 4, 0),
(1, 25, 0, 1),
(1, 25, 1, 1),
(1, 25, 2, 1),
(1, 25, 4, 1),
(1, 26, 0, 0),
(1, 26, 1, 0),
(1, 26, 2, 0),
(1, 26, 3, 0),
(1, 26, 4, 0),
(1, 30, 0, 0),
(1, 30, 1, 0),
(1, 30, 2, 0),
(1, 30, 3, 0),
(1, 30, 4, 0),
(1, 31, 0, 0),
(1, 31, 1, 0),
(1, 31, 2, 0),
(1, 31, 3, 0),
(1, 31, 4, 0),
(1, 36, 0, 0),
(1, 36, 1, 0),
(1, 36, 2, 0),
(1, 36, 3, 0),
(1, 36, 4, 0),
(1, 38, 0, 0),
(1, 38, 1, 0),
(1, 38, 2, 0),
(1, 38, 3, 0),
(1, 38, 4, 0),
(1, 39, 0, 0),
(1, 39, 1, 0),
(1, 39, 2, 0),
(1, 39, 3, 0),
(1, 39, 4, 0),
(1, 40, 0, 0),
(1, 40, 1, 0),
(1, 40, 2, 0),
(1, 40, 3, 0),
(1, 40, 4, 0),
(1, 42, 0, 0),
(1, 42, 1, 0),
(1, 42, 2, 0),
(1, 42, 3, 0),
(1, 42, 4, 0),
(1, 45, 0, 0),
(1, 45, 1, 0),
(1, 45, 2, 0),
(1, 45, 3, 0),
(1, 45, 4, 0),
(1, 48, 0, 0),
(1, 48, 1, 0),
(1, 48, 2, 0),
(1, 48, 3, 0),
(1, 48, 4, 0),
(2, 2, 0, 0),
(2, 2, 1, 0),
(2, 2, 2, 0),
(2, 2, 3, 0),
(2, 2, 4, 0),
(2, 4, 0, 0),
(2, 4, 1, 0),
(2, 4, 2, 0),
(2, 4, 3, 0),
(2, 4, 4, 0),
(2, 6, 0, 0),
(2, 6, 1, 0),
(2, 6, 2, 0),
(2, 6, 3, 0),
(2, 6, 4, 0),
(2, 7, 0, 0),
(2, 7, 1, 0),
(2, 7, 2, 0),
(2, 7, 3, 0),
(2, 7, 4, 0),
(2, 8, 0, 0),
(2, 8, 1, 0),
(2, 8, 2, 0),
(2, 8, 3, 0),
(2, 8, 4, 0),
(2, 9, 0, 0),
(2, 9, 1, 0),
(2, 9, 2, 0),
(2, 9, 3, 0),
(2, 9, 4, 0),
(2, 13, 0, 1),
(2, 13, 1, 1),
(2, 13, 2, 1),
(2, 13, 3, 0),
(2, 13, 4, 0),
(2, 14, 0, 0),
(2, 14, 1, 0),
(2, 14, 2, 0),
(2, 14, 3, 0),
(2, 14, 4, 0),
(2, 15, 0, 0),
(2, 15, 1, 0),
(2, 15, 2, 0),
(2, 15, 3, 0),
(2, 15, 4, 0),
(2, 16, 0, 0),
(2, 16, 1, 0),
(2, 16, 2, 0),
(2, 16, 3, 0),
(2, 16, 4, 0),
(2, 18, 0, 0),
(2, 18, 1, 0),
(2, 18, 2, 0),
(2, 18, 3, 0),
(2, 18, 4, 0),
(2, 19, 0, 0),
(2, 19, 1, 0),
(2, 19, 2, 0),
(2, 19, 3, 0),
(2, 19, 4, 0),
(2, 20, 0, 0),
(2, 20, 1, 0),
(2, 20, 2, 0),
(2, 20, 3, 0),
(2, 20, 4, 0),
(2, 21, 0, 0),
(2, 21, 1, 0),
(2, 21, 2, 0),
(2, 21, 3, 0),
(2, 21, 4, 0),
(2, 22, 0, 0),
(2, 22, 1, 0),
(2, 22, 2, 0),
(2, 22, 3, 0),
(2, 22, 4, 0),
(2, 23, 0, 0),
(2, 23, 1, 0),
(2, 23, 2, 0),
(2, 23, 3, 0),
(2, 23, 4, 0),
(2, 26, 0, 0),
(2, 26, 1, 0),
(2, 26, 2, 0),
(2, 26, 3, 0),
(2, 26, 4, 0),
(2, 30, 0, 0),
(2, 30, 1, 0),
(2, 30, 2, 0),
(2, 30, 3, 0),
(2, 30, 4, 0),
(2, 31, 0, 0),
(2, 31, 1, 0),
(2, 31, 2, 0),
(2, 31, 3, 0),
(2, 31, 4, 0),
(2, 36, 0, 0),
(2, 36, 1, 0),
(2, 36, 2, 0),
(2, 36, 3, 0),
(2, 36, 4, 0),
(2, 38, 0, 0),
(2, 38, 1, 0),
(2, 38, 2, 0),
(2, 38, 3, 0),
(2, 38, 4, 0),
(2, 39, 0, 0),
(2, 39, 1, 0),
(2, 39, 2, 0),
(2, 39, 3, 0),
(2, 39, 4, 0),
(2, 40, 0, 0),
(2, 40, 1, 0),
(2, 40, 2, 0),
(2, 40, 3, 0),
(2, 40, 4, 0),
(2, 42, 0, 0),
(2, 42, 1, 0),
(2, 42, 2, 0),
(2, 42, 3, 0),
(2, 42, 4, 0),
(2, 45, 0, 0),
(2, 45, 1, 0),
(2, 45, 2, 0),
(2, 45, 3, 0),
(2, 45, 4, 0),
(2, 48, 0, 0),
(2, 48, 1, 0),
(2, 48, 2, 0),
(2, 48, 3, 0),
(2, 48, 4, 0),
(3, 2, 0, 1),
(3, 2, 1, 1),
(3, 2, 2, 1),
(3, 2, 3, 0),
(3, 2, 4, 0),
(3, 4, 0, 0),
(3, 4, 1, 0),
(3, 4, 2, 0),
(3, 4, 3, 0),
(3, 4, 4, 0),
(3, 6, 0, 0),
(3, 6, 1, 0),
(3, 6, 2, 0),
(3, 6, 3, 0),
(3, 6, 4, 0),
(3, 7, 0, 0),
(3, 7, 1, 0),
(3, 7, 2, 0),
(3, 7, 3, 0),
(3, 7, 4, 0),
(3, 8, 0, 0),
(3, 8, 1, 0),
(3, 8, 2, 0),
(3, 8, 3, 0),
(3, 8, 4, 0),
(3, 9, 0, 0),
(3, 9, 1, 0),
(3, 9, 2, 0),
(3, 9, 3, 0),
(3, 9, 4, 0),
(3, 13, 0, 0),
(3, 13, 1, 0),
(3, 13, 2, 0),
(3, 13, 3, 0),
(3, 13, 4, 0),
(3, 14, 0, 0),
(3, 14, 1, 0),
(3, 14, 2, 0),
(3, 14, 3, 0),
(3, 14, 4, 0),
(3, 15, 0, 0),
(3, 15, 1, 0),
(3, 15, 2, 0),
(3, 15, 3, 0),
(3, 15, 4, 0),
(3, 16, 0, 0),
(3, 16, 1, 0),
(3, 16, 2, 0),
(3, 16, 3, 0),
(3, 16, 4, 0),
(3, 18, 0, 0),
(3, 18, 1, 0),
(3, 18, 2, 0),
(3, 18, 3, 0),
(3, 18, 4, 0),
(3, 19, 0, 0),
(3, 19, 1, 0),
(3, 19, 2, 0),
(3, 19, 3, 0),
(3, 19, 4, 0),
(3, 20, 0, 0),
(3, 20, 1, 0),
(3, 20, 2, 0),
(3, 20, 3, 0),
(3, 20, 4, 0),
(3, 21, 0, 0),
(3, 21, 1, 0),
(3, 21, 2, 0),
(3, 21, 3, 0),
(3, 21, 4, 0),
(3, 22, 0, 0),
(3, 22, 1, 0),
(3, 22, 2, 0),
(3, 22, 3, 0),
(3, 22, 4, 0),
(3, 23, 0, 0),
(3, 23, 1, 0),
(3, 23, 2, 0),
(3, 23, 3, 0),
(3, 23, 4, 0),
(3, 26, 0, 0),
(3, 26, 1, 0),
(3, 26, 2, 0),
(3, 26, 3, 0),
(3, 26, 4, 0),
(3, 30, 0, 0),
(3, 30, 1, 0),
(3, 30, 2, 0),
(3, 30, 3, 0),
(3, 30, 4, 0),
(3, 31, 0, 0),
(3, 31, 1, 0),
(3, 31, 2, 0),
(3, 31, 3, 0),
(3, 31, 4, 0),
(3, 36, 0, 0),
(3, 36, 1, 0),
(3, 36, 2, 0),
(3, 36, 3, 0),
(3, 36, 4, 0),
(3, 38, 0, 0),
(3, 38, 1, 0),
(3, 38, 2, 0),
(3, 38, 3, 0),
(3, 38, 4, 0),
(3, 39, 0, 0),
(3, 39, 1, 0),
(3, 39, 2, 0),
(3, 39, 3, 0),
(3, 39, 4, 0),
(3, 40, 0, 0),
(3, 40, 1, 0),
(3, 40, 2, 0),
(3, 40, 3, 0),
(3, 40, 4, 0),
(3, 42, 0, 0),
(3, 42, 1, 0),
(3, 42, 2, 0),
(3, 42, 3, 0),
(3, 42, 4, 0),
(3, 45, 0, 0),
(3, 45, 1, 0),
(3, 45, 2, 0),
(3, 45, 3, 0),
(3, 45, 4, 0),
(3, 48, 0, 0),
(3, 48, 1, 0),
(3, 48, 2, 0),
(3, 48, 3, 0),
(3, 48, 4, 0),
(4, 2, 0, 1),
(4, 2, 1, 1),
(4, 2, 2, 1),
(4, 2, 3, 0),
(4, 2, 4, 0),
(4, 4, 0, 1),
(4, 4, 1, 1),
(4, 4, 2, 1),
(4, 4, 3, 0),
(4, 4, 4, 0),
(4, 6, 0, 1),
(4, 6, 1, 1),
(4, 6, 2, 1),
(4, 6, 3, 0),
(4, 6, 4, 0),
(4, 7, 0, 1),
(4, 7, 1, 1),
(4, 7, 2, 1),
(4, 7, 3, 0),
(4, 7, 4, 0),
(4, 8, 0, 1),
(4, 8, 1, 1),
(4, 8, 2, 1),
(4, 8, 3, 0),
(4, 8, 4, 0),
(4, 9, 0, 1),
(4, 9, 1, 1),
(4, 9, 2, 1),
(4, 9, 3, 0),
(4, 9, 4, 0),
(4, 13, 0, 1),
(4, 13, 1, 1),
(4, 13, 2, 1),
(4, 13, 3, 0),
(4, 13, 4, 0),
(4, 14, 0, 1),
(4, 14, 1, 1),
(4, 14, 2, 1),
(4, 14, 3, 0),
(4, 14, 4, 0),
(4, 15, 0, 1),
(4, 15, 1, 1),
(4, 15, 2, 1),
(4, 15, 3, 0),
(4, 15, 4, 0),
(4, 16, 0, 1),
(4, 16, 1, 1),
(4, 16, 2, 1),
(4, 16, 3, 0),
(4, 16, 4, 0),
(4, 18, 0, 1),
(4, 18, 1, 1),
(4, 18, 2, 1),
(4, 18, 3, 0),
(4, 18, 4, 0),
(4, 19, 0, 1),
(4, 19, 1, 1),
(4, 19, 2, 1),
(4, 19, 3, 0),
(4, 19, 4, 0),
(4, 20, 0, 1),
(4, 20, 1, 1),
(4, 20, 2, 1),
(4, 20, 3, 0),
(4, 20, 4, 0),
(4, 21, 0, 1),
(4, 21, 1, 1),
(4, 21, 2, 1),
(4, 21, 3, 0),
(4, 21, 4, 0),
(4, 22, 0, 1),
(4, 22, 1, 1),
(4, 22, 2, 1),
(4, 22, 3, 0),
(4, 22, 4, 0),
(4, 23, 0, 1),
(4, 23, 1, 1),
(4, 23, 2, 1),
(4, 23, 3, 0),
(4, 23, 4, 0),
(4, 26, 0, 1),
(4, 26, 1, 1),
(4, 26, 2, 1),
(4, 26, 3, 0),
(4, 26, 4, 0),
(4, 30, 0, 0),
(4, 30, 1, 0),
(4, 30, 2, 0),
(4, 30, 3, 0),
(4, 30, 4, 0),
(4, 31, 0, 0),
(4, 31, 1, 0),
(4, 31, 2, 0),
(4, 31, 3, 0),
(4, 31, 4, 0),
(4, 36, 0, 0),
(4, 36, 1, 0),
(4, 36, 2, 0),
(4, 36, 3, 0),
(4, 36, 4, 0),
(4, 38, 0, 0),
(4, 38, 1, 0),
(4, 38, 2, 0),
(4, 38, 3, 0),
(4, 38, 4, 0),
(4, 39, 0, 0),
(4, 39, 1, 0),
(4, 39, 2, 0),
(4, 39, 3, 0),
(4, 39, 4, 0),
(4, 40, 0, 0),
(4, 40, 1, 0),
(4, 40, 2, 0),
(4, 40, 3, 0),
(4, 40, 4, 0),
(4, 42, 0, 0),
(4, 42, 1, 0),
(4, 42, 2, 0),
(4, 42, 3, 0),
(4, 42, 4, 0),
(4, 45, 0, 0),
(4, 45, 1, 0),
(4, 45, 2, 0),
(4, 45, 3, 0),
(4, 45, 4, 0),
(4, 48, 0, 0),
(4, 48, 1, 0),
(4, 48, 2, 0),
(4, 48, 3, 0),
(4, 48, 4, 0);

-- --------------------------------------------------------

--
-- Estructura de tabla para la tabla `vtiger_profile2tab`
--

CREATE TABLE IF NOT EXISTS `vtiger_profile2tab` (
  `profileid` int(11) DEFAULT NULL,
  `tabid` int(10) DEFAULT NULL,
  `permissions` int(10) NOT NULL DEFAULT '0'
) ENGINE=InnoDB DEFAULT CHARSET=latin1;

--
-- Volcado de datos para la tabla `vtiger_profile2tab`
--

INSERT INTO `vtiger_profile2tab` (`profileid`, `tabid`, `permissions`) VALUES
(1, 3, 0),
(2, 1, 0),
(2, 2, 0),
(2, 3, 0),
(2, 4, 0),
(2, 6, 0),
(2, 7, 0),
(2, 8, 0),
(2, 9, 0),
(2, 10, 0),
(2, 13, 0),
(2, 14, 0),
(2, 15, 0),
(2, 16, 0),
(2, 18, 0),
(2, 19, 0),
(2, 20, 0),
(2, 21, 0),
(2, 22, 0),
(2, 23, 0),
(2, 24, 0),
(2, 25, 0),
(2, 26, 0),
(2, 27, 0),
(3, 1, 0),
(3, 2, 0),
(3, 3, 0),
(3, 4, 0),
(3, 6, 0),
(3, 7, 0),
(3, 8, 0),
(3, 9, 0),
(3, 10, 0),
(3, 13, 0),
(3, 14, 0),
(3, 15, 0),
(3, 16, 0),
(3, 18, 0),
(3, 19, 0),
(3, 20, 0),
(3, 21, 0),
(3, 22, 0),
(3, 23, 0),
(3, 24, 0),
(3, 25, 0),
(3, 26, 0),
(3, 27, 0),
(4, 1, 0),
(4, 2, 0),
(4, 3, 0),
(4, 4, 0),
(4, 6, 0),
(4, 7, 0),
(4, 8, 0),
(4, 9, 0),
(4, 10, 0),
(4, 13, 0),
(4, 14, 0),
(4, 15, 0),
(4, 16, 0),
(4, 18, 0),
(4, 19, 0),
(4, 20, 0),
(4, 21, 0),
(4, 22, 0),
(4, 23, 0),
(4, 24, 0),
(4, 25, 0),
(4, 26, 0),
(4, 27, 0),
(2, 30, 0),
(3, 30, 0),
(4, 30, 0),
(2, 31, 0),
(3, 31, 0),
(4, 31, 0),
(1, 32, 0),
(2, 32, 0),
(3, 32, 0),
(4, 32, 0),
(1, 33, 0),
(2, 33, 0),
(3, 33, 0),
(4, 33, 0),
(1, 34, 0),
(2, 34, 0),
(3, 34, 0),
(4, 34, 0),
(2, 35, 0),
(3, 35, 0),
(4, 35, 0),
(2, 36, 0),
(3, 36, 0),
(4, 36, 0),
(1, 37, 0),
(2, 37, 0),
(3, 37, 0),
(4, 37, 0),
(2, 38, 0),
(3, 38, 0),
(4, 38, 0),
(2, 39, 0),
(3, 39, 0),
(4, 39, 0),
(2, 40, 0),
(3, 40, 0),
(4, 40, 0),
(1, 41, 0),
(2, 41, 0),
(3, 41, 0),
(4, 41, 0),
(2, 42, 0),
(3, 42, 0),
(4, 42, 0),
(2, 43, 0),
(3, 43, 0),
(4, 43, 0),
(2, 44, 0),
(3, 44, 0),
(4, 44, 0),
(2, 45, 0),
(3, 45, 0),
(4, 45, 0),
(2, 46, 0),
(3, 46, 0),
(4, 46, 0),
(2, 47, 0),
(3, 47, 0),
(4, 47, 0),
(2, 48, 0),
(3, 48, 0),
(4, 48, 0),
(2, 49, 0),
(3, 49, 0),
(4, 49, 0),
(1, 1, 0),
(1, 2, 0),
(1, 4, 0),
(1, 6, 0),
(1, 7, 0),
(1, 8, 0),
(1, 9, 0),
(1, 10, 0),
(1, 13, 0),
(1, 14, 0),
(1, 15, 0),
(1, 18, 0),
(1, 19, 0),
(1, 20, 0),
(1, 21, 0),
(1, 22, 0),
(1, 23, 0),
(1, 24, 0),
(1, 25, 0),
(1, 26, 0),
(1, 27, 0),
(1, 30, 0),
(1, 31, 0),
(1, 35, 0),
(1, 36, 0),
(1, 38, 0),
(1, 39, 0),
(1, 40, 0),
(1, 42, 0),
(1, 43, 0),
(1, 44, 0),
(1, 45, 0),
(1, 46, 0),
(1, 47, 0),
(1, 48, 0),
(1, 49, 0),
(1, 16, 0);

-- --------------------------------------------------------

--
-- Estructura de tabla para la tabla `vtiger_profile2utility`
--

CREATE TABLE IF NOT EXISTS `vtiger_profile2utility` (
  `profileid` int(11) NOT NULL,
  `tabid` int(11) NOT NULL,
  `activityid` int(11) NOT NULL,
  `permission` int(1) DEFAULT NULL
) ENGINE=InnoDB DEFAULT CHARSET=latin1;

--
-- Volcado de datos para la tabla `vtiger_profile2utility`
--

INSERT INTO `vtiger_profile2utility` (`profileid`, `tabid`, `activityid`, `permission`) VALUES
(1, 2, 5, 0),
(1, 2, 6, 0),
(1, 2, 10, 0),
(1, 4, 5, 0),
(1, 4, 6, 0),
(1, 4, 8, 1),
(1, 4, 10, 0),
(1, 6, 5, 0),
(1, 6, 6, 0),
(1, 6, 8, 1),
(1, 6, 10, 0),
(1, 7, 5, 0),
(1, 7, 6, 0),
(1, 7, 8, 1),
(1, 7, 9, 0),
(1, 7, 10, 0),
(1, 8, 6, 0),
(1, 9, 5, 0),
(1, 9, 6, 0),
(1, 13, 5, 0),
(1, 13, 6, 0),
(1, 13, 8, 1),
(1, 13, 10, 0),
(1, 14, 5, 0),
(1, 14, 6, 0),
(1, 14, 10, 0),
(1, 18, 5, 0),
(1, 18, 6, 0),
(1, 18, 10, 0),
(1, 19, 5, 0),
(1, 19, 6, 0),
(1, 19, 10, 0),
(1, 20, 5, 0),
(1, 20, 6, 0),
(1, 21, 5, 0),
(1, 21, 6, 0),
(1, 22, 5, 0),
(1, 22, 6, 0),
(1, 23, 5, 0),
(1, 23, 6, 0),
(1, 25, 6, 0),
(1, 25, 13, 0),
(1, 30, 5, 0),
(1, 30, 6, 0),
(1, 30, 10, 0),
(1, 31, 5, 0),
(1, 31, 6, 0),
(1, 31, 10, 0),
(1, 36, 11, 0),
(1, 36, 12, 0),
(1, 38, 5, 0),
(1, 38, 6, 0),
(1, 38, 10, 0),
(1, 39, 5, 0),
(1, 39, 6, 0),
(1, 39, 10, 0),
(1, 40, 5, 0),
(1, 40, 6, 0),
(1, 40, 10, 0),
(2, 2, 5, 1),
(2, 2, 6, 1),
(2, 2, 10, 0),
(2, 4, 5, 1),
(2, 4, 6, 1),
(2, 4, 8, 0),
(2, 4, 10, 0),
(2, 6, 5, 1),
(2, 6, 6, 1),
(2, 6, 8, 0),
(2, 6, 10, 0),
(2, 7, 5, 1),
(2, 7, 6, 1),
(2, 7, 8, 0),
(2, 7, 9, 0),
(2, 7, 10, 0),
(2, 8, 6, 1),
(2, 9, 5, 0),
(2, 9, 6, 0),
(2, 13, 5, 1),
(2, 13, 6, 1),
(2, 13, 8, 0),
(2, 13, 10, 0),
(2, 14, 5, 1),
(2, 14, 6, 1),
(2, 14, 10, 0),
(2, 18, 5, 1),
(2, 18, 6, 1),
(2, 18, 10, 0),
(2, 19, 5, 1),
(2, 19, 6, 1),
(2, 19, 10, 0),
(2, 20, 5, 0),
(2, 20, 6, 0),
(2, 21, 5, 0),
(2, 21, 6, 0),
(2, 22, 5, 0),
(2, 22, 6, 0),
(2, 23, 5, 0),
(2, 23, 6, 0),
(2, 25, 6, 0),
(2, 25, 13, 0),
(2, 30, 5, 0),
(2, 30, 6, 0),
(2, 30, 10, 0),
(2, 31, 5, 0),
(2, 31, 6, 0),
(2, 31, 10, 0),
(2, 36, 11, 0),
(2, 36, 12, 0),
(2, 38, 5, 0),
(2, 38, 6, 0),
(2, 38, 10, 0),
(2, 39, 5, 0),
(2, 39, 6, 0),
(2, 39, 10, 0),
(2, 40, 5, 0),
(2, 40, 6, 0),
(2, 40, 10, 0),
(3, 2, 5, 1),
(3, 2, 6, 1),
(3, 2, 10, 0),
(3, 4, 5, 1),
(3, 4, 6, 1),
(3, 4, 8, 0),
(3, 4, 10, 0),
(3, 6, 5, 1),
(3, 6, 6, 1),
(3, 6, 8, 0),
(3, 6, 10, 0),
(3, 7, 5, 1),
(3, 7, 6, 1),
(3, 7, 8, 0),
(3, 7, 9, 0),
(3, 7, 10, 0),
(3, 8, 6, 1),
(3, 9, 5, 0),
(3, 9, 6, 0),
(3, 13, 5, 1),
(3, 13, 6, 1),
(3, 13, 8, 0),
(3, 13, 10, 0),
(3, 14, 5, 1),
(3, 14, 6, 1),
(3, 14, 10, 0),
(3, 18, 5, 1),
(3, 18, 6, 1),
(3, 18, 10, 0),
(3, 19, 5, 1),
(3, 19, 6, 1),
(3, 19, 10, 0),
(3, 20, 5, 0),
(3, 20, 6, 0),
(3, 21, 5, 0),
(3, 21, 6, 0),
(3, 22, 5, 0),
(3, 22, 6, 0),
(3, 23, 5, 0),
(3, 23, 6, 0),
(3, 25, 6, 0),
(3, 25, 13, 0),
(3, 30, 5, 0),
(3, 30, 6, 0),
(3, 30, 10, 0),
(3, 31, 5, 0),
(3, 31, 6, 0),
(3, 31, 10, 0),
(3, 36, 11, 0),
(3, 36, 12, 0),
(3, 38, 5, 0),
(3, 38, 6, 0),
(3, 38, 10, 0),
(3, 39, 5, 0),
(3, 39, 6, 0),
(3, 39, 10, 0),
(3, 40, 5, 0),
(3, 40, 6, 0),
(3, 40, 10, 0),
(4, 2, 5, 1),
(4, 2, 6, 1),
(4, 2, 10, 0),
(4, 4, 5, 1),
(4, 4, 6, 1),
(4, 4, 8, 1),
(4, 4, 10, 0),
(4, 6, 5, 1),
(4, 6, 6, 1),
(4, 6, 8, 1),
(4, 6, 10, 0),
(4, 7, 5, 1),
(4, 7, 6, 1),
(4, 7, 8, 1),
(4, 7, 9, 0),
(4, 7, 10, 0),
(4, 8, 6, 1),
(4, 9, 5, 0),
(4, 9, 6, 0),
(4, 13, 5, 1),
(4, 13, 6, 1),
(4, 13, 8, 1),
(4, 13, 10, 0),
(4, 14, 5, 1),
(4, 14, 6, 1),
(4, 14, 10, 0),
(4, 18, 5, 1),
(4, 18, 6, 1),
(4, 18, 10, 0),
(4, 19, 5, 1),
(4, 19, 6, 1),
(4, 19, 10, 0),
(4, 20, 5, 0),
(4, 20, 6, 0),
(4, 21, 5, 0),
(4, 21, 6, 0),
(4, 22, 5, 0),
(4, 22, 6, 0),
(4, 23, 5, 0),
(4, 23, 6, 0),
(4, 25, 6, 0),
(4, 25, 13, 0),
(4, 30, 5, 0),
(4, 30, 6, 0),
(4, 30, 10, 0),
(4, 31, 5, 0),
(4, 31, 6, 0),
(4, 31, 10, 0),
(4, 36, 11, 0),
(4, 36, 12, 0),
(4, 38, 5, 0),
(4, 38, 6, 0),
(4, 38, 10, 0),
(4, 39, 5, 0),
(4, 39, 6, 0),
(4, 39, 10, 0),
(4, 40, 5, 0),
(4, 40, 6, 0),
(4, 40, 10, 0);

-- --------------------------------------------------------

--
-- Estructura de tabla para la tabla `vtiger_profile_seq`
--

CREATE TABLE IF NOT EXISTS `vtiger_profile_seq` (
  `id` int(11) NOT NULL
) ENGINE=InnoDB DEFAULT CHARSET=latin1;

--
-- Volcado de datos para la tabla `vtiger_profile_seq`
--

INSERT INTO `vtiger_profile_seq` (`id`) VALUES
(4);

-- --------------------------------------------------------

--
-- Estructura de tabla para la tabla `vtiger_progress`
--

CREATE TABLE IF NOT EXISTS `vtiger_progress` (
`progressid` int(11) NOT NULL,
  `progress` varchar(200) NOT NULL,
  `presence` int(1) NOT NULL DEFAULT '1',
  `picklist_valueid` int(11) NOT NULL DEFAULT '0',
  `sortorderid` int(11) DEFAULT '0'
) ENGINE=InnoDB AUTO_INCREMENT=12 DEFAULT CHARSET=utf8;

--
-- Volcado de datos para la tabla `vtiger_progress`
--

INSERT INTO `vtiger_progress` (`progressid`, `progress`, `presence`, `picklist_valueid`, `sortorderid`) VALUES
(2, '10%', 1, 276, 2),
(3, '20%', 1, 277, 3),
(4, '30%', 1, 278, 4),
(5, '40%', 1, 279, 5),
(6, '50%', 1, 280, 6),
(7, '60%', 1, 281, 7),
(8, '70%', 1, 282, 8),
(9, '80%', 1, 283, 9),
(10, '90%', 1, 284, 10),
(11, '100%', 1, 285, 11);

-- --------------------------------------------------------

--
-- Estructura de tabla para la tabla `vtiger_progress_seq`
--

CREATE TABLE IF NOT EXISTS `vtiger_progress_seq` (
  `id` int(11) NOT NULL
) ENGINE=InnoDB DEFAULT CHARSET=latin1;

--
-- Volcado de datos para la tabla `vtiger_progress_seq`
--

INSERT INTO `vtiger_progress_seq` (`id`) VALUES
(11);

-- --------------------------------------------------------

--
-- Estructura de tabla para la tabla `vtiger_project`
--

CREATE TABLE IF NOT EXISTS `vtiger_project` (
  `projectid` int(11) DEFAULT NULL,
  `projectname` varchar(255) DEFAULT NULL,
  `project_no` varchar(100) DEFAULT NULL,
  `startdate` date DEFAULT NULL,
  `targetenddate` date DEFAULT NULL,
  `actualenddate` date DEFAULT NULL,
  `targetbudget` varchar(255) DEFAULT NULL,
  `projecturl` varchar(255) DEFAULT NULL,
  `projectstatus` varchar(100) DEFAULT NULL,
  `projectpriority` varchar(100) DEFAULT NULL,
  `projecttype` varchar(100) DEFAULT NULL,
  `progress` varchar(100) DEFAULT NULL,
  `linktoaccountscontacts` varchar(100) DEFAULT NULL
) ENGINE=InnoDB DEFAULT CHARSET=utf8;

-- --------------------------------------------------------

--
-- Estructura de tabla para la tabla `vtiger_projectcf`
--

CREATE TABLE IF NOT EXISTS `vtiger_projectcf` (
  `projectid` int(11) NOT NULL
) ENGINE=InnoDB DEFAULT CHARSET=utf8;

-- --------------------------------------------------------

--
-- Estructura de tabla para la tabla `vtiger_projectmilestone`
--

CREATE TABLE IF NOT EXISTS `vtiger_projectmilestone` (
  `projectmilestoneid` int(11) NOT NULL,
  `projectmilestonename` varchar(255) DEFAULT NULL,
  `projectmilestone_no` varchar(100) DEFAULT NULL,
  `projectmilestonedate` varchar(255) DEFAULT NULL,
  `projectid` varchar(100) DEFAULT NULL,
  `projectmilestonetype` varchar(100) DEFAULT NULL
) ENGINE=InnoDB DEFAULT CHARSET=utf8;

-- --------------------------------------------------------

--
-- Estructura de tabla para la tabla `vtiger_projectmilestonecf`
--

CREATE TABLE IF NOT EXISTS `vtiger_projectmilestonecf` (
  `projectmilestoneid` int(11) NOT NULL DEFAULT '0'
) ENGINE=InnoDB DEFAULT CHARSET=utf8;

-- --------------------------------------------------------

--
-- Estructura de tabla para la tabla `vtiger_projectmilestonetype`
--

CREATE TABLE IF NOT EXISTS `vtiger_projectmilestonetype` (
`projectmilestonetypeid` int(11) NOT NULL,
  `projectmilestonetype` varchar(200) NOT NULL,
  `presence` int(1) NOT NULL DEFAULT '1',
  `picklist_valueid` int(11) NOT NULL DEFAULT '0',
  `sortorderid` int(11) DEFAULT '0'
) ENGINE=InnoDB AUTO_INCREMENT=5 DEFAULT CHARSET=utf8;

--
-- Volcado de datos para la tabla `vtiger_projectmilestonetype`
--

INSERT INTO `vtiger_projectmilestonetype` (`projectmilestonetypeid`, `projectmilestonetype`, `presence`, `picklist_valueid`, `sortorderid`) VALUES
(2, 'administrative', 1, 236, 2),
(3, 'operative', 1, 237, 3),
(4, 'other', 1, 238, 4);

-- --------------------------------------------------------

--
-- Estructura de tabla para la tabla `vtiger_projectmilestonetype_seq`
--

CREATE TABLE IF NOT EXISTS `vtiger_projectmilestonetype_seq` (
  `id` int(11) NOT NULL
) ENGINE=InnoDB DEFAULT CHARSET=latin1;

--
-- Volcado de datos para la tabla `vtiger_projectmilestonetype_seq`
--

INSERT INTO `vtiger_projectmilestonetype_seq` (`id`) VALUES
(4);

-- --------------------------------------------------------

--
-- Estructura de tabla para la tabla `vtiger_projectpriority`
--

CREATE TABLE IF NOT EXISTS `vtiger_projectpriority` (
`projectpriorityid` int(11) NOT NULL,
  `projectpriority` varchar(200) NOT NULL,
  `presence` int(1) NOT NULL DEFAULT '1',
  `picklist_valueid` int(11) NOT NULL DEFAULT '0',
  `sortorderid` int(11) DEFAULT '0'
) ENGINE=InnoDB AUTO_INCREMENT=5 DEFAULT CHARSET=utf8;

--
-- Volcado de datos para la tabla `vtiger_projectpriority`
--

INSERT INTO `vtiger_projectpriority` (`projectpriorityid`, `projectpriority`, `presence`, `picklist_valueid`, `sortorderid`) VALUES
(2, 'low', 1, 272, 2),
(3, 'normal', 1, 273, 3),
(4, 'high', 1, 274, 4);

-- --------------------------------------------------------

--
-- Estructura de tabla para la tabla `vtiger_projectpriority_seq`
--

CREATE TABLE IF NOT EXISTS `vtiger_projectpriority_seq` (
  `id` int(11) NOT NULL
) ENGINE=InnoDB DEFAULT CHARSET=latin1;

--
-- Volcado de datos para la tabla `vtiger_projectpriority_seq`
--

INSERT INTO `vtiger_projectpriority_seq` (`id`) VALUES
(4);

-- --------------------------------------------------------

--
-- Estructura de tabla para la tabla `vtiger_projectstatus`
--

CREATE TABLE IF NOT EXISTS `vtiger_projectstatus` (
`projectstatusid` int(11) NOT NULL,
  `projectstatus` varchar(200) NOT NULL,
  `presence` int(1) NOT NULL DEFAULT '1',
  `picklist_valueid` int(11) NOT NULL DEFAULT '0',
  `sortorderid` int(11) DEFAULT '0'
) ENGINE=InnoDB AUTO_INCREMENT=10 DEFAULT CHARSET=utf8;

--
-- Volcado de datos para la tabla `vtiger_projectstatus`
--

INSERT INTO `vtiger_projectstatus` (`projectstatusid`, `projectstatus`, `presence`, `picklist_valueid`, `sortorderid`) VALUES
(2, 'prospecting', 1, 259, 2),
(3, 'initiated', 1, 260, 3),
(4, 'in progress', 1, 261, 4),
(5, 'waiting for feedback', 1, 262, 5),
(6, 'on hold', 1, 263, 6),
(7, 'completed', 1, 264, 7),
(8, 'delivered', 1, 265, 8),
(9, 'archived', 1, 266, 9);

-- --------------------------------------------------------

--
-- Estructura de tabla para la tabla `vtiger_projectstatus_seq`
--

CREATE TABLE IF NOT EXISTS `vtiger_projectstatus_seq` (
  `id` int(11) NOT NULL
) ENGINE=InnoDB DEFAULT CHARSET=latin1;

--
-- Volcado de datos para la tabla `vtiger_projectstatus_seq`
--

INSERT INTO `vtiger_projectstatus_seq` (`id`) VALUES
(9);

-- --------------------------------------------------------

--
-- Estructura de tabla para la tabla `vtiger_projecttask`
--

CREATE TABLE IF NOT EXISTS `vtiger_projecttask` (
  `projecttaskid` int(11) NOT NULL,
  `projecttaskname` varchar(255) DEFAULT NULL,
  `projecttask_no` varchar(100) DEFAULT NULL,
  `projecttasktype` varchar(100) DEFAULT NULL,
  `projecttaskpriority` varchar(100) DEFAULT NULL,
  `projecttaskprogress` varchar(100) DEFAULT NULL,
  `projecttaskhours` varchar(255) DEFAULT NULL,
  `startdate` date DEFAULT NULL,
  `enddate` date DEFAULT NULL,
  `projectid` varchar(100) DEFAULT NULL,
  `projecttasknumber` int(11) DEFAULT NULL,
  `projecttaskstatus` varchar(100) DEFAULT NULL
) ENGINE=InnoDB DEFAULT CHARSET=utf8;

-- --------------------------------------------------------

--
-- Estructura de tabla para la tabla `vtiger_projecttaskcf`
--

CREATE TABLE IF NOT EXISTS `vtiger_projecttaskcf` (
  `projecttaskid` int(11) NOT NULL DEFAULT '0'
) ENGINE=InnoDB DEFAULT CHARSET=utf8;

-- --------------------------------------------------------

--
-- Estructura de tabla para la tabla `vtiger_projecttaskpriority`
--

CREATE TABLE IF NOT EXISTS `vtiger_projecttaskpriority` (
`projecttaskpriorityid` int(11) NOT NULL,
  `projecttaskpriority` varchar(200) NOT NULL,
  `presence` int(1) NOT NULL DEFAULT '1',
  `picklist_valueid` int(11) NOT NULL DEFAULT '0',
  `sortorderid` int(11) DEFAULT '0'
) ENGINE=InnoDB AUTO_INCREMENT=5 DEFAULT CHARSET=utf8;

--
-- Volcado de datos para la tabla `vtiger_projecttaskpriority`
--

INSERT INTO `vtiger_projecttaskpriority` (`projecttaskpriorityid`, `projecttaskpriority`, `presence`, `picklist_valueid`, `sortorderid`) VALUES
(2, 'low', 1, 244, 2),
(3, 'normal', 1, 245, 3),
(4, 'high', 1, 246, 4);

-- --------------------------------------------------------

--
-- Estructura de tabla para la tabla `vtiger_projecttaskpriority_seq`
--

CREATE TABLE IF NOT EXISTS `vtiger_projecttaskpriority_seq` (
  `id` int(11) NOT NULL
) ENGINE=InnoDB DEFAULT CHARSET=latin1;

--
-- Volcado de datos para la tabla `vtiger_projecttaskpriority_seq`
--

INSERT INTO `vtiger_projecttaskpriority_seq` (`id`) VALUES
(4);

-- --------------------------------------------------------

--
-- Estructura de tabla para la tabla `vtiger_projecttaskprogress`
--

CREATE TABLE IF NOT EXISTS `vtiger_projecttaskprogress` (
`projecttaskprogressid` int(11) NOT NULL,
  `projecttaskprogress` varchar(200) NOT NULL,
  `presence` int(1) NOT NULL DEFAULT '1',
  `picklist_valueid` int(11) NOT NULL DEFAULT '0',
  `sortorderid` int(11) DEFAULT '0'
) ENGINE=InnoDB AUTO_INCREMENT=12 DEFAULT CHARSET=utf8;

--
-- Volcado de datos para la tabla `vtiger_projecttaskprogress`
--

INSERT INTO `vtiger_projecttaskprogress` (`projecttaskprogressid`, `projecttaskprogress`, `presence`, `picklist_valueid`, `sortorderid`) VALUES
(2, '10%', 1, 248, 2),
(3, '20%', 1, 249, 3),
(4, '30%', 1, 250, 4),
(5, '40%', 1, 251, 5),
(6, '50%', 1, 252, 6),
(7, '60%', 1, 253, 7),
(8, '70%', 1, 254, 8),
(9, '80%', 1, 255, 9),
(10, '90%', 1, 256, 10),
(11, '100%', 1, 257, 11);

-- --------------------------------------------------------

--
-- Estructura de tabla para la tabla `vtiger_projecttaskprogress_seq`
--

CREATE TABLE IF NOT EXISTS `vtiger_projecttaskprogress_seq` (
  `id` int(11) NOT NULL
) ENGINE=InnoDB DEFAULT CHARSET=latin1;

--
-- Volcado de datos para la tabla `vtiger_projecttaskprogress_seq`
--

INSERT INTO `vtiger_projecttaskprogress_seq` (`id`) VALUES
(11);

-- --------------------------------------------------------

--
-- Estructura de tabla para la tabla `vtiger_projecttaskstatus`
--

CREATE TABLE IF NOT EXISTS `vtiger_projecttaskstatus` (
`projecttaskstatusid` int(11) NOT NULL,
  `projecttaskstatus` varchar(200) NOT NULL,
  `presence` int(1) NOT NULL DEFAULT '1',
  `picklist_valueid` int(11) NOT NULL DEFAULT '0',
  `sortorderid` int(11) DEFAULT '0'
) ENGINE=InnoDB AUTO_INCREMENT=7 DEFAULT CHARSET=utf8;

--
-- Volcado de datos para la tabla `vtiger_projecttaskstatus`
--

INSERT INTO `vtiger_projecttaskstatus` (`projecttaskstatusid`, `projecttaskstatus`, `presence`, `picklist_valueid`, `sortorderid`) VALUES
(2, 'Open', 0, 290, 2),
(3, 'In Progress', 0, 291, 3),
(4, 'Completed', 0, 292, 4),
(5, 'Deferred', 0, 293, 5),
(6, 'Canceled ', 0, 294, 6);

-- --------------------------------------------------------

--
-- Estructura de tabla para la tabla `vtiger_projecttaskstatus_seq`
--

CREATE TABLE IF NOT EXISTS `vtiger_projecttaskstatus_seq` (
  `id` int(11) NOT NULL
) ENGINE=InnoDB DEFAULT CHARSET=latin1;

--
-- Volcado de datos para la tabla `vtiger_projecttaskstatus_seq`
--

INSERT INTO `vtiger_projecttaskstatus_seq` (`id`) VALUES
(6);

-- --------------------------------------------------------

--
-- Estructura de tabla para la tabla `vtiger_projecttasktype`
--

CREATE TABLE IF NOT EXISTS `vtiger_projecttasktype` (
`projecttasktypeid` int(11) NOT NULL,
  `projecttasktype` varchar(200) NOT NULL,
  `presence` int(1) NOT NULL DEFAULT '1',
  `picklist_valueid` int(11) NOT NULL DEFAULT '0',
  `sortorderid` int(11) DEFAULT '0'
) ENGINE=InnoDB AUTO_INCREMENT=5 DEFAULT CHARSET=utf8;

--
-- Volcado de datos para la tabla `vtiger_projecttasktype`
--

INSERT INTO `vtiger_projecttasktype` (`projecttasktypeid`, `projecttasktype`, `presence`, `picklist_valueid`, `sortorderid`) VALUES
(2, 'administrative', 1, 240, 2),
(3, 'operative', 1, 241, 3),
(4, 'other', 1, 242, 4);

-- --------------------------------------------------------

--
-- Estructura de tabla para la tabla `vtiger_projecttasktype_seq`
--

CREATE TABLE IF NOT EXISTS `vtiger_projecttasktype_seq` (
  `id` int(11) NOT NULL
) ENGINE=InnoDB DEFAULT CHARSET=latin1;

--
-- Volcado de datos para la tabla `vtiger_projecttasktype_seq`
--

INSERT INTO `vtiger_projecttasktype_seq` (`id`) VALUES
(4);

-- --------------------------------------------------------

--
-- Estructura de tabla para la tabla `vtiger_projecttype`
--

CREATE TABLE IF NOT EXISTS `vtiger_projecttype` (
`projecttypeid` int(11) NOT NULL,
  `projecttype` varchar(200) NOT NULL,
  `presence` int(1) NOT NULL DEFAULT '1',
  `picklist_valueid` int(11) NOT NULL DEFAULT '0',
  `sortorderid` int(11) DEFAULT '0'
) ENGINE=InnoDB AUTO_INCREMENT=5 DEFAULT CHARSET=utf8;

--
-- Volcado de datos para la tabla `vtiger_projecttype`
--

INSERT INTO `vtiger_projecttype` (`projecttypeid`, `projecttype`, `presence`, `picklist_valueid`, `sortorderid`) VALUES
(2, 'administrative', 1, 268, 2),
(3, 'operative', 1, 269, 3),
(4, 'other', 1, 270, 4);

-- --------------------------------------------------------

--
-- Estructura de tabla para la tabla `vtiger_projecttype_seq`
--

CREATE TABLE IF NOT EXISTS `vtiger_projecttype_seq` (
  `id` int(11) NOT NULL
) ENGINE=InnoDB DEFAULT CHARSET=latin1;

--
-- Volcado de datos para la tabla `vtiger_projecttype_seq`
--

INSERT INTO `vtiger_projecttype_seq` (`id`) VALUES
(4);

-- --------------------------------------------------------

--
-- Estructura de tabla para la tabla `vtiger_purchaseorder`
--

CREATE TABLE IF NOT EXISTS `vtiger_purchaseorder` (
  `purchaseorderid` int(19) NOT NULL DEFAULT '0',
  `subject` varchar(100) DEFAULT NULL,
  `quoteid` int(19) DEFAULT NULL,
  `vendorid` int(19) DEFAULT NULL,
  `requisition_no` varchar(100) DEFAULT NULL,
  `purchaseorder_no` varchar(100) DEFAULT NULL,
  `tracking_no` varchar(100) DEFAULT NULL,
  `contactid` int(19) DEFAULT NULL,
  `duedate` date DEFAULT NULL,
  `carrier` varchar(200) DEFAULT NULL,
  `type` varchar(100) DEFAULT NULL,
  `adjustment` decimal(25,8) DEFAULT NULL,
  `salescommission` decimal(25,3) DEFAULT NULL,
  `exciseduty` decimal(25,3) DEFAULT NULL,
  `total` decimal(25,8) DEFAULT NULL,
  `subtotal` decimal(25,8) DEFAULT NULL,
  `taxtype` varchar(25) DEFAULT NULL,
  `discount_percent` decimal(25,3) DEFAULT NULL,
  `discount_amount` decimal(25,8) DEFAULT NULL,
  `s_h_amount` decimal(25,8) DEFAULT NULL,
  `terms_conditions` text,
  `postatus` varchar(200) DEFAULT NULL,
  `currency_id` int(19) NOT NULL DEFAULT '1',
  `conversion_rate` decimal(10,3) NOT NULL DEFAULT '1.000',
  `pre_tax_total` decimal(25,8) DEFAULT NULL,
  `paid` decimal(25,8) DEFAULT NULL,
  `balance` decimal(25,8) DEFAULT NULL,
  `s_h_percent` int(11) DEFAULT NULL
) ENGINE=InnoDB DEFAULT CHARSET=latin1;

-- --------------------------------------------------------

--
-- Estructura de tabla para la tabla `vtiger_purchaseordercf`
--

CREATE TABLE IF NOT EXISTS `vtiger_purchaseordercf` (
  `purchaseorderid` int(19) NOT NULL DEFAULT '0'
) ENGINE=InnoDB DEFAULT CHARSET=latin1;

-- --------------------------------------------------------

--
-- Estructura de tabla para la tabla `vtiger_quotes`
--

CREATE TABLE IF NOT EXISTS `vtiger_quotes` (
  `quoteid` int(19) NOT NULL DEFAULT '0',
  `subject` varchar(100) DEFAULT NULL,
  `potentialid` int(19) DEFAULT NULL,
  `quotestage` varchar(200) DEFAULT NULL,
  `validtill` date DEFAULT NULL,
  `contactid` int(19) DEFAULT NULL,
  `quote_no` varchar(100) DEFAULT NULL,
  `subtotal` decimal(25,8) DEFAULT NULL,
  `carrier` varchar(200) DEFAULT NULL,
  `shipping` varchar(100) DEFAULT NULL,
  `inventorymanager` int(19) DEFAULT NULL,
  `type` varchar(100) DEFAULT NULL,
  `adjustment` decimal(25,8) DEFAULT NULL,
  `total` decimal(25,8) DEFAULT NULL,
  `taxtype` varchar(25) DEFAULT NULL,
  `discount_percent` decimal(25,3) DEFAULT NULL,
  `discount_amount` decimal(25,8) DEFAULT NULL,
  `s_h_amount` decimal(25,8) DEFAULT NULL,
  `accountid` int(19) DEFAULT NULL,
  `terms_conditions` text,
  `currency_id` int(19) NOT NULL DEFAULT '1',
  `conversion_rate` decimal(10,3) NOT NULL DEFAULT '1.000',
  `pre_tax_total` decimal(25,8) DEFAULT NULL,
  `s_h_percent` int(11) DEFAULT NULL
) ENGINE=InnoDB DEFAULT CHARSET=latin1;

-- --------------------------------------------------------

--
-- Estructura de tabla para la tabla `vtiger_quotesbillads`
--

CREATE TABLE IF NOT EXISTS `vtiger_quotesbillads` (
  `quotebilladdressid` int(19) NOT NULL DEFAULT '0',
  `bill_city` varchar(30) DEFAULT NULL,
  `bill_code` varchar(30) DEFAULT NULL,
  `bill_country` varchar(30) DEFAULT NULL,
  `bill_state` varchar(30) DEFAULT NULL,
  `bill_street` varchar(250) DEFAULT NULL,
  `bill_pobox` varchar(30) DEFAULT NULL
) ENGINE=InnoDB DEFAULT CHARSET=latin1;

-- --------------------------------------------------------

--
-- Estructura de tabla para la tabla `vtiger_quotescf`
--

CREATE TABLE IF NOT EXISTS `vtiger_quotescf` (
  `quoteid` int(19) NOT NULL DEFAULT '0'
) ENGINE=InnoDB DEFAULT CHARSET=latin1;

-- --------------------------------------------------------

--
-- Estructura de tabla para la tabla `vtiger_quotesshipads`
--

CREATE TABLE IF NOT EXISTS `vtiger_quotesshipads` (
  `quoteshipaddressid` int(19) NOT NULL DEFAULT '0',
  `ship_city` varchar(30) DEFAULT NULL,
  `ship_code` varchar(30) DEFAULT NULL,
  `ship_country` varchar(30) DEFAULT NULL,
  `ship_state` varchar(30) DEFAULT NULL,
  `ship_street` varchar(250) DEFAULT NULL,
  `ship_pobox` varchar(30) DEFAULT NULL
) ENGINE=InnoDB DEFAULT CHARSET=latin1;

-- --------------------------------------------------------

--
-- Estructura de tabla para la tabla `vtiger_quotestage`
--

CREATE TABLE IF NOT EXISTS `vtiger_quotestage` (
`quotestageid` int(19) NOT NULL,
  `quotestage` varchar(200) NOT NULL,
  `presence` int(1) NOT NULL DEFAULT '1',
  `picklist_valueid` int(19) NOT NULL DEFAULT '0',
  `sortorderid` int(11) DEFAULT NULL
) ENGINE=InnoDB AUTO_INCREMENT=6 DEFAULT CHARSET=latin1;

--
-- Volcado de datos para la tabla `vtiger_quotestage`
--

INSERT INTO `vtiger_quotestage` (`quotestageid`, `quotestage`, `presence`, `picklist_valueid`, `sortorderid`) VALUES
(1, 'Created', 0, 139, 0),
(2, 'Delivered', 0, 140, 1),
(3, 'Reviewed', 0, 141, 2),
(4, 'Accepted', 0, 142, 3),
(5, 'Rejected', 0, 143, 4);

-- --------------------------------------------------------

--
-- Estructura de tabla para la tabla `vtiger_quotestagehistory`
--

CREATE TABLE IF NOT EXISTS `vtiger_quotestagehistory` (
`historyid` int(19) NOT NULL,
  `quoteid` int(19) NOT NULL,
  `accountname` varchar(100) DEFAULT NULL,
  `total` decimal(10,0) DEFAULT NULL,
  `quotestage` varchar(200) DEFAULT NULL,
  `lastmodified` datetime DEFAULT NULL
) ENGINE=InnoDB DEFAULT CHARSET=latin1;

-- --------------------------------------------------------

--
-- Estructura de tabla para la tabla `vtiger_quotestage_seq`
--

CREATE TABLE IF NOT EXISTS `vtiger_quotestage_seq` (
  `id` int(11) NOT NULL
) ENGINE=InnoDB DEFAULT CHARSET=latin1;

--
-- Volcado de datos para la tabla `vtiger_quotestage_seq`
--

INSERT INTO `vtiger_quotestage_seq` (`id`) VALUES
(5);

-- --------------------------------------------------------

--
-- Estructura de tabla para la tabla `vtiger_rating`
--

CREATE TABLE IF NOT EXISTS `vtiger_rating` (
`rating_id` int(19) NOT NULL,
  `rating` varchar(200) DEFAULT NULL,
  `presence` int(1) NOT NULL DEFAULT '1',
  `picklist_valueid` int(19) NOT NULL DEFAULT '0',
  `sortorderid` int(11) DEFAULT NULL
) ENGINE=InnoDB AUTO_INCREMENT=7 DEFAULT CHARSET=latin1;

--
-- Volcado de datos para la tabla `vtiger_rating`
--

INSERT INTO `vtiger_rating` (`rating_id`, `rating`, `presence`, `picklist_valueid`, `sortorderid`) VALUES
(2, 'Acquired', 1, 145, 1),
(3, 'Active', 1, 146, 2),
(4, 'Market Failed', 1, 147, 3),
(5, 'Project Cancelled', 1, 148, 4),
(6, 'Shutdown', 1, 149, 5);

-- --------------------------------------------------------

--
-- Estructura de tabla para la tabla `vtiger_rating_seq`
--

CREATE TABLE IF NOT EXISTS `vtiger_rating_seq` (
  `id` int(11) NOT NULL
) ENGINE=InnoDB DEFAULT CHARSET=latin1;

--
-- Volcado de datos para la tabla `vtiger_rating_seq`
--

INSERT INTO `vtiger_rating_seq` (`id`) VALUES
(6);

-- --------------------------------------------------------

--
-- Estructura de tabla para la tabla `vtiger_recurringevents`
--

CREATE TABLE IF NOT EXISTS `vtiger_recurringevents` (
`recurringid` int(19) NOT NULL,
  `activityid` int(19) NOT NULL,
  `recurringdate` date DEFAULT NULL,
  `recurringtype` varchar(30) DEFAULT NULL,
  `recurringfreq` int(19) DEFAULT NULL,
  `recurringinfo` varchar(50) DEFAULT NULL,
  `recurringenddate` date DEFAULT NULL
) ENGINE=InnoDB DEFAULT CHARSET=latin1;

-- --------------------------------------------------------

--
-- Estructura de tabla para la tabla `vtiger_recurringtype`
--

CREATE TABLE IF NOT EXISTS `vtiger_recurringtype` (
`recurringeventid` int(19) NOT NULL,
  `recurringtype` varchar(200) NOT NULL,
  `sortorderid` int(19) NOT NULL DEFAULT '0',
  `presence` int(1) NOT NULL DEFAULT '1'
) ENGINE=InnoDB AUTO_INCREMENT=6 DEFAULT CHARSET=latin1;

--
-- Volcado de datos para la tabla `vtiger_recurringtype`
--

INSERT INTO `vtiger_recurringtype` (`recurringeventid`, `recurringtype`, `sortorderid`, `presence`) VALUES
(2, 'Daily', 1, 1),
(3, 'Weekly', 2, 1),
(4, 'Monthly', 3, 1),
(5, 'Yearly', 4, 1);

-- --------------------------------------------------------

--
-- Estructura de tabla para la tabla `vtiger_recurringtype_seq`
--

CREATE TABLE IF NOT EXISTS `vtiger_recurringtype_seq` (
  `id` int(11) NOT NULL
) ENGINE=InnoDB DEFAULT CHARSET=latin1;

--
-- Volcado de datos para la tabla `vtiger_recurringtype_seq`
--

INSERT INTO `vtiger_recurringtype_seq` (`id`) VALUES
(5);

-- --------------------------------------------------------

--
-- Estructura de tabla para la tabla `vtiger_recurring_frequency`
--

CREATE TABLE IF NOT EXISTS `vtiger_recurring_frequency` (
  `recurring_frequency_id` int(11) DEFAULT NULL,
  `recurring_frequency` varchar(200) DEFAULT NULL,
  `sortorderid` int(11) DEFAULT NULL,
  `presence` int(11) DEFAULT NULL
) ENGINE=InnoDB DEFAULT CHARSET=latin1;

--
-- Volcado de datos para la tabla `vtiger_recurring_frequency`
--

INSERT INTO `vtiger_recurring_frequency` (`recurring_frequency_id`, `recurring_frequency`, `sortorderid`, `presence`) VALUES
(2, 'Daily', 1, 1),
(3, 'Weekly', 2, 1),
(4, 'Monthly', 3, 1),
(5, 'Quarterly', 4, 1),
(6, 'Yearly', 5, 1);

-- --------------------------------------------------------

--
-- Estructura de tabla para la tabla `vtiger_recurring_frequency_seq`
--

CREATE TABLE IF NOT EXISTS `vtiger_recurring_frequency_seq` (
  `id` int(11) NOT NULL
) ENGINE=InnoDB DEFAULT CHARSET=latin1;

--
-- Volcado de datos para la tabla `vtiger_recurring_frequency_seq`
--

INSERT INTO `vtiger_recurring_frequency_seq` (`id`) VALUES
(6);

-- --------------------------------------------------------

--
-- Estructura de tabla para la tabla `vtiger_relatedlists`
--

CREATE TABLE IF NOT EXISTS `vtiger_relatedlists` (
  `relation_id` int(19) NOT NULL,
  `tabid` int(10) DEFAULT NULL,
  `related_tabid` int(10) DEFAULT NULL,
  `name` varchar(100) DEFAULT NULL,
  `sequence` int(10) DEFAULT NULL,
  `label` varchar(100) DEFAULT NULL,
  `presence` int(10) NOT NULL DEFAULT '0',
  `actions` varchar(50) NOT NULL DEFAULT ''
) ENGINE=InnoDB DEFAULT CHARSET=latin1;

--
-- Volcado de datos para la tabla `vtiger_relatedlists`
--

INSERT INTO `vtiger_relatedlists` (`relation_id`, `tabid`, `related_tabid`, `name`, `sequence`, `label`, `presence`, `actions`) VALUES
(1, 6, 4, 'get_contacts', 1, 'Contacts', 0, 'add'),
(2, 6, 2, 'get_opportunities', 2, 'Potentials', 0, 'add'),
(3, 6, 20, 'get_quotes', 3, 'Quotes', 0, 'add'),
(4, 6, 22, 'get_salesorder', 4, 'Sales Order', 0, 'add'),
(5, 6, 23, 'get_invoices', 5, 'Invoice', 0, 'add'),
(6, 6, 9, 'get_activities', 6, 'Activities', 0, 'add'),
(7, 6, 10, 'get_emails', 7, 'Emails', 0, 'add'),
(8, 6, 9, 'get_history', 8, 'Activity History', 0, 'add'),
(9, 6, 8, 'get_attachments', 9, 'Documents', 0, 'add,select'),
(10, 6, 13, 'get_tickets', 10, 'HelpDesk', 0, 'add'),
(11, 6, 14, 'get_products', 11, 'Products', 0, 'select'),
(12, 7, 9, 'get_activities', 1, 'Activities', 0, 'add'),
(13, 7, 10, 'get_emails', 2, 'Emails', 0, 'add'),
(14, 7, 9, 'get_history', 3, 'Activity History', 0, 'add'),
(15, 7, 8, 'get_attachments', 4, 'Documents', 0, 'add,select'),
(16, 7, 14, 'get_products', 5, 'Products', 0, 'select'),
(17, 7, 26, 'get_campaigns', 6, 'Campaigns', 0, 'select'),
(18, 4, 2, 'get_opportunities', 1, 'Potentials', 0, 'add'),
(19, 4, 9, 'get_activities', 2, 'Activities', 0, 'add'),
(20, 4, 10, 'get_emails', 3, 'Emails', 0, 'add'),
(21, 4, 13, 'get_tickets', 4, 'HelpDesk', 0, 'add'),
(22, 4, 20, 'get_quotes', 5, 'Quotes', 0, 'add'),
(23, 4, 21, 'get_purchase_orders', 6, 'Purchase Order', 0, 'add'),
(24, 4, 22, 'get_salesorder', 7, 'Sales Order', 0, 'add'),
(25, 4, 14, 'get_products', 8, 'Products', 0, 'select'),
(26, 4, 9, 'get_history', 9, 'Activity History', 0, 'add'),
(27, 4, 8, 'get_attachments', 10, 'Documents', 0, 'add,select'),
(28, 4, 26, 'get_campaigns', 11, 'Campaigns', 0, 'select'),
(29, 4, 23, 'get_invoices', 12, 'Invoice', 0, 'add'),
(30, 2, 9, 'get_activities', 1, 'Activities', 0, 'add'),
(31, 2, 4, 'get_contacts', 2, 'Contacts', 0, 'select'),
(32, 2, 14, 'get_products', 3, 'Products', 0, 'select'),
(33, 2, 0, 'get_stage_history', 4, 'Sales Stage History', 0, ''),
(34, 2, 8, 'get_attachments', 5, 'Documents', 0, 'add,select'),
(35, 2, 20, 'get_Quotes', 6, 'Quotes', 0, 'add'),
(36, 2, 22, 'get_salesorder', 7, 'Sales Order', 0, 'add'),
(37, 2, 9, 'get_history', 8, 'Activity History', 0, ''),
(38, 14, 13, 'get_tickets', 1, 'HelpDesk', 0, 'add'),
(39, 14, 8, 'get_attachments', 3, 'Documents', 0, 'add,select'),
(40, 14, 20, 'get_quotes', 4, 'Quotes', 0, 'add'),
(41, 14, 21, 'get_purchase_orders', 5, 'Purchase Order', 0, 'add'),
(42, 14, 22, 'get_salesorder', 6, 'Sales Order', 0, 'add'),
(43, 14, 23, 'get_invoices', 7, 'Invoice', 0, 'add'),
(44, 14, 19, 'get_product_pricebooks', 8, 'PriceBooks', 0, 'ADD,SELECT'),
(45, 14, 7, 'get_leads', 9, 'Leads', 0, 'select'),
(46, 14, 6, 'get_accounts', 10, 'Accounts', 0, 'select'),
(47, 14, 4, 'get_contacts', 11, 'Contacts', 0, 'select'),
(48, 14, 2, 'get_opportunities', 12, 'Potentials', 0, 'select'),
(49, 14, 14, 'get_products', 13, 'Product Bundles', 0, 'add,select'),
(50, 14, 14, 'get_parent_products', 14, 'Parent Product', 0, ''),
(51, 10, 4, 'get_contacts', 1, 'Contacts', 0, 'select,bulkmail'),
(52, 10, 0, 'get_users', 2, 'Users', 0, ''),
(53, 10, 8, 'get_attachments', 3, 'Documents', 0, 'add,select'),
(54, 13, 9, 'get_activities', 1, 'Activities', 0, 'add'),
(55, 13, 8, 'get_attachments', 2, 'Documents', 0, 'add,select'),
(56, 13, 0, 'get_ticket_history', 3, 'Ticket History', 0, ''),
(57, 13, 9, 'get_history', 4, 'Activity History', 0, 'add'),
(58, 19, 14, 'get_pricebook_products', 2, 'Products', 0, 'select'),
(59, 18, 14, 'get_products', 1, 'Products', 0, 'add,select'),
(60, 18, 21, 'get_purchase_orders', 2, 'Purchase Order', 0, 'add'),
(61, 18, 4, 'get_contacts', 3, 'Contacts', 0, 'select'),
(62, 18, 10, 'get_emails', 4, 'Emails', 0, 'add'),
(63, 20, 22, 'get_salesorder', 1, 'Sales Order', 0, ''),
(64, 20, 9, 'get_activities', 2, 'Activities', 0, 'add'),
(65, 20, 8, 'get_attachments', 3, 'Documents', 0, 'add,select'),
(66, 20, 9, 'get_history', 4, 'Activity History', 0, ''),
(67, 20, 0, 'get_quotestagehistory', 5, 'Quote Stage History', 0, ''),
(68, 21, 9, 'get_activities', 1, 'Activities', 0, 'add'),
(69, 21, 8, 'get_attachments', 2, 'Documents', 0, 'add,select'),
(70, 21, 9, 'get_history', 3, 'Activity History', 0, ''),
(71, 21, 0, 'get_postatushistory', 4, 'PurchaseOrder Status History', 0, ''),
(72, 22, 9, 'get_activities', 1, 'Activities', 0, 'add'),
(73, 22, 8, 'get_attachments', 2, 'Documents', 0, 'add,select'),
(74, 22, 23, 'get_invoices', 3, 'Invoice', 0, ''),
(75, 22, 9, 'get_history', 4, 'Activity History', 0, ''),
(76, 22, 0, 'get_sostatushistory', 5, 'SalesOrder Status History', 0, ''),
(77, 23, 9, 'get_activities', 1, 'Activities', 0, 'add'),
(78, 23, 8, 'get_attachments', 2, 'Documents', 0, 'add,select'),
(79, 23, 9, 'get_history', 3, 'Activity History', 0, ''),
(80, 23, 0, 'get_invoicestatushistory', 4, 'Invoice Status History', 0, ''),
(81, 9, 0, 'get_users', 1, 'Users', 0, ''),
(82, 9, 4, 'get_contacts', 2, 'Contacts', 0, ''),
(83, 26, 4, 'get_contacts', 1, 'Contacts', 0, 'add,select'),
(84, 26, 7, 'get_leads', 2, 'Leads', 0, 'add,select'),
(85, 26, 2, 'get_opportunities', 3, 'Potentials', 0, 'add'),
(86, 26, 9, 'get_activities', 4, 'Activities', 0, 'add'),
(87, 6, 26, 'get_campaigns', 13, 'Campaigns', 0, 'select'),
(88, 26, 6, 'get_accounts', 5, 'Accounts', 0, 'add,select'),
(89, 15, 8, 'get_attachments', 1, 'Documents', 0, 'add,select'),
(90, 30, 13, 'get_related_list', 1, 'Service Requests', 0, 'ADD,SELECT'),
(91, 30, 8, 'get_attachments', 2, 'Documents', 0, 'ADD,SELECT'),
(92, 6, 30, 'get_dependents_list', 14, 'Service Contracts', 0, 'ADD'),
(93, 4, 30, 'get_dependents_list', 13, 'Service Contracts', 0, 'ADD'),
(94, 13, 30, 'get_related_list', 5, 'Service Contracts', 0, 'ADD,SELECT'),
(95, 31, 13, 'get_related_list', 1, 'HelpDesk', 0, 'ADD,SELECT'),
(96, 31, 20, 'get_quotes', 2, 'Quotes', 0, 'ADD'),
(97, 31, 21, 'get_purchase_orders', 3, 'Purchase Order', 0, 'ADD'),
(98, 31, 22, 'get_salesorder', 4, 'Sales Order', 0, 'ADD'),
(99, 31, 23, 'get_invoices', 5, 'Invoice', 0, 'ADD'),
(100, 31, 19, 'get_service_pricebooks', 6, 'PriceBooks', 0, 'ADD'),
(101, 31, 7, 'get_related_list', 7, 'Leads', 0, 'SELECT'),
(102, 31, 6, 'get_related_list', 8, 'Accounts', 0, 'SELECT'),
(103, 31, 4, 'get_related_list', 9, 'Contacts', 0, 'SELECT'),
(104, 31, 2, 'get_related_list', 10, 'Potentials', 0, 'SELECT'),
(105, 31, 8, 'get_attachments', 11, 'Documents', 0, 'ADD,SELECT'),
(106, 13, 31, 'get_related_list', 6, 'Services', 0, 'SELECT'),
(107, 7, 31, 'get_related_list', 7, 'Services', 0, 'SELECT'),
(108, 6, 31, 'get_related_list', 15, 'Services', 0, 'SELECT'),
(109, 4, 31, 'get_related_list', 14, 'Services', 0, 'SELECT'),
(110, 2, 31, 'get_related_list', 9, 'Services', 0, 'SELECT'),
(111, 19, 31, 'get_pricebook_services', 3, 'Services', 0, 'SELECT'),
(112, 4, 36, 'get_dependents_list', 15, 'PBXManager', 0, ''),
(113, 7, 36, 'get_dependents_list', 8, 'PBXManager', 0, ''),
(114, 6, 36, 'get_dependents_list', 16, 'PBXManager', 0, ''),
(121, 6, 40, 'get_dependents_list', 17, 'Projects', 0, 'add'),
(122, 4, 40, 'get_dependents_list', 16, 'Projects', 0, 'add'),
(123, 13, 40, 'get_related_list', 7, 'Projects', 0, 'SELECT'),
(124, 42, 13, 'get_related_list', 1, 'HelpDesk', 0, 'ADD,SELECT'),
(125, 42, 8, 'get_attachments', 2, 'Documents', 0, 'ADD,SELECT'),
(126, 6, 42, 'get_dependents_list', 18, 'Assets', 0, 'ADD'),
(127, 14, 42, 'get_dependents_list', 15, 'Assets', 0, 'ADD'),
(128, 23, 42, 'get_dependents_list', 5, 'Assets', 0, 'ADD'),
(129, 48, 6, 'get_related_list', 1, 'Accounts', 0, ' '),
(130, 48, 4, 'get_related_list', 2, 'Contacts', 0, ' '),
(131, 48, 7, 'get_related_list', 3, 'Leads', 0, ' '),
(132, 39, 8, 'get_attachments', 1, 'Documents', 0, 'ADD,SELECT'),
(133, 40, 39, 'get_dependents_list', 1, 'Project Tasks', 0, 'ADD'),
(134, 40, 38, 'get_dependents_list', 2, 'Project Milestones', 0, 'ADD'),
(135, 40, 8, 'get_attachments', 3, 'Documents', 0, 'ADD,SELECT'),
(136, 40, 13, 'get_related_list', 4, 'HelpDesk', 0, 'ADD,SELECT'),
(137, 40, 0, 'get_gantt_chart', 5, 'Charts', 0, ''),
(138, 4, 42, 'get_dependents_list', 17, 'Assets', 0, 'ADD'),
(139, 4, 18, 'get_vendors', 18, 'Vendors', 0, 'SELECT');

-- --------------------------------------------------------

--
-- Estructura de tabla para la tabla `vtiger_relatedlists_rb`
--

CREATE TABLE IF NOT EXISTS `vtiger_relatedlists_rb` (
  `entityid` int(19) DEFAULT NULL,
  `action` varchar(50) DEFAULT NULL,
  `rel_table` varchar(200) DEFAULT NULL,
  `rel_column` varchar(200) DEFAULT NULL,
  `ref_column` varchar(200) DEFAULT NULL,
  `related_crm_ids` text
) ENGINE=InnoDB DEFAULT CHARSET=latin1;

--
-- Volcado de datos para la tabla `vtiger_relatedlists_rb`
--

INSERT INTO `vtiger_relatedlists_rb` (`entityid`, `action`, `rel_table`, `rel_column`, `ref_column`, `related_crm_ids`) VALUES
(3, 'update', 'vtiger_crmentity', 'deleted', 'crmid', ''),
(2, 'update', 'vtiger_crmentity', 'deleted', 'crmid', '');

-- --------------------------------------------------------

--
-- Estructura de tabla para la tabla `vtiger_relatedlists_seq`
--

CREATE TABLE IF NOT EXISTS `vtiger_relatedlists_seq` (
  `id` int(11) NOT NULL
) ENGINE=InnoDB DEFAULT CHARSET=latin1;

--
-- Volcado de datos para la tabla `vtiger_relatedlists_seq`
--

INSERT INTO `vtiger_relatedlists_seq` (`id`) VALUES
(139);

-- --------------------------------------------------------

--
-- Estructura de tabla para la tabla `vtiger_relcriteria`
--

CREATE TABLE IF NOT EXISTS `vtiger_relcriteria` (
  `queryid` int(19) NOT NULL,
  `columnindex` int(11) NOT NULL,
  `columnname` varchar(250) DEFAULT '',
  `comparator` varchar(20) DEFAULT NULL,
  `value` varchar(512) DEFAULT NULL,
  `groupid` int(11) DEFAULT '1',
  `column_condition` varchar(256) DEFAULT 'and'
) ENGINE=InnoDB DEFAULT CHARSET=latin1;

--
-- Volcado de datos para la tabla `vtiger_relcriteria`
--

INSERT INTO `vtiger_relcriteria` (`queryid`, `columnindex`, `columnname`, `comparator`, `value`, `groupid`, `column_condition`) VALUES
(1, 0, 'vtiger_contactdetails:accountid:Contacts_Account_Name:account_id:V', 'n', '', 1, 'and'),
(2, 0, 'vtiger_contactdetails:accountid:Contacts_Account_Name:account_id:V', 'e', '', 1, 'and'),
(3, 0, 'vtiger_potential:potentialname:Potentials_Potential_Name:potentialname:V', 'n', '', 1, 'and'),
(7, 0, 'vtiger_potential:sales_stage:Potentials_Sales_Stage:sales_stage:V', 'e', 'Closed Won', 1, 'and'),
(12, 0, 'vtiger_troubletickets:status:HelpDesk_Status:ticketstatus:V', 'n', 'Closed', 1, 'and'),
(15, 0, 'vtiger_quotes:quotestage:Quotes_Quote_Stage:quotestage:V', 'n', 'Accepted', 1, 'and'),
(15, 1, 'vtiger_quotes:quotestage:Quotes_Quote_Stage:quotestage:V', 'n', 'Rejected', 1, 'and'),
(22, 0, 'vtiger_email_track:access_count:Emails_Access_Count:access_count:V', 'n', '', 1, 'and'),
(23, 0, 'vtiger_email_track:access_count:Emails_Access_Count:access_count:V', 'n', '', 1, 'and'),
(24, 0, 'vtiger_email_track:access_count:Emails_Access_Count:access_count:V', 'n', '', 1, 'and'),
(25, 0, 'vtiger_email_track:access_count:Emails_Access_Count:access_count:V', 'n', '', 1, 'and');

-- --------------------------------------------------------

--
-- Estructura de tabla para la tabla `vtiger_relcriteria_grouping`
--

CREATE TABLE IF NOT EXISTS `vtiger_relcriteria_grouping` (
  `groupid` int(11) NOT NULL,
  `queryid` int(19) NOT NULL,
  `group_condition` varchar(256) DEFAULT NULL,
  `condition_expression` text
) ENGINE=InnoDB DEFAULT CHARSET=latin1;

--
-- Volcado de datos para la tabla `vtiger_relcriteria_grouping`
--

INSERT INTO `vtiger_relcriteria_grouping` (`groupid`, `queryid`, `group_condition`, `condition_expression`) VALUES
(1, 1, '', '0'),
(1, 2, '', '0'),
(1, 3, '', '0'),
(1, 7, '', '0'),
(1, 12, '', '0'),
(1, 15, '', '0 and 1'),
(1, 22, '', '0'),
(1, 23, '', '0'),
(1, 24, '', '0'),
(1, 25, '', '0');

-- --------------------------------------------------------

--
-- Estructura de tabla para la tabla `vtiger_reminder_interval`
--

CREATE TABLE IF NOT EXISTS `vtiger_reminder_interval` (
`reminder_intervalid` int(19) NOT NULL,
  `reminder_interval` varchar(200) NOT NULL,
  `sortorderid` int(19) NOT NULL,
  `presence` int(1) NOT NULL
) ENGINE=InnoDB AUTO_INCREMENT=9 DEFAULT CHARSET=latin1;

--
-- Volcado de datos para la tabla `vtiger_reminder_interval`
--

INSERT INTO `vtiger_reminder_interval` (`reminder_intervalid`, `reminder_interval`, `sortorderid`, `presence`) VALUES
(2, '1 Minute', 1, 1),
(3, '5 Minutes', 2, 1),
(4, '15 Minutes', 3, 1),
(5, '30 Minutes', 4, 1),
(6, '45 Minutes', 5, 1),
(7, '1 Hour', 6, 1),
(8, '1 Day', 7, 1);

-- --------------------------------------------------------

--
-- Estructura de tabla para la tabla `vtiger_reminder_interval_seq`
--

CREATE TABLE IF NOT EXISTS `vtiger_reminder_interval_seq` (
  `id` int(11) NOT NULL
) ENGINE=InnoDB DEFAULT CHARSET=latin1;

--
-- Volcado de datos para la tabla `vtiger_reminder_interval_seq`
--

INSERT INTO `vtiger_reminder_interval_seq` (`id`) VALUES
(8);

-- --------------------------------------------------------

--
-- Estructura de tabla para la tabla `vtiger_report`
--

CREATE TABLE IF NOT EXISTS `vtiger_report` (
  `reportid` int(19) NOT NULL,
  `folderid` int(19) NOT NULL,
  `reportname` varchar(100) DEFAULT '',
  `description` varchar(250) DEFAULT '',
  `reporttype` varchar(50) DEFAULT '',
  `queryid` int(19) NOT NULL DEFAULT '0',
  `state` varchar(50) DEFAULT 'SAVED',
  `customizable` int(1) DEFAULT '1',
  `category` int(11) DEFAULT '1',
  `owner` int(11) DEFAULT '1',
  `sharingtype` varchar(200) DEFAULT 'Private'
) ENGINE=InnoDB DEFAULT CHARSET=latin1;

--
-- Volcado de datos para la tabla `vtiger_report`
--

INSERT INTO `vtiger_report` (`reportid`, `folderid`, `reportname`, `description`, `reporttype`, `queryid`, `state`, `customizable`, `category`, `owner`, `sharingtype`) VALUES
(1, 1, 'Contacts by Accounts', 'Contacts related to Accounts', 'tabular', 1, 'CUSTOM', 1, 1, 1, 'Public'),
(2, 1, 'Contacts without Accounts', 'Contacts not related to Accounts', 'tabular', 2, 'CUSTOM', 1, 1, 1, 'Public'),
(3, 1, 'Contacts by Potentials', 'Contacts related to Potentials', 'tabular', 3, 'CUSTOM', 1, 1, 1, 'Public'),
(4, 2, 'Lead by Source', 'Lead by Source', 'summary', 4, 'CUSTOM', 1, 1, 1, 'Public'),
(5, 2, 'Lead Status Report', 'Lead Status Report', 'summary', 5, 'CUSTOM', 1, 1, 1, 'Public'),
(6, 3, 'Potential Pipeline', 'Potential Pipeline', 'summary', 6, 'CUSTOM', 1, 1, 1, 'Public'),
(7, 3, 'Closed Potentials', 'Potential that have Won', 'tabular', 7, 'CUSTOM', 1, 1, 1, 'Public'),
(8, 4, 'Last Month Activities', 'Last Month Activities', 'tabular', 8, 'CUSTOM', 1, 1, 1, 'Public'),
(9, 4, 'This Month Activities', 'This Month Activities', 'tabular', 9, 'CUSTOM', 1, 1, 1, 'Public'),
(10, 5, 'Tickets by Products', 'Tickets related to Products', 'tabular', 10, 'CUSTOM', 1, 1, 1, 'Public'),
(11, 5, 'Tickets by Priority', 'Tickets by Priority', 'summary', 11, 'CUSTOM', 1, 1, 1, 'Public'),
(12, 5, 'Open Tickets', 'Tickets that are Open', 'tabular', 12, 'CUSTOM', 1, 1, 1, 'Public'),
(13, 6, 'Product Details', 'Product Detailed Report', 'tabular', 13, 'CUSTOM', 1, 1, 1, 'Public'),
(14, 6, 'Products by Contacts', 'Products related to Contacts', 'tabular', 14, 'CUSTOM', 1, 1, 1, 'Public'),
(15, 7, 'Open Quotes', 'Quotes that are Open', 'tabular', 15, 'CUSTOM', 1, 1, 1, 'Public'),
(16, 7, 'Quotes Detailed Report', 'Quotes Detailed Report', 'tabular', 16, 'CUSTOM', 1, 1, 1, 'Public'),
(17, 8, 'PurchaseOrder by Contacts', 'PurchaseOrder related to Contacts', 'tabular', 17, 'CUSTOM', 1, 1, 1, 'Public'),
(18, 8, 'PurchaseOrder Detailed Report', 'PurchaseOrder Detailed Report', 'tabular', 18, 'CUSTOM', 1, 1, 1, 'Public'),
(19, 9, 'Invoice Detailed Report', 'Invoice Detailed Report', 'tabular', 19, 'CUSTOM', 1, 1, 1, 'Public'),
(20, 10, 'SalesOrder Detailed Report', 'SalesOrder Detailed Report', 'tabular', 20, 'CUSTOM', 1, 1, 1, 'Public'),
(21, 11, 'Campaign Expectations and Actuals', 'Campaign Expectations and Actuals', 'tabular', 21, 'CUSTOM', 1, 1, 1, 'Public'),
(22, 12, 'Contacts Email Report', 'Emails sent to Contacts', 'tabular', 22, 'CUSTOM', 1, 1, 1, 'Public'),
(23, 12, 'Accounts Email Report', 'Emails sent to Organizations', 'tabular', 23, 'CUSTOM', 1, 1, 1, 'Public'),
(24, 12, 'Leads Email Report', 'Emails sent to Leads', 'tabular', 24, 'CUSTOM', 1, 1, 1, 'Public'),
(25, 12, 'Vendors Email Report', 'Emails sent to Vendors', 'tabular', 25, 'CUSTOM', 1, 1, 1, 'Public');

-- --------------------------------------------------------

--
-- Estructura de tabla para la tabla `vtiger_reportdatefilter`
--

CREATE TABLE IF NOT EXISTS `vtiger_reportdatefilter` (
  `datefilterid` int(19) NOT NULL,
  `datecolumnname` varchar(250) DEFAULT '',
  `datefilter` varchar(250) DEFAULT '',
  `startdate` date DEFAULT NULL,
  `enddate` date DEFAULT NULL
) ENGINE=InnoDB DEFAULT CHARSET=latin1;

--
-- Volcado de datos para la tabla `vtiger_reportdatefilter`
--

INSERT INTO `vtiger_reportdatefilter` (`datefilterid`, `datecolumnname`, `datefilter`, `startdate`, `enddate`) VALUES
(8, 'vtiger_crmentity:modifiedtime:modifiedtime:Calendar_Modified_Time', 'lastmonth', '2005-05-01', '2005-05-31'),
(9, 'vtiger_crmentity:modifiedtime:modifiedtime:Calendar_Modified_Time', 'thismonth', '2005-06-01', '2005-06-30');

-- --------------------------------------------------------

--
-- Estructura de tabla para la tabla `vtiger_reportfilters`
--

CREATE TABLE IF NOT EXISTS `vtiger_reportfilters` (
  `filterid` int(19) NOT NULL,
  `name` varchar(200) NOT NULL
) ENGINE=InnoDB DEFAULT CHARSET=latin1;

--
-- Volcado de datos para la tabla `vtiger_reportfilters`
--

INSERT INTO `vtiger_reportfilters` (`filterid`, `name`) VALUES
(1, 'Private'),
(2, 'Public'),
(3, 'Shared');

-- --------------------------------------------------------

--
-- Estructura de tabla para la tabla `vtiger_reportfolder`
--

CREATE TABLE IF NOT EXISTS `vtiger_reportfolder` (
`folderid` int(19) NOT NULL,
  `foldername` varchar(100) NOT NULL DEFAULT '',
  `description` varchar(250) DEFAULT '',
  `state` varchar(50) DEFAULT 'SAVED'
) ENGINE=InnoDB AUTO_INCREMENT=13 DEFAULT CHARSET=latin1;

--
-- Volcado de datos para la tabla `vtiger_reportfolder`
--

INSERT INTO `vtiger_reportfolder` (`folderid`, `foldername`, `description`, `state`) VALUES
(1, 'Account and Contact Reports', 'Account and Contact Reports', 'SAVED'),
(2, 'Lead Reports', 'Lead Reports', 'SAVED'),
(3, 'Potential Reports', 'Potential Reports', 'SAVED'),
(4, 'Activity Reports', 'Activity Reports', 'SAVED'),
(5, 'HelpDesk Reports', 'HelpDesk Reports', 'SAVED'),
(6, 'Product Reports', 'Product Reports', 'SAVED'),
(7, 'Quote Reports', 'Quote Reports', 'SAVED'),
(8, 'PurchaseOrder Reports', 'PurchaseOrder Reports', 'SAVED'),
(9, 'Invoice Reports', 'Invoice Reports', 'SAVED'),
(10, 'SalesOrder Reports', 'SalesOrder Reports', 'SAVED'),
(11, 'Campaign Reports', 'Campaign Reports', 'SAVED'),
(12, 'Email Reports', 'Email Reports', 'SAVED');

-- --------------------------------------------------------

--
-- Estructura de tabla para la tabla `vtiger_reportgroupbycolumn`
--

CREATE TABLE IF NOT EXISTS `vtiger_reportgroupbycolumn` (
  `reportid` int(19) DEFAULT NULL,
  `sortid` int(19) DEFAULT NULL,
  `sortcolname` varchar(250) DEFAULT NULL,
  `dategroupbycriteria` varchar(250) DEFAULT NULL
) ENGINE=InnoDB DEFAULT CHARSET=latin1;

-- --------------------------------------------------------

--
-- Estructura de tabla para la tabla `vtiger_reportmodules`
--

CREATE TABLE IF NOT EXISTS `vtiger_reportmodules` (
  `reportmodulesid` int(19) NOT NULL,
  `primarymodule` varchar(50) NOT NULL DEFAULT '',
  `secondarymodules` varchar(250) DEFAULT ''
) ENGINE=InnoDB DEFAULT CHARSET=latin1;

--
-- Volcado de datos para la tabla `vtiger_reportmodules`
--

INSERT INTO `vtiger_reportmodules` (`reportmodulesid`, `primarymodule`, `secondarymodules`) VALUES
(1, 'Contacts', 'Accounts'),
(2, 'Contacts', 'Accounts'),
(3, 'Contacts', 'Potentials'),
(4, 'Leads', ''),
(5, 'Leads', ''),
(6, 'Potentials', ''),
(7, 'Potentials', ''),
(8, 'Calendar', ''),
(9, 'Calendar', ''),
(10, 'HelpDesk', 'Products'),
(11, 'HelpDesk', ''),
(12, 'HelpDesk', ''),
(13, 'Products', ''),
(14, 'Products', 'Contacts'),
(15, 'Quotes', ''),
(16, 'Quotes', ''),
(17, 'PurchaseOrder', 'Contacts'),
(18, 'PurchaseOrder', ''),
(19, 'Invoice', ''),
(20, 'SalesOrder', ''),
(21, 'Campaigns', ''),
(22, 'Contacts', 'Emails'),
(23, 'Accounts', 'Emails'),
(24, 'Leads', 'Emails'),
(25, 'Vendors', 'Emails');

-- --------------------------------------------------------

--
-- Estructura de tabla para la tabla `vtiger_reportsharing`
--

CREATE TABLE IF NOT EXISTS `vtiger_reportsharing` (
  `reportid` int(19) NOT NULL,
  `shareid` int(19) NOT NULL,
  `setype` varchar(200) NOT NULL
) ENGINE=InnoDB DEFAULT CHARSET=latin1;

-- --------------------------------------------------------

--
-- Estructura de tabla para la tabla `vtiger_reportsortcol`
--

CREATE TABLE IF NOT EXISTS `vtiger_reportsortcol` (
  `sortcolid` int(19) NOT NULL,
  `reportid` int(19) NOT NULL,
  `columnname` varchar(250) DEFAULT '',
  `sortorder` varchar(250) DEFAULT 'Asc'
) ENGINE=InnoDB DEFAULT CHARSET=latin1;

--
-- Volcado de datos para la tabla `vtiger_reportsortcol`
--

INSERT INTO `vtiger_reportsortcol` (`sortcolid`, `reportid`, `columnname`, `sortorder`) VALUES
(1, 4, 'vtiger_leaddetails:leadsource:Leads_Lead_Source:leadsource:V', 'Ascending'),
(1, 5, 'vtiger_leaddetails:leadstatus:Leads_Lead_Status:leadstatus:V', 'Ascending'),
(1, 6, 'vtiger_potential:sales_stage:Potentials_Sales_Stage:sales_stage:V', 'Ascending'),
(1, 11, 'vtiger_troubletickets:priority:HelpDesk_Priority:ticketpriorities:V', 'Ascending');

-- --------------------------------------------------------

--
-- Estructura de tabla para la tabla `vtiger_reportsummary`
--

CREATE TABLE IF NOT EXISTS `vtiger_reportsummary` (
  `reportsummaryid` int(19) NOT NULL,
  `summarytype` int(19) NOT NULL,
  `columnname` varchar(250) NOT NULL DEFAULT ''
) ENGINE=InnoDB DEFAULT CHARSET=latin1;

-- --------------------------------------------------------

--
-- Estructura de tabla para la tabla `vtiger_reporttype`
--

CREATE TABLE IF NOT EXISTS `vtiger_reporttype` (
  `reportid` int(10) NOT NULL,
  `data` text
) ENGINE=InnoDB DEFAULT CHARSET=latin1;

-- --------------------------------------------------------

--
-- Estructura de tabla para la tabla `vtiger_role`
--

CREATE TABLE IF NOT EXISTS `vtiger_role` (
  `roleid` varchar(255) NOT NULL,
  `rolename` varchar(200) DEFAULT NULL,
  `parentrole` varchar(255) DEFAULT NULL,
  `depth` int(19) DEFAULT NULL,
  `allowassignedrecordsto` int(2) NOT NULL DEFAULT '1'
) ENGINE=InnoDB DEFAULT CHARSET=latin1;

--
-- Volcado de datos para la tabla `vtiger_role`
--

INSERT INTO `vtiger_role` (`roleid`, `rolename`, `parentrole`, `depth`, `allowassignedrecordsto`) VALUES
('H1', 'Organization', 'H1', 0, 1),
('H2', 'CEO', 'H1::H2', 1, 1),
('H3', 'Vice President', 'H1::H2::H3', 2, 1),
('H4', 'Sales Manager', 'H1::H2::H3::H4', 3, 1),
('H5', 'Sales Person', 'H1::H2::H3::H4::H5', 4, 1);

-- --------------------------------------------------------

--
-- Estructura de tabla para la tabla `vtiger_role2picklist`
--

CREATE TABLE IF NOT EXISTS `vtiger_role2picklist` (
  `roleid` varchar(255) NOT NULL,
  `picklistvalueid` int(11) NOT NULL,
  `picklistid` int(11) NOT NULL,
  `sortid` int(11) DEFAULT NULL
) ENGINE=InnoDB DEFAULT CHARSET=latin1;

--
-- Volcado de datos para la tabla `vtiger_role2picklist`
--

INSERT INTO `vtiger_role2picklist` (`roleid`, `picklistvalueid`, `picklistid`, `sortid`) VALUES
('H1', 1, 1, 0),
('H1', 2, 1, 1),
('H1', 3, 1, 2),
('H1', 4, 1, 3),
('H1', 5, 1, 4),
('H1', 6, 1, 5),
('H1', 7, 1, 6),
('H1', 8, 1, 7),
('H1', 9, 1, 8),
('H1', 10, 1, 9),
('H1', 11, 1, 10),
('H1', 12, 2, 0),
('H1', 13, 2, 1),
('H1', 14, 3, 0),
('H1', 15, 3, 1),
('H1', 16, 3, 2),
('H1', 17, 3, 3),
('H1', 18, 3, 4),
('H1', 19, 3, 5),
('H1', 20, 4, 0),
('H1', 21, 4, 1),
('H1', 22, 4, 2),
('H1', 23, 4, 3),
('H1', 24, 4, 4),
('H1', 25, 4, 5),
('H1', 26, 4, 6),
('H1', 27, 4, 7),
('H1', 28, 4, 8),
('H1', 29, 4, 9),
('H1', 30, 4, 10),
('H1', 31, 4, 11),
('H1', 32, 4, 12),
('H1', 33, 5, 0),
('H1', 34, 5, 1),
('H1', 35, 5, 2),
('H1', 36, 5, 3),
('H1', 37, 5, 4),
('H1', 38, 6, 0),
('H1', 39, 6, 1),
('H1', 40, 6, 2),
('H1', 41, 7, 0),
('H1', 42, 7, 1),
('H1', 43, 7, 2),
('H1', 44, 7, 3),
('H1', 45, 7, 4),
('H1', 46, 8, 0),
('H1', 47, 9, 0),
('H1', 48, 9, 1),
('H1', 49, 9, 2),
('H1', 50, 9, 3),
('H1', 51, 10, 0),
('H1', 52, 10, 1),
('H1', 53, 10, 2),
('H1', 54, 10, 3),
('H1', 55, 10, 4),
('H1', 56, 10, 5),
('H1', 57, 10, 6),
('H1', 58, 10, 7),
('H1', 59, 10, 8),
('H1', 60, 11, 0),
('H1', 61, 11, 1),
('H1', 62, 11, 2),
('H1', 63, 11, 3),
('H1', 64, 11, 4),
('H1', 65, 11, 5),
('H1', 66, 11, 6),
('H1', 67, 11, 7),
('H1', 68, 11, 8),
('H1', 69, 11, 9),
('H1', 70, 11, 10),
('H1', 71, 11, 11),
('H1', 72, 11, 12),
('H1', 73, 11, 13),
('H1', 74, 11, 14),
('H1', 75, 11, 15),
('H1', 76, 11, 16),
('H1', 77, 11, 17),
('H1', 78, 11, 18),
('H1', 79, 11, 19),
('H1', 80, 11, 20),
('H1', 81, 11, 21),
('H1', 82, 11, 22),
('H1', 83, 11, 23),
('H1', 84, 11, 24),
('H1', 85, 11, 25),
('H1', 86, 11, 26),
('H1', 87, 11, 27),
('H1', 88, 11, 28),
('H1', 89, 11, 29),
('H1', 90, 11, 30),
('H1', 91, 11, 31),
('H1', 92, 12, 0),
('H1', 93, 12, 1),
('H1', 94, 12, 2),
('H1', 95, 12, 3),
('H1', 96, 12, 4),
('H1', 97, 12, 5),
('H1', 98, 13, 0),
('H1', 99, 13, 1),
('H1', 100, 13, 2),
('H1', 101, 13, 3),
('H1', 102, 13, 4),
('H1', 103, 13, 5),
('H1', 104, 13, 6),
('H1', 105, 13, 7),
('H1', 106, 13, 8),
('H1', 107, 13, 9),
('H1', 108, 13, 10),
('H1', 109, 13, 11),
('H1', 110, 13, 12),
('H1', 111, 14, 0),
('H1', 112, 14, 1),
('H1', 113, 14, 2),
('H1', 114, 14, 3),
('H1', 115, 14, 4),
('H1', 116, 14, 5),
('H1', 117, 14, 6),
('H1', 118, 14, 7),
('H1', 119, 14, 8),
('H1', 120, 14, 9),
('H1', 121, 14, 10),
('H1', 122, 14, 11),
('H1', 123, 15, 0),
('H1', 124, 15, 1),
('H1', 125, 15, 2),
('H1', 126, 15, 3),
('H1', 127, 16, 0),
('H1', 128, 16, 1),
('H1', 129, 16, 2),
('H1', 130, 17, 0),
('H1', 131, 17, 1),
('H1', 132, 17, 2),
('H1', 133, 17, 3),
('H1', 134, 17, 4),
('H1', 135, 18, 0),
('H1', 136, 18, 1),
('H1', 137, 18, 2),
('H1', 138, 18, 3),
('H1', 139, 19, 0),
('H1', 140, 19, 1),
('H1', 141, 19, 2),
('H1', 142, 19, 3),
('H1', 143, 19, 4),
('H1', 144, 20, 0),
('H1', 145, 20, 1),
('H1', 146, 20, 2),
('H1', 147, 20, 3),
('H1', 148, 20, 4),
('H1', 149, 20, 5),
('H1', 150, 21, 0),
('H1', 151, 21, 1),
('H1', 152, 21, 2),
('H1', 153, 21, 3),
('H1', 154, 21, 4),
('H1', 155, 21, 5),
('H1', 156, 21, 6),
('H1', 157, 21, 7),
('H1', 158, 21, 8),
('H1', 159, 21, 9),
('H1', 160, 22, 0),
('H1', 161, 22, 1),
('H1', 162, 22, 2),
('H1', 163, 22, 3),
('H1', 164, 22, 4),
('H1', 165, 22, 5),
('H1', 166, 23, 0),
('H1', 167, 23, 1),
('H1', 168, 23, 2),
('H1', 169, 23, 3),
('H1', 170, 24, 0),
('H1', 171, 24, 1),
('H1', 172, 24, 2),
('H1', 173, 25, 0),
('H1', 174, 25, 1),
('H1', 175, 25, 2),
('H1', 176, 25, 3),
('H1', 177, 25, 4),
('H1', 178, 25, 5),
('H1', 179, 26, 0),
('H1', 180, 26, 1),
('H1', 181, 26, 2),
('H1', 182, 27, 0),
('H1', 183, 27, 1),
('H1', 184, 27, 2),
('H1', 185, 27, 3),
('H1', 186, 28, 0),
('H1', 187, 28, 1),
('H1', 188, 28, 2),
('H1', 189, 28, 3),
('H1', 190, 29, 0),
('H1', 191, 29, 1),
('H1', 192, 29, 2),
('H1', 193, 29, 3),
('H1', 194, 30, 0),
('H1', 195, 30, 1),
('H1', 196, 30, 2),
('H1', 197, 30, 3),
('H1', 198, 30, 4),
('H1', 199, 30, 5),
('H1', 200, 30, 6),
('H1', 201, 30, 7),
('H1', 202, 30, 8),
('H1', 203, 30, 9),
('H1', 204, 30, 10),
('H1', 205, 30, 11),
('H1', 206, 30, 12),
('H1', 207, 30, 13),
('H1', 208, 30, 14),
('H1', 209, 30, 15),
('H1', 210, 31, 1),
('H1', 211, 31, 2),
('H1', 212, 31, 3),
('H1', 213, 31, 4),
('H1', 214, 32, 1),
('H1', 215, 32, 2),
('H1', 216, 32, 3),
('H1', 217, 32, 4),
('H1', 218, 32, 5),
('H1', 219, 32, 6),
('H1', 220, 33, 1),
('H1', 221, 33, 2),
('H1', 222, 33, 3),
('H1', 223, 34, 1),
('H1', 224, 34, 2),
('H1', 225, 34, 3),
('H1', 226, 35, 1),
('H1', 227, 35, 2),
('H1', 228, 35, 3),
('H1', 229, 36, 1),
('H1', 230, 36, 2),
('H1', 231, 36, 3),
('H1', 232, 36, 4),
('H1', 233, 36, 5),
('H1', 234, 36, 6),
('H1', 235, 37, 1),
('H1', 236, 37, 2),
('H1', 237, 37, 3),
('H1', 238, 37, 4),
('H1', 239, 38, 1),
('H1', 240, 38, 2),
('H1', 241, 38, 3),
('H1', 242, 38, 4),
('H1', 243, 39, 1),
('H1', 244, 39, 2),
('H1', 245, 39, 3),
('H1', 246, 39, 4),
('H1', 247, 40, 1),
('H1', 248, 40, 2),
('H1', 249, 40, 3),
('H1', 250, 40, 4),
('H1', 251, 40, 5),
('H1', 252, 40, 6),
('H1', 253, 40, 7),
('H1', 254, 40, 8),
('H1', 255, 40, 9),
('H1', 256, 40, 10),
('H1', 257, 40, 11),
('H1', 258, 41, 1),
('H1', 259, 41, 2),
('H1', 260, 41, 3),
('H1', 261, 41, 4),
('H1', 262, 41, 5),
('H1', 263, 41, 6),
('H1', 264, 41, 7),
('H1', 265, 41, 8),
('H1', 266, 41, 9),
('H1', 267, 42, 1),
('H1', 268, 42, 2),
('H1', 269, 42, 3),
('H1', 270, 42, 4),
('H1', 271, 43, 1),
('H1', 272, 43, 2),
('H1', 273, 43, 3),
('H1', 274, 43, 4),
('H1', 275, 44, 1),
('H1', 276, 44, 2),
('H1', 277, 44, 3),
('H1', 278, 44, 4),
('H1', 279, 44, 5),
('H1', 280, 44, 6),
('H1', 281, 44, 7),
('H1', 282, 44, 8),
('H1', 283, 44, 9),
('H1', 284, 44, 10),
('H1', 285, 44, 11),
('H1', 286, 45, 1),
('H1', 287, 45, 2),
('H1', 288, 12, 1),
('H1', 289, 46, 1),
('H1', 290, 46, 2),
('H1', 291, 46, 3),
('H1', 292, 46, 4),
('H1', 293, 46, 5),
('H1', 294, 46, 6),
('H1', 295, 2, 1),
('H1', 296, 47, 1),
('H1', 297, 47, 2),
('H1', 298, 47, 3),
('H1', 299, 48, 1),
('H1', 300, 48, 2),
('H1', 303, 15, 1),
('H1', 304, 15, 1),
('H1', 305, 15, 1),
('H1', 306, 15, 1),
('H1', 307, 15, 1),
('H1', 308, 15, 1),
('H1', 309, 15, 1),
('H2', 1, 1, 0),
('H2', 2, 1, 1),
('H2', 3, 1, 2),
('H2', 4, 1, 3),
('H2', 5, 1, 4),
('H2', 6, 1, 5),
('H2', 7, 1, 6),
('H2', 8, 1, 7),
('H2', 9, 1, 8),
('H2', 10, 1, 9),
('H2', 11, 1, 10),
('H2', 12, 2, 0),
('H2', 13, 2, 1),
('H2', 14, 3, 0),
('H2', 15, 3, 1),
('H2', 16, 3, 2),
('H2', 17, 3, 3),
('H2', 18, 3, 4),
('H2', 19, 3, 5),
('H2', 20, 4, 0),
('H2', 21, 4, 1),
('H2', 22, 4, 2),
('H2', 23, 4, 3),
('H2', 24, 4, 4),
('H2', 25, 4, 5),
('H2', 26, 4, 6),
('H2', 27, 4, 7),
('H2', 28, 4, 8),
('H2', 29, 4, 9),
('H2', 30, 4, 10),
('H2', 31, 4, 11),
('H2', 32, 4, 12),
('H2', 33, 5, 0),
('H2', 34, 5, 1),
('H2', 35, 5, 2),
('H2', 36, 5, 3),
('H2', 37, 5, 4),
('H2', 38, 6, 0),
('H2', 39, 6, 1),
('H2', 40, 6, 2),
('H2', 41, 7, 0),
('H2', 42, 7, 1),
('H2', 43, 7, 2),
('H2', 44, 7, 3),
('H2', 45, 7, 4),
('H2', 46, 8, 0),
('H2', 47, 9, 0),
('H2', 48, 9, 1),
('H2', 49, 9, 2),
('H2', 50, 9, 3),
('H2', 51, 10, 0),
('H2', 52, 10, 1),
('H2', 53, 10, 2),
('H2', 54, 10, 3),
('H2', 55, 10, 4),
('H2', 56, 10, 5),
('H2', 57, 10, 6),
('H2', 58, 10, 7),
('H2', 59, 10, 8),
('H2', 60, 11, 0),
('H2', 61, 11, 1),
('H2', 62, 11, 2),
('H2', 63, 11, 3),
('H2', 64, 11, 4),
('H2', 65, 11, 5),
('H2', 66, 11, 6),
('H2', 67, 11, 7),
('H2', 68, 11, 8),
('H2', 69, 11, 9),
('H2', 70, 11, 10),
('H2', 71, 11, 11),
('H2', 72, 11, 12),
('H2', 73, 11, 13),
('H2', 74, 11, 14),
('H2', 75, 11, 15),
('H2', 76, 11, 16),
('H2', 77, 11, 17),
('H2', 78, 11, 18),
('H2', 79, 11, 19),
('H2', 80, 11, 20),
('H2', 81, 11, 21),
('H2', 82, 11, 22),
('H2', 83, 11, 23),
('H2', 84, 11, 24),
('H2', 85, 11, 25),
('H2', 86, 11, 26),
('H2', 87, 11, 27),
('H2', 88, 11, 28),
('H2', 89, 11, 29),
('H2', 90, 11, 30),
('H2', 91, 11, 31),
('H2', 92, 12, 0),
('H2', 93, 12, 1),
('H2', 94, 12, 2),
('H2', 95, 12, 3),
('H2', 96, 12, 4),
('H2', 97, 12, 5),
('H2', 98, 13, 0),
('H2', 99, 13, 1),
('H2', 100, 13, 2),
('H2', 101, 13, 3),
('H2', 102, 13, 4),
('H2', 103, 13, 5),
('H2', 104, 13, 6),
('H2', 105, 13, 7),
('H2', 106, 13, 8),
('H2', 107, 13, 9),
('H2', 108, 13, 10),
('H2', 109, 13, 11),
('H2', 110, 13, 12),
('H2', 111, 14, 0),
('H2', 112, 14, 1),
('H2', 113, 14, 2),
('H2', 114, 14, 3),
('H2', 115, 14, 4),
('H2', 116, 14, 5),
('H2', 117, 14, 6),
('H2', 118, 14, 7),
('H2', 119, 14, 8),
('H2', 120, 14, 9),
('H2', 121, 14, 10),
('H2', 122, 14, 11),
('H2', 123, 15, 0),
('H2', 124, 15, 1),
('H2', 125, 15, 2),
('H2', 126, 15, 3),
('H2', 127, 16, 0),
('H2', 128, 16, 1),
('H2', 129, 16, 2),
('H2', 130, 17, 0),
('H2', 131, 17, 1),
('H2', 132, 17, 2),
('H2', 133, 17, 3),
('H2', 134, 17, 4),
('H2', 135, 18, 0),
('H2', 136, 18, 1),
('H2', 137, 18, 2),
('H2', 138, 18, 3),
('H2', 139, 19, 0),
('H2', 140, 19, 1),
('H2', 141, 19, 2),
('H2', 142, 19, 3),
('H2', 143, 19, 4),
('H2', 144, 20, 0),
('H2', 145, 20, 1),
('H2', 146, 20, 2),
('H2', 147, 20, 3),
('H2', 148, 20, 4),
('H2', 149, 20, 5),
('H2', 150, 21, 0),
('H2', 151, 21, 1),
('H2', 152, 21, 2),
('H2', 153, 21, 3),
('H2', 154, 21, 4),
('H2', 155, 21, 5),
('H2', 156, 21, 6),
('H2', 157, 21, 7),
('H2', 158, 21, 8),
('H2', 159, 21, 9),
('H2', 160, 22, 0),
('H2', 161, 22, 1),
('H2', 162, 22, 2),
('H2', 163, 22, 3),
('H2', 164, 22, 4),
('H2', 165, 22, 5),
('H2', 166, 23, 0),
('H2', 167, 23, 1),
('H2', 168, 23, 2),
('H2', 169, 23, 3),
('H2', 170, 24, 0),
('H2', 171, 24, 1),
('H2', 172, 24, 2),
('H2', 173, 25, 0),
('H2', 174, 25, 1),
('H2', 175, 25, 2),
('H2', 176, 25, 3),
('H2', 177, 25, 4),
('H2', 178, 25, 5),
('H2', 179, 26, 0),
('H2', 180, 26, 1),
('H2', 181, 26, 2),
('H2', 182, 27, 0),
('H2', 183, 27, 1),
('H2', 184, 27, 2),
('H2', 185, 27, 3),
('H2', 186, 28, 0),
('H2', 187, 28, 1),
('H2', 188, 28, 2),
('H2', 189, 28, 3),
('H2', 190, 29, 0),
('H2', 191, 29, 1),
('H2', 192, 29, 2),
('H2', 193, 29, 3),
('H2', 194, 30, 0),
('H2', 195, 30, 1),
('H2', 196, 30, 2),
('H2', 197, 30, 3),
('H2', 198, 30, 4),
('H2', 199, 30, 5),
('H2', 200, 30, 6),
('H2', 201, 30, 7),
('H2', 202, 30, 8),
('H2', 203, 30, 9),
('H2', 204, 30, 10),
('H2', 205, 30, 11),
('H2', 206, 30, 12),
('H2', 207, 30, 13),
('H2', 208, 30, 14),
('H2', 209, 30, 15),
('H2', 210, 31, 1),
('H2', 211, 31, 2),
('H2', 212, 31, 3),
('H2', 213, 31, 4),
('H2', 214, 32, 1),
('H2', 215, 32, 2),
('H2', 216, 32, 3),
('H2', 217, 32, 4),
('H2', 218, 32, 5),
('H2', 219, 32, 6),
('H2', 220, 33, 1),
('H2', 221, 33, 2),
('H2', 222, 33, 3),
('H2', 223, 34, 1),
('H2', 224, 34, 2),
('H2', 225, 34, 3),
('H2', 226, 35, 1),
('H2', 227, 35, 2),
('H2', 228, 35, 3),
('H2', 229, 36, 1),
('H2', 230, 36, 2),
('H2', 231, 36, 3),
('H2', 232, 36, 4),
('H2', 233, 36, 5),
('H2', 234, 36, 6),
('H2', 235, 37, 1),
('H2', 236, 37, 2),
('H2', 237, 37, 3),
('H2', 238, 37, 4),
('H2', 239, 38, 1),
('H2', 240, 38, 2),
('H2', 241, 38, 3),
('H2', 242, 38, 4),
('H2', 243, 39, 1),
('H2', 244, 39, 2),
('H2', 245, 39, 3),
('H2', 246, 39, 4),
('H2', 247, 40, 1),
('H2', 248, 40, 2),
('H2', 249, 40, 3),
('H2', 250, 40, 4),
('H2', 251, 40, 5),
('H2', 252, 40, 6),
('H2', 253, 40, 7),
('H2', 254, 40, 8),
('H2', 255, 40, 9),
('H2', 256, 40, 10),
('H2', 257, 40, 11),
('H2', 258, 41, 1),
('H2', 259, 41, 2),
('H2', 260, 41, 3),
('H2', 261, 41, 4),
('H2', 262, 41, 5),
('H2', 263, 41, 6),
('H2', 264, 41, 7),
('H2', 265, 41, 8),
('H2', 266, 41, 9),
('H2', 267, 42, 1),
('H2', 268, 42, 2),
('H2', 269, 42, 3),
('H2', 270, 42, 4),
('H2', 271, 43, 1),
('H2', 272, 43, 2),
('H2', 273, 43, 3),
('H2', 274, 43, 4),
('H2', 275, 44, 1),
('H2', 276, 44, 2),
('H2', 277, 44, 3),
('H2', 278, 44, 4),
('H2', 279, 44, 5),
('H2', 280, 44, 6),
('H2', 281, 44, 7),
('H2', 282, 44, 8),
('H2', 283, 44, 9),
('H2', 284, 44, 10),
('H2', 285, 44, 11),
('H2', 286, 45, 1),
('H2', 287, 45, 2),
('H2', 288, 12, 1),
('H2', 289, 46, 1),
('H2', 290, 46, 2),
('H2', 291, 46, 3),
('H2', 292, 46, 4),
('H2', 293, 46, 5),
('H2', 294, 46, 6),
('H2', 295, 2, 1),
('H2', 296, 47, 1),
('H2', 297, 47, 2),
('H2', 298, 47, 3),
('H2', 299, 48, 1),
('H2', 300, 48, 2),
('H2', 303, 15, 1),
('H2', 304, 15, 1),
('H2', 305, 15, 1),
('H2', 306, 15, 1),
('H2', 307, 15, 1),
('H2', 308, 15, 1),
('H2', 309, 15, 1),
('H3', 1, 1, 0),
('H3', 2, 1, 1),
('H3', 3, 1, 2),
('H3', 4, 1, 3),
('H3', 5, 1, 4),
('H3', 6, 1, 5),
('H3', 7, 1, 6),
('H3', 8, 1, 7),
('H3', 9, 1, 8),
('H3', 10, 1, 9),
('H3', 11, 1, 10),
('H3', 12, 2, 0),
('H3', 13, 2, 1),
('H3', 14, 3, 0),
('H3', 15, 3, 1),
('H3', 16, 3, 2),
('H3', 17, 3, 3),
('H3', 18, 3, 4),
('H3', 19, 3, 5),
('H3', 20, 4, 0),
('H3', 21, 4, 1),
('H3', 22, 4, 2),
('H3', 23, 4, 3),
('H3', 24, 4, 4),
('H3', 25, 4, 5),
('H3', 26, 4, 6),
('H3', 27, 4, 7),
('H3', 28, 4, 8),
('H3', 29, 4, 9),
('H3', 30, 4, 10),
('H3', 31, 4, 11),
('H3', 32, 4, 12),
('H3', 33, 5, 0),
('H3', 34, 5, 1),
('H3', 35, 5, 2),
('H3', 36, 5, 3),
('H3', 37, 5, 4),
('H3', 38, 6, 0),
('H3', 39, 6, 1),
('H3', 40, 6, 2),
('H3', 41, 7, 0),
('H3', 42, 7, 1),
('H3', 43, 7, 2),
('H3', 44, 7, 3),
('H3', 45, 7, 4),
('H3', 46, 8, 0),
('H3', 47, 9, 0),
('H3', 48, 9, 1),
('H3', 49, 9, 2),
('H3', 50, 9, 3),
('H3', 51, 10, 0),
('H3', 52, 10, 1),
('H3', 53, 10, 2),
('H3', 54, 10, 3),
('H3', 55, 10, 4),
('H3', 56, 10, 5),
('H3', 57, 10, 6),
('H3', 58, 10, 7),
('H3', 59, 10, 8),
('H3', 60, 11, 0),
('H3', 61, 11, 1),
('H3', 62, 11, 2),
('H3', 63, 11, 3),
('H3', 64, 11, 4),
('H3', 65, 11, 5),
('H3', 66, 11, 6),
('H3', 67, 11, 7),
('H3', 68, 11, 8),
('H3', 69, 11, 9),
('H3', 70, 11, 10),
('H3', 71, 11, 11),
('H3', 72, 11, 12),
('H3', 73, 11, 13),
('H3', 74, 11, 14),
('H3', 75, 11, 15),
('H3', 76, 11, 16),
('H3', 77, 11, 17),
('H3', 78, 11, 18),
('H3', 79, 11, 19),
('H3', 80, 11, 20),
('H3', 81, 11, 21),
('H3', 82, 11, 22),
('H3', 83, 11, 23),
('H3', 84, 11, 24),
('H3', 85, 11, 25),
('H3', 86, 11, 26),
('H3', 87, 11, 27),
('H3', 88, 11, 28),
('H3', 89, 11, 29),
('H3', 90, 11, 30),
('H3', 91, 11, 31),
('H3', 92, 12, 0),
('H3', 93, 12, 1),
('H3', 94, 12, 2),
('H3', 95, 12, 3),
('H3', 96, 12, 4),
('H3', 97, 12, 5),
('H3', 98, 13, 0),
('H3', 99, 13, 1),
('H3', 100, 13, 2),
('H3', 101, 13, 3),
('H3', 102, 13, 4),
('H3', 103, 13, 5),
('H3', 104, 13, 6),
('H3', 105, 13, 7),
('H3', 106, 13, 8),
('H3', 107, 13, 9),
('H3', 108, 13, 10),
('H3', 109, 13, 11),
('H3', 110, 13, 12),
('H3', 111, 14, 0),
('H3', 112, 14, 1),
('H3', 113, 14, 2),
('H3', 114, 14, 3),
('H3', 115, 14, 4),
('H3', 116, 14, 5),
('H3', 117, 14, 6),
('H3', 118, 14, 7),
('H3', 119, 14, 8),
('H3', 120, 14, 9),
('H3', 121, 14, 10),
('H3', 122, 14, 11),
('H3', 123, 15, 0),
('H3', 124, 15, 1),
('H3', 125, 15, 2),
('H3', 126, 15, 3),
('H3', 127, 16, 0),
('H3', 128, 16, 1),
('H3', 129, 16, 2),
('H3', 130, 17, 0),
('H3', 131, 17, 1),
('H3', 132, 17, 2),
('H3', 133, 17, 3),
('H3', 134, 17, 4),
('H3', 135, 18, 0),
('H3', 136, 18, 1),
('H3', 137, 18, 2),
('H3', 138, 18, 3),
('H3', 139, 19, 0),
('H3', 140, 19, 1),
('H3', 141, 19, 2),
('H3', 142, 19, 3),
('H3', 143, 19, 4),
('H3', 144, 20, 0),
('H3', 145, 20, 1),
('H3', 146, 20, 2),
('H3', 147, 20, 3),
('H3', 148, 20, 4),
('H3', 149, 20, 5),
('H3', 150, 21, 0),
('H3', 151, 21, 1),
('H3', 152, 21, 2),
('H3', 153, 21, 3),
('H3', 154, 21, 4),
('H3', 155, 21, 5),
('H3', 156, 21, 6),
('H3', 157, 21, 7),
('H3', 158, 21, 8),
('H3', 159, 21, 9),
('H3', 160, 22, 0),
('H3', 161, 22, 1),
('H3', 162, 22, 2),
('H3', 163, 22, 3),
('H3', 164, 22, 4),
('H3', 165, 22, 5),
('H3', 166, 23, 0),
('H3', 167, 23, 1),
('H3', 168, 23, 2),
('H3', 169, 23, 3),
('H3', 170, 24, 0),
('H3', 171, 24, 1),
('H3', 172, 24, 2),
('H3', 173, 25, 0),
('H3', 174, 25, 1),
('H3', 175, 25, 2),
('H3', 176, 25, 3),
('H3', 177, 25, 4),
('H3', 178, 25, 5),
('H3', 179, 26, 0),
('H3', 180, 26, 1),
('H3', 181, 26, 2),
('H3', 182, 27, 0),
('H3', 183, 27, 1),
('H3', 184, 27, 2),
('H3', 185, 27, 3),
('H3', 186, 28, 0),
('H3', 187, 28, 1),
('H3', 188, 28, 2),
('H3', 189, 28, 3),
('H3', 190, 29, 0),
('H3', 191, 29, 1),
('H3', 192, 29, 2),
('H3', 193, 29, 3),
('H3', 194, 30, 0),
('H3', 195, 30, 1),
('H3', 196, 30, 2),
('H3', 197, 30, 3),
('H3', 198, 30, 4),
('H3', 199, 30, 5),
('H3', 200, 30, 6),
('H3', 201, 30, 7),
('H3', 202, 30, 8),
('H3', 203, 30, 9),
('H3', 204, 30, 10),
('H3', 205, 30, 11),
('H3', 206, 30, 12),
('H3', 207, 30, 13),
('H3', 208, 30, 14),
('H3', 209, 30, 15),
('H3', 210, 31, 1),
('H3', 211, 31, 2),
('H3', 212, 31, 3),
('H3', 213, 31, 4),
('H3', 214, 32, 1),
('H3', 215, 32, 2),
('H3', 216, 32, 3),
('H3', 217, 32, 4),
('H3', 218, 32, 5),
('H3', 219, 32, 6),
('H3', 220, 33, 1),
('H3', 221, 33, 2),
('H3', 222, 33, 3),
('H3', 223, 34, 1),
('H3', 224, 34, 2),
('H3', 225, 34, 3),
('H3', 226, 35, 1),
('H3', 227, 35, 2),
('H3', 228, 35, 3),
('H3', 229, 36, 1),
('H3', 230, 36, 2),
('H3', 231, 36, 3),
('H3', 232, 36, 4),
('H3', 233, 36, 5),
('H3', 234, 36, 6),
('H3', 235, 37, 1),
('H3', 236, 37, 2),
('H3', 237, 37, 3),
('H3', 238, 37, 4),
('H3', 239, 38, 1),
('H3', 240, 38, 2),
('H3', 241, 38, 3),
('H3', 242, 38, 4),
('H3', 243, 39, 1),
('H3', 244, 39, 2),
('H3', 245, 39, 3),
('H3', 246, 39, 4),
('H3', 247, 40, 1),
('H3', 248, 40, 2),
('H3', 249, 40, 3),
('H3', 250, 40, 4),
('H3', 251, 40, 5),
('H3', 252, 40, 6),
('H3', 253, 40, 7),
('H3', 254, 40, 8),
('H3', 255, 40, 9),
('H3', 256, 40, 10),
('H3', 257, 40, 11),
('H3', 258, 41, 1),
('H3', 259, 41, 2),
('H3', 260, 41, 3),
('H3', 261, 41, 4),
('H3', 262, 41, 5),
('H3', 263, 41, 6),
('H3', 264, 41, 7),
('H3', 265, 41, 8),
('H3', 266, 41, 9),
('H3', 267, 42, 1),
('H3', 268, 42, 2),
('H3', 269, 42, 3),
('H3', 270, 42, 4),
('H3', 271, 43, 1),
('H3', 272, 43, 2),
('H3', 273, 43, 3),
('H3', 274, 43, 4),
('H3', 275, 44, 1),
('H3', 276, 44, 2),
('H3', 277, 44, 3),
('H3', 278, 44, 4),
('H3', 279, 44, 5),
('H3', 280, 44, 6),
('H3', 281, 44, 7),
('H3', 282, 44, 8),
('H3', 283, 44, 9),
('H3', 284, 44, 10),
('H3', 285, 44, 11),
('H3', 286, 45, 1),
('H3', 287, 45, 2),
('H3', 288, 12, 1),
('H3', 289, 46, 1),
('H3', 290, 46, 2),
('H3', 291, 46, 3),
('H3', 292, 46, 4),
('H3', 293, 46, 5),
('H3', 294, 46, 6),
('H3', 295, 2, 1),
('H3', 296, 47, 1),
('H3', 297, 47, 2),
('H3', 298, 47, 3),
('H3', 299, 48, 1),
('H3', 300, 48, 2),
('H3', 303, 15, 1),
('H3', 304, 15, 1),
('H3', 305, 15, 1),
('H3', 306, 15, 1),
('H3', 307, 15, 1),
('H3', 308, 15, 1),
('H3', 309, 15, 1),
('H4', 1, 1, 0),
('H4', 2, 1, 1),
('H4', 3, 1, 2),
('H4', 4, 1, 3),
('H4', 5, 1, 4),
('H4', 6, 1, 5),
('H4', 7, 1, 6),
('H4', 8, 1, 7),
('H4', 9, 1, 8),
('H4', 10, 1, 9),
('H4', 11, 1, 10),
('H4', 12, 2, 0),
('H4', 13, 2, 1),
('H4', 14, 3, 0),
('H4', 15, 3, 1),
('H4', 16, 3, 2),
('H4', 17, 3, 3),
('H4', 18, 3, 4),
('H4', 19, 3, 5),
('H4', 20, 4, 0),
('H4', 21, 4, 1),
('H4', 22, 4, 2),
('H4', 23, 4, 3),
('H4', 24, 4, 4),
('H4', 25, 4, 5),
('H4', 26, 4, 6),
('H4', 27, 4, 7),
('H4', 28, 4, 8),
('H4', 29, 4, 9),
('H4', 30, 4, 10),
('H4', 31, 4, 11),
('H4', 32, 4, 12),
('H4', 33, 5, 0),
('H4', 34, 5, 1),
('H4', 35, 5, 2),
('H4', 36, 5, 3),
('H4', 37, 5, 4),
('H4', 38, 6, 0),
('H4', 39, 6, 1),
('H4', 40, 6, 2),
('H4', 41, 7, 0),
('H4', 42, 7, 1),
('H4', 43, 7, 2),
('H4', 44, 7, 3),
('H4', 45, 7, 4),
('H4', 46, 8, 0),
('H4', 47, 9, 0),
('H4', 48, 9, 1),
('H4', 49, 9, 2),
('H4', 50, 9, 3),
('H4', 51, 10, 0),
('H4', 52, 10, 1),
('H4', 53, 10, 2),
('H4', 54, 10, 3),
('H4', 55, 10, 4),
('H4', 56, 10, 5),
('H4', 57, 10, 6),
('H4', 58, 10, 7),
('H4', 59, 10, 8),
('H4', 60, 11, 0),
('H4', 61, 11, 1),
('H4', 62, 11, 2),
('H4', 63, 11, 3),
('H4', 64, 11, 4),
('H4', 65, 11, 5),
('H4', 66, 11, 6),
('H4', 67, 11, 7),
('H4', 68, 11, 8),
('H4', 69, 11, 9),
('H4', 70, 11, 10),
('H4', 71, 11, 11),
('H4', 72, 11, 12),
('H4', 73, 11, 13),
('H4', 74, 11, 14),
('H4', 75, 11, 15),
('H4', 76, 11, 16),
('H4', 77, 11, 17),
('H4', 78, 11, 18),
('H4', 79, 11, 19),
('H4', 80, 11, 20),
('H4', 81, 11, 21),
('H4', 82, 11, 22),
('H4', 83, 11, 23),
('H4', 84, 11, 24),
('H4', 85, 11, 25),
('H4', 86, 11, 26),
('H4', 87, 11, 27),
('H4', 88, 11, 28),
('H4', 89, 11, 29),
('H4', 90, 11, 30),
('H4', 91, 11, 31),
('H4', 92, 12, 0),
('H4', 93, 12, 1),
('H4', 94, 12, 2),
('H4', 95, 12, 3),
('H4', 96, 12, 4),
('H4', 97, 12, 5),
('H4', 98, 13, 0),
('H4', 99, 13, 1),
('H4', 100, 13, 2),
('H4', 101, 13, 3),
('H4', 102, 13, 4),
('H4', 103, 13, 5),
('H4', 104, 13, 6),
('H4', 105, 13, 7),
('H4', 106, 13, 8),
('H4', 107, 13, 9),
('H4', 108, 13, 10),
('H4', 109, 13, 11),
('H4', 110, 13, 12),
('H4', 111, 14, 0),
('H4', 112, 14, 1),
('H4', 113, 14, 2),
('H4', 114, 14, 3),
('H4', 115, 14, 4),
('H4', 116, 14, 5),
('H4', 117, 14, 6),
('H4', 118, 14, 7),
('H4', 119, 14, 8),
('H4', 120, 14, 9),
('H4', 121, 14, 10),
('H4', 122, 14, 11),
('H4', 123, 15, 0),
('H4', 124, 15, 1),
('H4', 125, 15, 2),
('H4', 126, 15, 3),
('H4', 127, 16, 0),
('H4', 128, 16, 1),
('H4', 129, 16, 2),
('H4', 130, 17, 0),
('H4', 131, 17, 1),
('H4', 132, 17, 2),
('H4', 133, 17, 3),
('H4', 134, 17, 4),
('H4', 135, 18, 0),
('H4', 136, 18, 1),
('H4', 137, 18, 2),
('H4', 138, 18, 3),
('H4', 139, 19, 0),
('H4', 140, 19, 1),
('H4', 141, 19, 2),
('H4', 142, 19, 3),
('H4', 143, 19, 4),
('H4', 144, 20, 0),
('H4', 145, 20, 1),
('H4', 146, 20, 2),
('H4', 147, 20, 3),
('H4', 148, 20, 4),
('H4', 149, 20, 5),
('H4', 150, 21, 0),
('H4', 151, 21, 1),
('H4', 152, 21, 2),
('H4', 153, 21, 3),
('H4', 154, 21, 4),
('H4', 155, 21, 5),
('H4', 156, 21, 6),
('H4', 157, 21, 7),
('H4', 158, 21, 8),
('H4', 159, 21, 9),
('H4', 160, 22, 0),
('H4', 161, 22, 1),
('H4', 162, 22, 2),
('H4', 163, 22, 3),
('H4', 164, 22, 4),
('H4', 165, 22, 5),
('H4', 166, 23, 0),
('H4', 167, 23, 1),
('H4', 168, 23, 2),
('H4', 169, 23, 3),
('H4', 170, 24, 0),
('H4', 171, 24, 1),
('H4', 172, 24, 2),
('H4', 173, 25, 0),
('H4', 174, 25, 1),
('H4', 175, 25, 2),
('H4', 176, 25, 3),
('H4', 177, 25, 4),
('H4', 178, 25, 5),
('H4', 179, 26, 0),
('H4', 180, 26, 1),
('H4', 181, 26, 2),
('H4', 182, 27, 0),
('H4', 183, 27, 1),
('H4', 184, 27, 2),
('H4', 185, 27, 3),
('H4', 186, 28, 0),
('H4', 187, 28, 1),
('H4', 188, 28, 2),
('H4', 189, 28, 3),
('H4', 190, 29, 0),
('H4', 191, 29, 1),
('H4', 192, 29, 2),
('H4', 193, 29, 3),
('H4', 194, 30, 0),
('H4', 195, 30, 1),
('H4', 196, 30, 2),
('H4', 197, 30, 3),
('H4', 198, 30, 4),
('H4', 199, 30, 5),
('H4', 200, 30, 6),
('H4', 201, 30, 7),
('H4', 202, 30, 8),
('H4', 203, 30, 9),
('H4', 204, 30, 10),
('H4', 205, 30, 11),
('H4', 206, 30, 12),
('H4', 207, 30, 13),
('H4', 208, 30, 14),
('H4', 209, 30, 15),
('H4', 210, 31, 1),
('H4', 211, 31, 2),
('H4', 212, 31, 3),
('H4', 213, 31, 4),
('H4', 214, 32, 1),
('H4', 215, 32, 2),
('H4', 216, 32, 3),
('H4', 217, 32, 4),
('H4', 218, 32, 5),
('H4', 219, 32, 6),
('H4', 220, 33, 1),
('H4', 221, 33, 2),
('H4', 222, 33, 3),
('H4', 223, 34, 1),
('H4', 224, 34, 2),
('H4', 225, 34, 3),
('H4', 226, 35, 1),
('H4', 227, 35, 2),
('H4', 228, 35, 3),
('H4', 229, 36, 1),
('H4', 230, 36, 2),
('H4', 231, 36, 3),
('H4', 232, 36, 4),
('H4', 233, 36, 5),
('H4', 234, 36, 6),
('H4', 235, 37, 1),
('H4', 236, 37, 2),
('H4', 237, 37, 3),
('H4', 238, 37, 4),
('H4', 239, 38, 1),
('H4', 240, 38, 2),
('H4', 241, 38, 3),
('H4', 242, 38, 4),
('H4', 243, 39, 1),
('H4', 244, 39, 2),
('H4', 245, 39, 3),
('H4', 246, 39, 4),
('H4', 247, 40, 1),
('H4', 248, 40, 2),
('H4', 249, 40, 3),
('H4', 250, 40, 4),
('H4', 251, 40, 5),
('H4', 252, 40, 6),
('H4', 253, 40, 7),
('H4', 254, 40, 8),
('H4', 255, 40, 9),
('H4', 256, 40, 10),
('H4', 257, 40, 11),
('H4', 258, 41, 1),
('H4', 259, 41, 2),
('H4', 260, 41, 3),
('H4', 261, 41, 4),
('H4', 262, 41, 5),
('H4', 263, 41, 6),
('H4', 264, 41, 7),
('H4', 265, 41, 8),
('H4', 266, 41, 9),
('H4', 267, 42, 1),
('H4', 268, 42, 2),
('H4', 269, 42, 3),
('H4', 270, 42, 4),
('H4', 271, 43, 1),
('H4', 272, 43, 2),
('H4', 273, 43, 3),
('H4', 274, 43, 4),
('H4', 275, 44, 1),
('H4', 276, 44, 2),
('H4', 277, 44, 3),
('H4', 278, 44, 4),
('H4', 279, 44, 5),
('H4', 280, 44, 6),
('H4', 281, 44, 7),
('H4', 282, 44, 8),
('H4', 283, 44, 9),
('H4', 284, 44, 10),
('H4', 285, 44, 11),
('H4', 286, 45, 1),
('H4', 287, 45, 2),
('H4', 288, 12, 1),
('H4', 289, 46, 1),
('H4', 290, 46, 2),
('H4', 291, 46, 3),
('H4', 292, 46, 4),
('H4', 293, 46, 5),
('H4', 294, 46, 6),
('H4', 295, 2, 1),
('H4', 296, 47, 1),
('H4', 297, 47, 2),
('H4', 298, 47, 3),
('H4', 299, 48, 1),
('H4', 300, 48, 2),
('H4', 303, 15, 1),
('H4', 304, 15, 1),
('H4', 305, 15, 1),
('H4', 306, 15, 1),
('H4', 307, 15, 1),
('H4', 308, 15, 1),
('H4', 309, 15, 1),
('H5', 1, 1, 0),
('H5', 2, 1, 1),
('H5', 3, 1, 2),
('H5', 4, 1, 3),
('H5', 5, 1, 4),
('H5', 6, 1, 5),
('H5', 7, 1, 6),
('H5', 8, 1, 7),
('H5', 9, 1, 8),
('H5', 10, 1, 9),
('H5', 11, 1, 10),
('H5', 12, 2, 0),
('H5', 13, 2, 1),
('H5', 14, 3, 0),
('H5', 15, 3, 1),
('H5', 16, 3, 2),
('H5', 17, 3, 3),
('H5', 18, 3, 4),
('H5', 19, 3, 5),
('H5', 20, 4, 0),
('H5', 21, 4, 1),
('H5', 22, 4, 2),
('H5', 23, 4, 3),
('H5', 24, 4, 4),
('H5', 25, 4, 5),
('H5', 26, 4, 6),
('H5', 27, 4, 7),
('H5', 28, 4, 8),
('H5', 29, 4, 9),
('H5', 30, 4, 10),
('H5', 31, 4, 11),
('H5', 32, 4, 12),
('H5', 33, 5, 0),
('H5', 34, 5, 1),
('H5', 35, 5, 2),
('H5', 36, 5, 3),
('H5', 37, 5, 4),
('H5', 38, 6, 0),
('H5', 39, 6, 1),
('H5', 40, 6, 2),
('H5', 41, 7, 0),
('H5', 42, 7, 1),
('H5', 43, 7, 2),
('H5', 44, 7, 3),
('H5', 45, 7, 4),
('H5', 46, 8, 0),
('H5', 47, 9, 0),
('H5', 48, 9, 1),
('H5', 49, 9, 2),
('H5', 50, 9, 3),
('H5', 51, 10, 0),
('H5', 52, 10, 1),
('H5', 53, 10, 2),
('H5', 54, 10, 3),
('H5', 55, 10, 4),
('H5', 56, 10, 5),
('H5', 57, 10, 6),
('H5', 58, 10, 7),
('H5', 59, 10, 8),
('H5', 60, 11, 0),
('H5', 61, 11, 1),
('H5', 62, 11, 2),
('H5', 63, 11, 3),
('H5', 64, 11, 4),
('H5', 65, 11, 5),
('H5', 66, 11, 6),
('H5', 67, 11, 7),
('H5', 68, 11, 8),
('H5', 69, 11, 9),
('H5', 70, 11, 10),
('H5', 71, 11, 11),
('H5', 72, 11, 12),
('H5', 73, 11, 13),
('H5', 74, 11, 14),
('H5', 75, 11, 15),
('H5', 76, 11, 16),
('H5', 77, 11, 17),
('H5', 78, 11, 18),
('H5', 79, 11, 19),
('H5', 80, 11, 20),
('H5', 81, 11, 21),
('H5', 82, 11, 22),
('H5', 83, 11, 23),
('H5', 84, 11, 24),
('H5', 85, 11, 25),
('H5', 86, 11, 26),
('H5', 87, 11, 27),
('H5', 88, 11, 28),
('H5', 89, 11, 29),
('H5', 90, 11, 30),
('H5', 91, 11, 31),
('H5', 92, 12, 0),
('H5', 93, 12, 1),
('H5', 94, 12, 2),
('H5', 95, 12, 3),
('H5', 96, 12, 4),
('H5', 97, 12, 5),
('H5', 98, 13, 0),
('H5', 99, 13, 1),
('H5', 100, 13, 2),
('H5', 101, 13, 3),
('H5', 102, 13, 4),
('H5', 103, 13, 5),
('H5', 104, 13, 6),
('H5', 105, 13, 7),
('H5', 106, 13, 8),
('H5', 107, 13, 9),
('H5', 108, 13, 10),
('H5', 109, 13, 11),
('H5', 110, 13, 12),
('H5', 111, 14, 0),
('H5', 112, 14, 1),
('H5', 113, 14, 2),
('H5', 114, 14, 3),
('H5', 115, 14, 4),
('H5', 116, 14, 5),
('H5', 117, 14, 6),
('H5', 118, 14, 7),
('H5', 119, 14, 8),
('H5', 120, 14, 9),
('H5', 121, 14, 10),
('H5', 122, 14, 11),
('H5', 123, 15, 0),
('H5', 124, 15, 1),
('H5', 125, 15, 2),
('H5', 126, 15, 3),
('H5', 127, 16, 0),
('H5', 128, 16, 1),
('H5', 129, 16, 2),
('H5', 130, 17, 0),
('H5', 131, 17, 1),
('H5', 132, 17, 2),
('H5', 133, 17, 3),
('H5', 134, 17, 4),
('H5', 135, 18, 0),
('H5', 136, 18, 1),
('H5', 137, 18, 2),
('H5', 138, 18, 3),
('H5', 139, 19, 0),
('H5', 140, 19, 1),
('H5', 141, 19, 2),
('H5', 142, 19, 3),
('H5', 143, 19, 4),
('H5', 144, 20, 0),
('H5', 145, 20, 1),
('H5', 146, 20, 2),
('H5', 147, 20, 3),
('H5', 148, 20, 4),
('H5', 149, 20, 5),
('H5', 150, 21, 0),
('H5', 151, 21, 1),
('H5', 152, 21, 2),
('H5', 153, 21, 3),
('H5', 154, 21, 4),
('H5', 155, 21, 5),
('H5', 156, 21, 6),
('H5', 157, 21, 7),
('H5', 158, 21, 8),
('H5', 159, 21, 9),
('H5', 160, 22, 0),
('H5', 161, 22, 1),
('H5', 162, 22, 2),
('H5', 163, 22, 3),
('H5', 164, 22, 4),
('H5', 165, 22, 5),
('H5', 166, 23, 0),
('H5', 167, 23, 1),
('H5', 168, 23, 2),
('H5', 169, 23, 3),
('H5', 170, 24, 0),
('H5', 171, 24, 1),
('H5', 172, 24, 2),
('H5', 173, 25, 0),
('H5', 174, 25, 1),
('H5', 175, 25, 2),
('H5', 176, 25, 3),
('H5', 177, 25, 4),
('H5', 178, 25, 5),
('H5', 179, 26, 0),
('H5', 180, 26, 1),
('H5', 181, 26, 2),
('H5', 182, 27, 0),
('H5', 183, 27, 1),
('H5', 184, 27, 2),
('H5', 185, 27, 3),
('H5', 186, 28, 0),
('H5', 187, 28, 1),
('H5', 188, 28, 2),
('H5', 189, 28, 3),
('H5', 190, 29, 0),
('H5', 191, 29, 1),
('H5', 192, 29, 2),
('H5', 193, 29, 3),
('H5', 194, 30, 0),
('H5', 195, 30, 1),
('H5', 196, 30, 2),
('H5', 197, 30, 3),
('H5', 198, 30, 4),
('H5', 199, 30, 5),
('H5', 200, 30, 6),
('H5', 201, 30, 7),
('H5', 202, 30, 8),
('H5', 203, 30, 9),
('H5', 204, 30, 10),
('H5', 205, 30, 11),
('H5', 206, 30, 12),
('H5', 207, 30, 13),
('H5', 208, 30, 14),
('H5', 209, 30, 15),
('H5', 210, 31, 1),
('H5', 211, 31, 2),
('H5', 212, 31, 3),
('H5', 213, 31, 4),
('H5', 214, 32, 1),
('H5', 215, 32, 2),
('H5', 216, 32, 3),
('H5', 217, 32, 4),
('H5', 218, 32, 5),
('H5', 219, 32, 6),
('H5', 220, 33, 1),
('H5', 221, 33, 2),
('H5', 222, 33, 3),
('H5', 223, 34, 1),
('H5', 224, 34, 2),
('H5', 225, 34, 3),
('H5', 226, 35, 1),
('H5', 227, 35, 2),
('H5', 228, 35, 3),
('H5', 229, 36, 1),
('H5', 230, 36, 2),
('H5', 231, 36, 3),
('H5', 232, 36, 4),
('H5', 233, 36, 5),
('H5', 234, 36, 6),
('H5', 235, 37, 1),
('H5', 236, 37, 2),
('H5', 237, 37, 3),
('H5', 238, 37, 4),
('H5', 239, 38, 1),
('H5', 240, 38, 2),
('H5', 241, 38, 3),
('H5', 242, 38, 4),
('H5', 243, 39, 1),
('H5', 244, 39, 2),
('H5', 245, 39, 3),
('H5', 246, 39, 4),
('H5', 247, 40, 1),
('H5', 248, 40, 2),
('H5', 249, 40, 3),
('H5', 250, 40, 4),
('H5', 251, 40, 5),
('H5', 252, 40, 6),
('H5', 253, 40, 7),
('H5', 254, 40, 8),
('H5', 255, 40, 9),
('H5', 256, 40, 10),
('H5', 257, 40, 11),
('H5', 258, 41, 1),
('H5', 259, 41, 2),
('H5', 260, 41, 3),
('H5', 261, 41, 4),
('H5', 262, 41, 5),
('H5', 263, 41, 6),
('H5', 264, 41, 7),
('H5', 265, 41, 8),
('H5', 266, 41, 9),
('H5', 267, 42, 1),
('H5', 268, 42, 2),
('H5', 269, 42, 3),
('H5', 270, 42, 4),
('H5', 271, 43, 1),
('H5', 272, 43, 2),
('H5', 273, 43, 3),
('H5', 274, 43, 4),
('H5', 275, 44, 1),
('H5', 276, 44, 2),
('H5', 277, 44, 3),
('H5', 278, 44, 4),
('H5', 279, 44, 5),
('H5', 280, 44, 6),
('H5', 281, 44, 7),
('H5', 282, 44, 8),
('H5', 283, 44, 9),
('H5', 284, 44, 10),
('H5', 285, 44, 11),
('H5', 286, 45, 1),
('H5', 287, 45, 2),
('H5', 288, 12, 1),
('H5', 289, 46, 1),
('H5', 290, 46, 2),
('H5', 291, 46, 3),
('H5', 292, 46, 4),
('H5', 293, 46, 5),
('H5', 294, 46, 6),
('H5', 295, 2, 1),
('H5', 296, 47, 1),
('H5', 297, 47, 2),
('H5', 298, 47, 3),
('H5', 299, 48, 1),
('H5', 300, 48, 2),
('H5', 303, 15, 1),
('H5', 304, 15, 1),
('H5', 305, 15, 1),
('H5', 306, 15, 1),
('H5', 307, 15, 1),
('H5', 308, 15, 1),
('H5', 309, 15, 1);

-- --------------------------------------------------------

--
-- Estructura de tabla para la tabla `vtiger_role2profile`
--

CREATE TABLE IF NOT EXISTS `vtiger_role2profile` (
  `roleid` varchar(255) NOT NULL,
  `profileid` int(11) NOT NULL
) ENGINE=InnoDB DEFAULT CHARSET=latin1;

--
-- Volcado de datos para la tabla `vtiger_role2profile`
--

INSERT INTO `vtiger_role2profile` (`roleid`, `profileid`) VALUES
('H2', 1),
('H3', 2),
('H4', 2),
('H5', 2);

-- --------------------------------------------------------

--
-- Estructura de tabla para la tabla `vtiger_role_seq`
--

CREATE TABLE IF NOT EXISTS `vtiger_role_seq` (
  `id` int(11) NOT NULL
) ENGINE=InnoDB DEFAULT CHARSET=latin1;

--
-- Volcado de datos para la tabla `vtiger_role_seq`
--

INSERT INTO `vtiger_role_seq` (`id`) VALUES
(5);

-- --------------------------------------------------------

--
-- Estructura de tabla para la tabla `vtiger_rowheight`
--

CREATE TABLE IF NOT EXISTS `vtiger_rowheight` (
`rowheightid` int(11) NOT NULL,
  `rowheight` varchar(200) NOT NULL,
  `sortorderid` int(11) DEFAULT NULL,
  `presence` int(11) NOT NULL DEFAULT '1'
) ENGINE=InnoDB AUTO_INCREMENT=4 DEFAULT CHARSET=utf8;

--
-- Volcado de datos para la tabla `vtiger_rowheight`
--

INSERT INTO `vtiger_rowheight` (`rowheightid`, `rowheight`, `sortorderid`, `presence`) VALUES
(1, 'wide', 1, 1),
(2, 'medium', 2, 1),
(3, 'narrow', 3, 1);

-- --------------------------------------------------------

--
-- Estructura de tabla para la tabla `vtiger_rowheight_seq`
--

CREATE TABLE IF NOT EXISTS `vtiger_rowheight_seq` (
  `id` int(11) NOT NULL
) ENGINE=InnoDB DEFAULT CHARSET=latin1;

--
-- Volcado de datos para la tabla `vtiger_rowheight_seq`
--

INSERT INTO `vtiger_rowheight_seq` (`id`) VALUES
(3);

-- --------------------------------------------------------

--
-- Estructura de tabla para la tabla `vtiger_rss`
--

CREATE TABLE IF NOT EXISTS `vtiger_rss` (
  `rssid` int(19) NOT NULL,
  `rssurl` varchar(200) NOT NULL DEFAULT '',
  `rsstitle` varchar(200) DEFAULT NULL,
  `rsstype` int(10) DEFAULT '0',
  `starred` int(1) DEFAULT '0'
) ENGINE=InnoDB DEFAULT CHARSET=latin1;

-- --------------------------------------------------------

--
-- Estructura de tabla para la tabla `vtiger_salesmanactivityrel`
--

CREATE TABLE IF NOT EXISTS `vtiger_salesmanactivityrel` (
  `smid` int(19) NOT NULL DEFAULT '0',
  `activityid` int(19) NOT NULL DEFAULT '0'
) ENGINE=InnoDB DEFAULT CHARSET=latin1;

-- --------------------------------------------------------

--
-- Estructura de tabla para la tabla `vtiger_salesmanattachmentsrel`
--

CREATE TABLE IF NOT EXISTS `vtiger_salesmanattachmentsrel` (
  `smid` int(19) NOT NULL DEFAULT '0',
  `attachmentsid` int(19) NOT NULL DEFAULT '0'
) ENGINE=InnoDB DEFAULT CHARSET=latin1;

-- --------------------------------------------------------

--
-- Estructura de tabla para la tabla `vtiger_salesmanticketrel`
--

CREATE TABLE IF NOT EXISTS `vtiger_salesmanticketrel` (
  `smid` int(19) NOT NULL DEFAULT '0',
  `id` int(19) NOT NULL DEFAULT '0'
) ENGINE=InnoDB DEFAULT CHARSET=latin1;

-- --------------------------------------------------------

--
-- Estructura de tabla para la tabla `vtiger_salesorder`
--

CREATE TABLE IF NOT EXISTS `vtiger_salesorder` (
  `salesorderid` int(19) NOT NULL DEFAULT '0',
  `subject` varchar(100) DEFAULT NULL,
  `potentialid` int(19) DEFAULT NULL,
  `customerno` varchar(100) DEFAULT NULL,
  `salesorder_no` varchar(100) DEFAULT NULL,
  `quoteid` int(19) DEFAULT NULL,
  `vendorterms` varchar(100) DEFAULT NULL,
  `contactid` int(19) DEFAULT NULL,
  `vendorid` int(19) DEFAULT NULL,
  `duedate` date DEFAULT NULL,
  `carrier` varchar(200) DEFAULT NULL,
  `pending` varchar(200) DEFAULT NULL,
  `type` varchar(100) DEFAULT NULL,
  `adjustment` decimal(25,8) DEFAULT NULL,
  `salescommission` decimal(25,3) DEFAULT NULL,
  `exciseduty` decimal(25,3) DEFAULT NULL,
  `total` decimal(25,8) DEFAULT NULL,
  `subtotal` decimal(25,8) DEFAULT NULL,
  `taxtype` varchar(25) DEFAULT NULL,
  `discount_percent` decimal(25,3) DEFAULT NULL,
  `discount_amount` decimal(25,8) DEFAULT NULL,
  `s_h_amount` decimal(25,8) DEFAULT NULL,
  `accountid` int(19) DEFAULT NULL,
  `terms_conditions` text,
  `purchaseorder` varchar(200) DEFAULT NULL,
  `sostatus` varchar(200) DEFAULT NULL,
  `currency_id` int(19) NOT NULL DEFAULT '1',
  `conversion_rate` decimal(10,3) NOT NULL DEFAULT '1.000',
  `enable_recurring` int(11) DEFAULT '0',
  `pre_tax_total` decimal(25,8) DEFAULT NULL,
  `s_h_percent` int(11) DEFAULT NULL
) ENGINE=InnoDB DEFAULT CHARSET=latin1;

--
-- Volcado de datos para la tabla `vtiger_salesorder`
--

INSERT INTO `vtiger_salesorder` (`salesorderid`, `subject`, `potentialid`, `customerno`, `salesorder_no`, `quoteid`, `vendorterms`, `contactid`, `vendorid`, `duedate`, `carrier`, `pending`, `type`, `adjustment`, `salescommission`, `exciseduty`, `total`, `subtotal`, `taxtype`, `discount_percent`, `discount_amount`, `s_h_amount`, `accountid`, `terms_conditions`, `purchaseorder`, `sostatus`, `currency_id`, `conversion_rate`, `enable_recurring`, `pre_tax_total`, `s_h_percent`) VALUES
(9, 'TestSalesOrder', 0, '', 'SO1', 0, NULL, 0, NULL, NULL, '', '', NULL, 0.00000000, 0.000, 0.000, 488.95000000, 385.00000000, 'group', NULL, NULL, 0.00000000, 6, '- Unless otherwise agreed in writing by the supplier all invoices are payable within thirty (30) days of the date of invoice, in the currency of the invoice, drawn on a bank based in India or by such other method as is agreed in advance by the Supplier.\r\n\r\n - All prices are not inclusive of VAT which shall be payable in addition by the Customer at the applicable rate.', '', 'Created', 1, 1.000, 0, 385.00000000, 27),
(705, 'Testing', 0, '', 'SO2', 0, NULL, 0, NULL, NULL, NULL, '', NULL, 0.00000000, 0.000, 0.000, 2400.00000000, 2400.00000000, NULL, 0.000, 0.00000000, 0.00000000, 6, '', '', 'Created', 0, 0.000, 0, 2400.00000000, 0),
(706, 'Testing', 0, '', 'SO3', 0, NULL, 0, NULL, NULL, NULL, '', NULL, 0.00000000, 0.000, 0.000, 6150.00000000, 6150.00000000, NULL, 0.000, 0.00000000, 0.00000000, 6, '', '', 'Created', 0, 0.000, 0, 6150.00000000, 0),
(707, 'Testing', 0, '', 'SO4', 0, NULL, 0, NULL, NULL, NULL, '', NULL, 0.00000000, 0.000, 0.000, 6150.00000000, 6150.00000000, NULL, 0.000, 0.00000000, 0.00000000, 6, '', '', 'Created', 0, 0.000, 0, 6150.00000000, 0),
(708, 'Testing', 0, '', 'SO5', 0, NULL, 0, NULL, NULL, NULL, '', NULL, 0.00000000, 0.000, 0.000, 6150.00000000, 6150.00000000, NULL, 0.000, 0.00000000, 0.00000000, 6, '', '', 'Created', 0, 0.000, 0, 6150.00000000, 0),
(709, 'Testing', 0, '', 'SO6', 0, NULL, 0, NULL, NULL, NULL, '', NULL, 0.00000000, 0.000, 0.000, 6150.00000000, 6150.00000000, NULL, 0.000, 0.00000000, 0.00000000, 6, '', '', 'Created', 0, 0.000, 0, 6150.00000000, 0),
(710, 'TEste', 0, '', 'SO7', 0, NULL, 0, NULL, NULL, NULL, '', NULL, 0.00000000, 0.000, 0.000, 1225.00000000, 1225.00000000, NULL, 0.000, 0.00000000, 0.00000000, 6, '', '', 'Created', 1, 0.000, 0, 1225.00000000, 0);

-- --------------------------------------------------------

--
-- Estructura de tabla para la tabla `vtiger_salesordercf`
--

CREATE TABLE IF NOT EXISTS `vtiger_salesordercf` (
  `salesorderid` int(19) NOT NULL DEFAULT '0'
) ENGINE=InnoDB DEFAULT CHARSET=latin1;

--
-- Volcado de datos para la tabla `vtiger_salesordercf`
--

INSERT INTO `vtiger_salesordercf` (`salesorderid`) VALUES
(9),
(705),
(706),
(707),
(708),
(709),
(710);

-- --------------------------------------------------------

--
-- Estructura de tabla para la tabla `vtiger_sales_stage`
--

CREATE TABLE IF NOT EXISTS `vtiger_sales_stage` (
`sales_stage_id` int(19) NOT NULL,
  `sales_stage` varchar(200) DEFAULT NULL,
  `presence` int(1) NOT NULL DEFAULT '1',
  `picklist_valueid` int(19) NOT NULL DEFAULT '0',
  `sortorderid` int(11) DEFAULT NULL
) ENGINE=InnoDB AUTO_INCREMENT=11 DEFAULT CHARSET=latin1;

--
-- Volcado de datos para la tabla `vtiger_sales_stage`
--

INSERT INTO `vtiger_sales_stage` (`sales_stage_id`, `sales_stage`, `presence`, `picklist_valueid`, `sortorderid`) VALUES
(1, 'Prospecting', 1, 150, 0),
(2, 'Qualification', 1, 151, 1),
(3, 'Needs Analysis', 1, 152, 2),
(4, 'Value Proposition', 1, 153, 3),
(5, 'Id. Decision Makers', 1, 154, 4),
(6, 'Perception Analysis', 1, 155, 5),
(7, 'Proposal or Price Quote', 1, 156, 6),
(8, 'Negotiation or Review', 1, 157, 7),
(9, 'Closed Won', 0, 158, 8),
(10, 'Closed Lost', 0, 159, 9);

-- --------------------------------------------------------

--
-- Estructura de tabla para la tabla `vtiger_sales_stage_seq`
--

CREATE TABLE IF NOT EXISTS `vtiger_sales_stage_seq` (
  `id` int(11) NOT NULL
) ENGINE=InnoDB DEFAULT CHARSET=latin1;

--
-- Volcado de datos para la tabla `vtiger_sales_stage_seq`
--

INSERT INTO `vtiger_sales_stage_seq` (`id`) VALUES
(10);

-- --------------------------------------------------------

--
-- Estructura de tabla para la tabla `vtiger_salutationtype`
--

CREATE TABLE IF NOT EXISTS `vtiger_salutationtype` (
`salutationid` int(19) NOT NULL,
  `salutationtype` varchar(200) NOT NULL,
  `presence` int(1) NOT NULL DEFAULT '1',
  `picklist_valueid` int(19) NOT NULL DEFAULT '0',
  `sortorderid` int(11) DEFAULT NULL
) ENGINE=InnoDB AUTO_INCREMENT=7 DEFAULT CHARSET=latin1;

--
-- Volcado de datos para la tabla `vtiger_salutationtype`
--

INSERT INTO `vtiger_salutationtype` (`salutationid`, `salutationtype`, `presence`, `picklist_valueid`, `sortorderid`) VALUES
(2, 'Mr.', 1, 161, 1),
(3, 'Ms.', 1, 162, 2),
(4, 'Mrs.', 1, 163, 3),
(5, 'Dr.', 1, 164, 4),
(6, 'Prof.', 1, 165, 5);

-- --------------------------------------------------------

--
-- Estructura de tabla para la tabla `vtiger_salutationtype_seq`
--

CREATE TABLE IF NOT EXISTS `vtiger_salutationtype_seq` (
  `id` int(11) NOT NULL
) ENGINE=InnoDB DEFAULT CHARSET=latin1;

--
-- Volcado de datos para la tabla `vtiger_salutationtype_seq`
--

INSERT INTO `vtiger_salutationtype_seq` (`id`) VALUES
(6);

-- --------------------------------------------------------

--
-- Estructura de tabla para la tabla `vtiger_scheduled_reports`
--

CREATE TABLE IF NOT EXISTS `vtiger_scheduled_reports` (
  `reportid` int(11) NOT NULL,
  `recipients` text,
  `schedule` text,
  `format` varchar(10) DEFAULT NULL,
  `next_trigger_time` timestamp NOT NULL DEFAULT CURRENT_TIMESTAMP ON UPDATE CURRENT_TIMESTAMP
) ENGINE=InnoDB DEFAULT CHARSET=latin1;

-- --------------------------------------------------------

--
-- Estructura de tabla para la tabla `vtiger_schedulereports`
--

CREATE TABLE IF NOT EXISTS `vtiger_schedulereports` (
  `reportid` int(10) DEFAULT NULL,
  `scheduleid` int(3) DEFAULT NULL,
  `recipients` text,
  `schdate` varchar(20) DEFAULT NULL,
  `schtime` time DEFAULT NULL,
  `schdayoftheweek` varchar(100) DEFAULT NULL,
  `schdayofthemonth` varchar(100) DEFAULT NULL,
  `schannualdates` varchar(500) DEFAULT NULL,
  `specificemails` varchar(500) DEFAULT NULL,
  `next_trigger_time` timestamp NOT NULL DEFAULT CURRENT_TIMESTAMP
) ENGINE=InnoDB DEFAULT CHARSET=utf8;

-- --------------------------------------------------------

--
-- Estructura de tabla para la tabla `vtiger_seactivityrel`
--

CREATE TABLE IF NOT EXISTS `vtiger_seactivityrel` (
  `crmid` int(19) NOT NULL,
  `activityid` int(19) NOT NULL
) ENGINE=InnoDB DEFAULT CHARSET=latin1;

-- --------------------------------------------------------

--
-- Estructura de tabla para la tabla `vtiger_seactivityrel_seq`
--

CREATE TABLE IF NOT EXISTS `vtiger_seactivityrel_seq` (
  `id` int(11) NOT NULL
) ENGINE=InnoDB DEFAULT CHARSET=latin1;

--
-- Volcado de datos para la tabla `vtiger_seactivityrel_seq`
--

INSERT INTO `vtiger_seactivityrel_seq` (`id`) VALUES
(1);

-- --------------------------------------------------------

--
-- Estructura de tabla para la tabla `vtiger_seattachmentsrel`
--

CREATE TABLE IF NOT EXISTS `vtiger_seattachmentsrel` (
  `crmid` int(19) NOT NULL DEFAULT '0',
  `attachmentsid` int(19) NOT NULL DEFAULT '0'
) ENGINE=InnoDB DEFAULT CHARSET=latin1;

-- --------------------------------------------------------

--
-- Estructura de tabla para la tabla `vtiger_selectcolumn`
--

CREATE TABLE IF NOT EXISTS `vtiger_selectcolumn` (
  `queryid` int(19) NOT NULL,
  `columnindex` int(11) NOT NULL DEFAULT '0',
  `columnname` varchar(250) DEFAULT ''
) ENGINE=InnoDB DEFAULT CHARSET=latin1;

--
-- Volcado de datos para la tabla `vtiger_selectcolumn`
--

INSERT INTO `vtiger_selectcolumn` (`queryid`, `columnindex`, `columnname`) VALUES
(1, 0, 'vtiger_contactdetails:firstname:Contacts_First_Name:firstname:V'),
(1, 1, 'vtiger_contactdetails:lastname:Contacts_Last_Name:lastname:V'),
(1, 2, 'vtiger_contactsubdetails:leadsource:Contacts_Lead_Source:leadsource:V'),
(1, 3, 'vtiger_contactdetails:accountid:Contacts_Account_Name:account_id:V'),
(1, 4, 'vtiger_account:industry:Accounts_industry:industry:V'),
(1, 5, 'vtiger_contactdetails:email:Contacts_Email:email:E'),
(2, 0, 'vtiger_contactdetails:firstname:Contacts_First_Name:firstname:V'),
(2, 1, 'vtiger_contactdetails:lastname:Contacts_Last_Name:lastname:V'),
(2, 2, 'vtiger_contactsubdetails:leadsource:Contacts_Lead_Source:leadsource:V'),
(2, 3, 'vtiger_contactdetails:accountid:Contacts_Account_Name:account_id:V'),
(2, 4, 'vtiger_account:industry:Accounts_industry:industry:V'),
(2, 5, 'vtiger_contactdetails:email:Contacts_Email:email:E'),
(3, 0, 'vtiger_contactdetails:firstname:Contacts_First_Name:firstname:V'),
(3, 1, 'vtiger_contactdetails:lastname:Contacts_Last_Name:lastname:V'),
(3, 2, 'vtiger_contactdetails:accountid:Contacts_Account_Name:account_id:V'),
(3, 3, 'vtiger_contactdetails:email:Contacts_Email:email:E'),
(3, 4, 'vtiger_potential:potentialname:Potentials_Potential_Name:potentialname:V'),
(3, 5, 'vtiger_potential:sales_stage:Potentials_Sales_Stage:sales_stage:V'),
(4, 0, 'vtiger_leaddetails:firstname:Leads_First_Name:firstname:V'),
(4, 1, 'vtiger_leaddetails:lastname:Leads_Last_Name:lastname:V'),
(4, 2, 'vtiger_leaddetails:company:Leads_Company:company:V'),
(4, 3, 'vtiger_leaddetails:email:Leads_Email:email:E'),
(4, 4, 'vtiger_leaddetails:leadsource:Leads_Lead_Source:leadsource:V'),
(5, 0, 'vtiger_leaddetails:firstname:Leads_First_Name:firstname:V'),
(5, 1, 'vtiger_leaddetails:lastname:Leads_Last_Name:lastname:V'),
(5, 2, 'vtiger_leaddetails:company:Leads_Company:company:V'),
(5, 3, 'vtiger_leaddetails:email:Leads_Email:email:E'),
(5, 4, 'vtiger_leaddetails:leadsource:Leads_Lead_Source:leadsource:V'),
(5, 5, 'vtiger_leaddetails:leadstatus:Leads_Lead_Status:leadstatus:V'),
(6, 0, 'vtiger_potential:potentialname:Potentials_Potential_Name:potentialname:V'),
(6, 1, 'vtiger_potential:amount:Potentials_Amount:amount:N'),
(6, 2, 'vtiger_potential:potentialtype:Potentials_Type:opportunity_type:V'),
(6, 3, 'vtiger_potential:leadsource:Potentials_Lead_Source:leadsource:V'),
(6, 4, 'vtiger_potential:sales_stage:Potentials_Sales_Stage:sales_stage:V'),
(7, 0, 'vtiger_potential:potentialname:Potentials_Potential_Name:potentialname:V'),
(7, 1, 'vtiger_potential:amount:Potentials_Amount:amount:N'),
(7, 2, 'vtiger_potential:potentialtype:Potentials_Type:opportunity_type:V'),
(7, 3, 'vtiger_potential:leadsource:Potentials_Lead_Source:leadsource:V'),
(7, 4, 'vtiger_potential:sales_stage:Potentials_Sales_Stage:sales_stage:V'),
(8, 0, 'vtiger_activity:subject:Calendar_Subject:subject:V'),
(8, 1, 'vtiger_contactdetailsCalendar:lastname:Calendar_Contact_Name:contact_id:I'),
(8, 2, 'vtiger_activity:status:Calendar_Status:taskstatus:V'),
(8, 3, 'vtiger_activity:priority:Calendar_Priority:taskpriority:V'),
(8, 4, 'vtiger_usersCalendar:user_name:Calendar_Assigned_To:assigned_user_id:V'),
(9, 0, 'vtiger_activity:subject:Calendar_Subject:subject:V'),
(9, 1, 'vtiger_contactdetailsCalendar:lastname:Calendar_Contact_Name:contact_id:I'),
(9, 2, 'vtiger_activity:status:Calendar_Status:taskstatus:V'),
(9, 3, 'vtiger_activity:priority:Calendar_Priority:taskpriority:V'),
(9, 4, 'vtiger_usersCalendar:user_name:Calendar_Assigned_To:assigned_user_id:V'),
(10, 0, 'vtiger_troubletickets:title:HelpDesk_Title:ticket_title:V'),
(10, 1, 'vtiger_troubletickets:status:HelpDesk_Status:ticketstatus:V'),
(10, 2, 'vtiger_products:productname:Products_Product_Name:productname:V'),
(10, 3, 'vtiger_products:discontinued:Products_Product_Active:discontinued:V'),
(10, 4, 'vtiger_products:productcategory:Products_Product_Category:productcategory:V'),
(10, 5, 'vtiger_products:manufacturer:Products_Manufacturer:manufacturer:V'),
(11, 0, 'vtiger_troubletickets:title:HelpDesk_Title:ticket_title:V'),
(11, 1, 'vtiger_troubletickets:priority:HelpDesk_Priority:ticketpriorities:V'),
(11, 2, 'vtiger_troubletickets:severity:HelpDesk_Severity:ticketseverities:V'),
(11, 3, 'vtiger_troubletickets:status:HelpDesk_Status:ticketstatus:V'),
(11, 4, 'vtiger_troubletickets:category:HelpDesk_Category:ticketcategories:V'),
(11, 5, 'vtiger_usersHelpDesk:user_name:HelpDesk_Assigned_To:assigned_user_id:V'),
(12, 0, 'vtiger_troubletickets:title:HelpDesk_Title:ticket_title:V'),
(12, 1, 'vtiger_troubletickets:priority:HelpDesk_Priority:ticketpriorities:V'),
(12, 2, 'vtiger_troubletickets:severity:HelpDesk_Severity:ticketseverities:V'),
(12, 3, 'vtiger_troubletickets:status:HelpDesk_Status:ticketstatus:V'),
(12, 4, 'vtiger_troubletickets:category:HelpDesk_Category:ticketcategories:V'),
(12, 5, 'vtiger_usersHelpDesk:user_name:HelpDesk_Assigned_To:assigned_user_id:V'),
(13, 0, 'vtiger_products:productname:Products_Product_Name:productname:V'),
(13, 1, 'vtiger_products:productcode:Products_Product_Code:productcode:V'),
(13, 2, 'vtiger_products:discontinued:Products_Product_Active:discontinued:V'),
(13, 3, 'vtiger_products:productcategory:Products_Product_Category:productcategory:V'),
(13, 4, 'vtiger_products:website:Products_Website:website:V'),
(13, 5, 'vtiger_vendorRelProducts:vendorname:Products_Vendor_Name:vendor_id:I'),
(13, 6, 'vtiger_products:mfr_part_no:Products_Mfr_PartNo:mfr_part_no:V'),
(14, 0, 'vtiger_products:productname:Products_Product_Name:productname:V'),
(14, 1, 'vtiger_products:manufacturer:Products_Manufacturer:manufacturer:V'),
(14, 2, 'vtiger_products:productcategory:Products_Product_Category:productcategory:V'),
(14, 3, 'vtiger_contactdetails:firstname:Contacts_First_Name:firstname:V'),
(14, 4, 'vtiger_contactdetails:lastname:Contacts_Last_Name:lastname:V'),
(14, 5, 'vtiger_contactsubdetails:leadsource:Contacts_Lead_Source:leadsource:V'),
(15, 0, 'vtiger_quotes:subject:Quotes_Subject:subject:V'),
(15, 1, 'vtiger_potentialRelQuotes:potentialname:Quotes_Potential_Name:potential_id:I'),
(15, 2, 'vtiger_quotes:quotestage:Quotes_Quote_Stage:quotestage:V'),
(15, 3, 'vtiger_quotes:contactid:Quotes_Contact_Name:contact_id:V'),
(15, 4, 'vtiger_usersRel1:user_name:Quotes_Inventory_Manager:assigned_user_id1:I'),
(15, 5, 'vtiger_accountQuotes:accountname:Quotes_Account_Name:account_id:I'),
(16, 0, 'vtiger_quotes:subject:Quotes_Subject:subject:V'),
(16, 1, 'vtiger_potentialRelQuotes:potentialname:Quotes_Potential_Name:potential_id:I'),
(16, 2, 'vtiger_quotes:quotestage:Quotes_Quote_Stage:quotestage:V'),
(16, 3, 'vtiger_quotes:contactid:Quotes_Contact_Name:contact_id:V'),
(16, 4, 'vtiger_usersRel1:user_name:Quotes_Inventory_Manager:assigned_user_id1:I'),
(16, 5, 'vtiger_accountQuotes:accountname:Quotes_Account_Name:account_id:I'),
(16, 6, 'vtiger_quotes:carrier:Quotes_Carrier:carrier:V'),
(16, 7, 'vtiger_quotes:shipping:Quotes_Shipping:shipping:V'),
(17, 0, 'vtiger_purchaseorder:subject:PurchaseOrder_Subject:subject:V'),
(17, 1, 'vtiger_vendorRelPurchaseOrder:vendorname:PurchaseOrder_Vendor_Name:vendor_id:I'),
(17, 2, 'vtiger_purchaseorder:tracking_no:PurchaseOrder_Tracking_Number:tracking_no:V'),
(17, 3, 'vtiger_contactdetails:firstname:Contacts_First_Name:firstname:V'),
(17, 4, 'vtiger_contactdetails:lastname:Contacts_Last_Name:lastname:V'),
(17, 5, 'vtiger_contactsubdetails:leadsource:Contacts_Lead_Source:leadsource:V'),
(17, 6, 'vtiger_contactdetails:email:Contacts_Email:email:E'),
(18, 0, 'vtiger_purchaseorder:subject:PurchaseOrder_Subject:subject:V'),
(18, 1, 'vtiger_vendorRelPurchaseOrder:vendorname:PurchaseOrder_Vendor_Name:vendor_id:I'),
(18, 2, 'vtiger_purchaseorder:requisition_no:PurchaseOrder_Requisition_No:requisition_no:V'),
(18, 3, 'vtiger_purchaseorder:tracking_no:PurchaseOrder_Tracking_Number:tracking_no:V'),
(18, 4, 'vtiger_contactdetailsPurchaseOrder:lastname:PurchaseOrder_Contact_Name:contact_id:I'),
(18, 5, 'vtiger_purchaseorder:carrier:PurchaseOrder_Carrier:carrier:V'),
(18, 6, 'vtiger_purchaseorder:salescommission:PurchaseOrder_Sales_Commission:salescommission:N'),
(18, 7, 'vtiger_purchaseorder:exciseduty:PurchaseOrder_Excise_Duty:exciseduty:N'),
(18, 8, 'vtiger_usersPurchaseOrder:user_name:PurchaseOrder_Assigned_To:assigned_user_id:V'),
(19, 0, 'vtiger_invoice:subject:Invoice_Subject:subject:V'),
(19, 1, 'vtiger_invoice:salesorderid:Invoice_Sales_Order:salesorder_id:I'),
(19, 2, 'vtiger_invoice:customerno:Invoice_Customer_No:customerno:V'),
(19, 3, 'vtiger_invoice:exciseduty:Invoice_Excise_Duty:exciseduty:N'),
(19, 4, 'vtiger_invoice:salescommission:Invoice_Sales_Commission:salescommission:N'),
(19, 5, 'vtiger_accountInvoice:accountname:Invoice_Account_Name:account_id:I'),
(20, 0, 'vtiger_salesorder:subject:SalesOrder_Subject:subject:V'),
(20, 1, 'vtiger_quotesSalesOrder:subject:SalesOrder_Quote_Name:quote_id:I'),
(20, 2, 'vtiger_contactdetailsSalesOrder:lastname:SalesOrder_Contact_Name:contact_id:I'),
(20, 3, 'vtiger_salesorder:duedate:SalesOrder_Due_Date:duedate:D'),
(20, 4, 'vtiger_salesorder:carrier:SalesOrder_Carrier:carrier:V'),
(20, 5, 'vtiger_salesorder:sostatus:SalesOrder_Status:sostatus:V'),
(20, 6, 'vtiger_accountSalesOrder:accountname:SalesOrder_Account_Name:account_id:I'),
(20, 7, 'vtiger_salesorder:salescommission:SalesOrder_Sales_Commission:salescommission:N'),
(20, 8, 'vtiger_salesorder:exciseduty:SalesOrder_Excise_Duty:exciseduty:N'),
(20, 9, 'vtiger_usersSalesOrder:user_name:SalesOrder_Assigned_To:assigned_user_id:V'),
(21, 0, 'vtiger_campaign:campaignname:Campaigns_Campaign_Name:campaignname:V'),
(21, 1, 'vtiger_campaign:campaigntype:Campaigns_Campaign_Type:campaigntype:V'),
(21, 2, 'vtiger_campaign:targetaudience:Campaigns_Target_Audience:targetaudience:V'),
(21, 3, 'vtiger_campaign:budgetcost:Campaigns_Budget_Cost:budgetcost:I'),
(21, 4, 'vtiger_campaign:actualcost:Campaigns_Actual_Cost:actualcost:I'),
(21, 5, 'vtiger_campaign:expectedrevenue:Campaigns_Expected_Revenue:expectedrevenue:I'),
(21, 6, 'vtiger_campaign:expectedsalescount:Campaigns_Expected_Sales_Count:expectedsalescount:N'),
(21, 7, 'vtiger_campaign:actualsalescount:Campaigns_Actual_Sales_Count:actualsalescount:N'),
(21, 8, 'vtiger_usersCampaigns:user_name:Campaigns_Assigned_To:assigned_user_id:V'),
(22, 0, 'vtiger_contactdetails:lastname:Contacts_Last_Name:lastname:V'),
(22, 1, 'vtiger_contactdetails:email:Contacts_Email:email:E'),
(22, 2, 'vtiger_activity:subject:Emails_Subject:subject:V'),
(22, 3, 'vtiger_email_track:access_count:Emails_Access_Count:access_count:V'),
(23, 0, 'vtiger_account:accountname:Accounts_Account_Name:accountname:V'),
(23, 1, 'vtiger_account:phone:Accounts_Phone:phone:V'),
(23, 2, 'vtiger_account:email1:Accounts_Email:email1:E'),
(23, 3, 'vtiger_activity:subject:Emails_Subject:subject:V'),
(23, 4, 'vtiger_email_track:access_count:Emails_Access_Count:access_count:V'),
(24, 0, 'vtiger_leaddetails:lastname:Leads_Last_Name:lastname:V'),
(24, 1, 'vtiger_leaddetails:company:Leads_Company:company:V'),
(24, 2, 'vtiger_leaddetails:email:Leads_Email:email:E'),
(24, 3, 'vtiger_activity:subject:Emails_Subject:subject:V'),
(24, 4, 'vtiger_email_track:access_count:Emails_Access_Count:access_count:V'),
(25, 0, 'vtiger_vendor:vendorname:Vendors_Vendor_Name:vendorname:V'),
(25, 1, 'vtiger_vendor:glacct:Vendors_GL_Account:glacct:V'),
(25, 2, 'vtiger_vendor:email:Vendors_Email:email:E'),
(25, 3, 'vtiger_activity:subject:Emails_Subject:subject:V'),
(25, 4, 'vtiger_email_track:access_count:Emails_Access_Count:access_count:V');

-- --------------------------------------------------------

--
-- Estructura de tabla para la tabla `vtiger_selectquery`
--

CREATE TABLE IF NOT EXISTS `vtiger_selectquery` (
  `queryid` int(19) NOT NULL,
  `startindex` int(19) DEFAULT '0',
  `numofobjects` int(19) DEFAULT '0'
) ENGINE=InnoDB DEFAULT CHARSET=latin1;

--
-- Volcado de datos para la tabla `vtiger_selectquery`
--

INSERT INTO `vtiger_selectquery` (`queryid`, `startindex`, `numofobjects`) VALUES
(1, 0, 0),
(2, 0, 0),
(3, 0, 0),
(4, 0, 0),
(5, 0, 0),
(6, 0, 0),
(7, 0, 0),
(8, 0, 0),
(9, 0, 0),
(10, 0, 0),
(11, 0, 0),
(12, 0, 0),
(13, 0, 0),
(14, 0, 0),
(15, 0, 0),
(16, 0, 0),
(17, 0, 0),
(18, 0, 0),
(19, 0, 0),
(20, 0, 0),
(21, 0, 0),
(22, 0, 0),
(23, 0, 0),
(24, 0, 0),
(25, 0, 0);

-- --------------------------------------------------------

--
-- Estructura de tabla para la tabla `vtiger_selectquery_seq`
--

CREATE TABLE IF NOT EXISTS `vtiger_selectquery_seq` (
  `id` int(11) NOT NULL
) ENGINE=InnoDB DEFAULT CHARSET=latin1;

--
-- Volcado de datos para la tabla `vtiger_selectquery_seq`
--

INSERT INTO `vtiger_selectquery_seq` (`id`) VALUES
(25);

-- --------------------------------------------------------

--
-- Estructura de tabla para la tabla `vtiger_senotesrel`
--

CREATE TABLE IF NOT EXISTS `vtiger_senotesrel` (
  `crmid` int(19) NOT NULL DEFAULT '0',
  `notesid` int(19) NOT NULL DEFAULT '0'
) ENGINE=InnoDB DEFAULT CHARSET=latin1;

-- --------------------------------------------------------

--
-- Estructura de tabla para la tabla `vtiger_seproductsrel`
--

CREATE TABLE IF NOT EXISTS `vtiger_seproductsrel` (
  `crmid` int(19) NOT NULL DEFAULT '0',
  `productid` int(19) NOT NULL DEFAULT '0',
  `setype` varchar(30) NOT NULL
) ENGINE=InnoDB DEFAULT CHARSET=latin1;

-- --------------------------------------------------------

--
-- Estructura de tabla para la tabla `vtiger_service`
--

CREATE TABLE IF NOT EXISTS `vtiger_service` (
  `serviceid` int(11) NOT NULL,
  `service_no` varchar(100) NOT NULL,
  `servicename` varchar(50) NOT NULL,
  `servicecategory` varchar(200) DEFAULT NULL,
  `qty_per_unit` decimal(11,2) DEFAULT '0.00',
  `unit_price` decimal(25,8) DEFAULT NULL,
  `sales_start_date` date DEFAULT NULL,
  `sales_end_date` date DEFAULT NULL,
  `start_date` date DEFAULT NULL,
  `expiry_date` date DEFAULT NULL,
  `discontinued` int(1) NOT NULL DEFAULT '0',
  `service_usageunit` varchar(200) DEFAULT NULL,
  `website` varchar(100) DEFAULT NULL,
  `taxclass` varchar(200) DEFAULT NULL,
  `currency_id` int(19) NOT NULL DEFAULT '1',
  `commissionrate` decimal(7,3) DEFAULT NULL
) ENGINE=InnoDB DEFAULT CHARSET=utf8;

-- --------------------------------------------------------

--
-- Estructura de tabla para la tabla `vtiger_servicecategory`
--

CREATE TABLE IF NOT EXISTS `vtiger_servicecategory` (
`servicecategoryid` int(11) NOT NULL,
  `servicecategory` varchar(200) NOT NULL,
  `presence` int(1) NOT NULL DEFAULT '1',
  `picklist_valueid` int(11) NOT NULL DEFAULT '0',
  `sortorderid` int(11) DEFAULT '0'
) ENGINE=InnoDB AUTO_INCREMENT=7 DEFAULT CHARSET=utf8;

--
-- Volcado de datos para la tabla `vtiger_servicecategory`
--

INSERT INTO `vtiger_servicecategory` (`servicecategoryid`, `servicecategory`, `presence`, `picklist_valueid`, `sortorderid`) VALUES
(2, 'Support', 1, 230, 2),
(3, 'Installation', 1, 231, 3),
(4, 'Migration', 1, 232, 4),
(5, 'Customization', 1, 233, 5),
(6, 'Training', 1, 234, 6);

-- --------------------------------------------------------

--
-- Estructura de tabla para la tabla `vtiger_servicecategory_seq`
--

CREATE TABLE IF NOT EXISTS `vtiger_servicecategory_seq` (
  `id` int(11) NOT NULL
) ENGINE=InnoDB DEFAULT CHARSET=latin1;

--
-- Volcado de datos para la tabla `vtiger_servicecategory_seq`
--

INSERT INTO `vtiger_servicecategory_seq` (`id`) VALUES
(6);

-- --------------------------------------------------------

--
-- Estructura de tabla para la tabla `vtiger_servicecf`
--

CREATE TABLE IF NOT EXISTS `vtiger_servicecf` (
  `serviceid` int(19) NOT NULL DEFAULT '0'
) ENGINE=InnoDB DEFAULT CHARSET=utf8;

-- --------------------------------------------------------

--
-- Estructura de tabla para la tabla `vtiger_servicecontracts`
--

CREATE TABLE IF NOT EXISTS `vtiger_servicecontracts` (
  `servicecontractsid` int(11) DEFAULT NULL,
  `start_date` date DEFAULT NULL,
  `end_date` date DEFAULT NULL,
  `sc_related_to` int(11) DEFAULT NULL,
  `tracking_unit` varchar(100) DEFAULT NULL,
  `total_units` decimal(5,2) DEFAULT NULL,
  `used_units` decimal(5,2) DEFAULT NULL,
  `subject` varchar(100) DEFAULT NULL,
  `due_date` date DEFAULT NULL,
  `planned_duration` varchar(256) DEFAULT NULL,
  `actual_duration` varchar(256) DEFAULT NULL,
  `contract_status` varchar(200) DEFAULT NULL,
  `priority` varchar(200) DEFAULT NULL,
  `contract_type` varchar(200) DEFAULT NULL,
  `progress` decimal(5,2) DEFAULT NULL,
  `contract_no` varchar(100) DEFAULT NULL
) ENGINE=InnoDB DEFAULT CHARSET=utf8;

-- --------------------------------------------------------

--
-- Estructura de tabla para la tabla `vtiger_servicecontractscf`
--

CREATE TABLE IF NOT EXISTS `vtiger_servicecontractscf` (
  `servicecontractsid` int(11) NOT NULL
) ENGINE=InnoDB DEFAULT CHARSET=utf8;

-- --------------------------------------------------------

--
-- Estructura de tabla para la tabla `vtiger_service_usageunit`
--

CREATE TABLE IF NOT EXISTS `vtiger_service_usageunit` (
`service_usageunitid` int(11) NOT NULL,
  `service_usageunit` varchar(200) NOT NULL,
  `presence` int(1) NOT NULL DEFAULT '1',
  `picklist_valueid` int(11) NOT NULL DEFAULT '0',
  `sortorderid` int(11) DEFAULT '0'
) ENGINE=InnoDB AUTO_INCREMENT=4 DEFAULT CHARSET=utf8;

--
-- Volcado de datos para la tabla `vtiger_service_usageunit`
--

INSERT INTO `vtiger_service_usageunit` (`service_usageunitid`, `service_usageunit`, `presence`, `picklist_valueid`, `sortorderid`) VALUES
(1, 'Hours', 1, 226, 1),
(2, 'Days', 1, 227, 2),
(3, 'Incidents', 1, 228, 3);

-- --------------------------------------------------------

--
-- Estructura de tabla para la tabla `vtiger_service_usageunit_seq`
--

CREATE TABLE IF NOT EXISTS `vtiger_service_usageunit_seq` (
  `id` int(11) NOT NULL
) ENGINE=InnoDB DEFAULT CHARSET=latin1;

--
-- Volcado de datos para la tabla `vtiger_service_usageunit_seq`
--

INSERT INTO `vtiger_service_usageunit_seq` (`id`) VALUES
(3);

-- --------------------------------------------------------

--
-- Estructura de tabla para la tabla `vtiger_seticketsrel`
--

CREATE TABLE IF NOT EXISTS `vtiger_seticketsrel` (
  `crmid` int(19) NOT NULL DEFAULT '0',
  `ticketid` int(19) NOT NULL DEFAULT '0'
) ENGINE=InnoDB DEFAULT CHARSET=latin1;

-- --------------------------------------------------------

--
-- Estructura de tabla para la tabla `vtiger_settings_blocks`
--

CREATE TABLE IF NOT EXISTS `vtiger_settings_blocks` (
  `blockid` int(19) NOT NULL,
  `label` varchar(250) DEFAULT NULL,
  `sequence` int(19) DEFAULT NULL
) ENGINE=InnoDB DEFAULT CHARSET=latin1;

--
-- Volcado de datos para la tabla `vtiger_settings_blocks`
--

INSERT INTO `vtiger_settings_blocks` (`blockid`, `label`, `sequence`) VALUES
(1, 'LBL_USER_MANAGEMENT', 1),
(2, 'LBL_STUDIO', 2),
(3, 'LBL_COMMUNICATION_TEMPLATES', 3),
(4, 'LBL_OTHER_SETTINGS', 4),
(5, 'LBL_INTEGRATION', 5);

-- --------------------------------------------------------

--
-- Estructura de tabla para la tabla `vtiger_settings_blocks_seq`
--

CREATE TABLE IF NOT EXISTS `vtiger_settings_blocks_seq` (
  `id` int(11) NOT NULL
) ENGINE=InnoDB DEFAULT CHARSET=latin1;

--
-- Volcado de datos para la tabla `vtiger_settings_blocks_seq`
--

INSERT INTO `vtiger_settings_blocks_seq` (`id`) VALUES
(5);

-- --------------------------------------------------------

--
-- Estructura de tabla para la tabla `vtiger_settings_field`
--

CREATE TABLE IF NOT EXISTS `vtiger_settings_field` (
  `fieldid` int(19) NOT NULL,
  `blockid` int(19) DEFAULT NULL,
  `name` varchar(250) DEFAULT NULL,
  `iconpath` varchar(300) DEFAULT NULL,
  `description` text,
  `linkto` text,
  `sequence` int(19) DEFAULT NULL,
  `active` int(19) DEFAULT '0',
  `pinned` int(1) DEFAULT '0'
) ENGINE=InnoDB DEFAULT CHARSET=latin1;

--
-- Volcado de datos para la tabla `vtiger_settings_field`
--

INSERT INTO `vtiger_settings_field` (`fieldid`, `blockid`, `name`, `iconpath`, `description`, `linkto`, `sequence`, `active`, `pinned`) VALUES
(1, 1, 'LBL_USERS', 'ico-users.gif', 'LBL_USER_DESCRIPTION', 'index.php?module=Users&parent=Settings&view=List', 1, 0, 1),
(2, 1, 'LBL_ROLES', 'ico-roles.gif', 'LBL_ROLE_DESCRIPTION', 'index.php?module=Roles&parent=Settings&view=Index', 2, 0, 0),
(3, 1, 'LBL_PROFILES', 'ico-profile.gif', 'LBL_PROFILE_DESCRIPTION', 'index.php?module=Profiles&parent=Settings&view=List', 3, 0, 0),
(4, 1, 'USERGROUPLIST', 'ico-groups.gif', 'LBL_GROUP_DESCRIPTION', 'index.php?module=Groups&parent=Settings&view=List', 4, 0, 0),
(5, 1, 'LBL_SHARING_ACCESS', 'shareaccess.gif', 'LBL_SHARING_ACCESS_DESCRIPTION', 'index.php?module=SharingAccess&parent=Settings&view=Index', 5, 0, 0),
(6, 1, 'LBL_FIELDS_ACCESS', 'orgshar.gif', 'LBL_SHARING_FIELDS_DESCRIPTION', 'index.php?module=FieldAccess&parent=Settings&view=Index', 6, 0, 0),
(7, 1, 'LBL_LOGIN_HISTORY_DETAILS', 'set-IcoLoginHistory.gif', 'LBL_LOGIN_HISTORY_DESCRIPTION', 'index.php?module=LoginHistory&parent=Settings&view=List', 7, 0, 0),
(8, 2, 'VTLIB_LBL_MODULE_MANAGER', 'vtlib_modmng.gif', 'VTLIB_LBL_MODULE_MANAGER_DESCRIPTION', 'index.php?module=ModuleManager&parent=Settings&view=List', 8, 0, 1),
(9, 2, 'LBL_PICKLIST_EDITOR', 'picklist.gif', 'LBL_PICKLIST_DESCRIPTION', 'index.php?parent=Settings&module=Picklist&view=Index', 1, 0, 1),
(10, 2, 'LBL_PICKLIST_DEPENDENCY_SETUP', 'picklistdependency.gif', 'LBL_PICKLIST_DEPENDENCY_DESCRIPTION', 'index.php?parent=Settings&module=PickListDependency&view=List', 2, 0, 0),
(11, 2, 'LBL_MENU_EDITOR', 'menueditor.png', 'LBL_MENU_DESC', 'index.php?module=MenuEditor&parent=Settings&view=Index', 3, 0, 0),
(12, 3, 'NOTIFICATIONSCHEDULERS', 'notification.gif', 'LBL_NOTIF_SCHED_DESCRIPTION', 'index.php?module=Settings&view=listnotificationschedulers&parenttab=Settings', 4, 0, 0),
(13, 3, 'INVENTORYNOTIFICATION', 'inventory.gif', 'LBL_INV_NOTIF_DESCRIPTION', 'index.php?module=Settings&view=listinventorynotifications&parenttab=Settings', 1, 0, 0),
(14, 3, 'LBL_COMPANY_DETAILS', 'company.gif', 'LBL_COMPANY_DESCRIPTION', 'index.php?parent=Settings&module=Vtiger&view=CompanyDetails', 2, 0, 0),
(15, 4, 'LBL_MAIL_SERVER_SETTINGS', 'ogmailserver.gif', 'LBL_MAIL_SERVER_DESCRIPTION', 'index.php?parent=Settings&module=Vtiger&view=OutgoingServerDetail', 3, 0, 0),
(16, 4, 'LBL_CURRENCY_SETTINGS', 'currency.gif', 'LBL_CURRENCY_DESCRIPTION', 'index.php?parent=Settings&module=Currency&view=List', 4, 0, 0),
(17, 4, 'LBL_TAX_SETTINGS', 'taxConfiguration.gif', 'LBL_TAX_DESCRIPTION', 'index.php?module=Vtiger&parent=Settings&view=TaxIndex', 5, 0, 0),
(18, 4, 'LBL_SYSTEM_INFO', 'system.gif', 'LBL_SYSTEM_DESCRIPTION', 'index.php?module=Settings&submodule=Server&view=ProxyConfig', 6, 1, 0),
(19, 4, 'LBL_ANNOUNCEMENT', 'announ.gif', 'LBL_ANNOUNCEMENT_DESCRIPTION', 'index.php?parent=Settings&module=Vtiger&view=AnnouncementEdit', 1, 0, 0),
(20, 4, 'LBL_DEFAULT_MODULE_VIEW', 'set-IcoTwoTabConfig.gif', 'LBL_DEFAULT_MODULE_VIEW_DESC', 'index.php?module=Settings&action=DefModuleView&parenttab=Settings', 2, 0, 0),
(21, 4, 'INVENTORYTERMSANDCONDITIONS', 'terms.gif', 'LBL_INV_TANDC_DESCRIPTION', 'index.php?parent=Settings&module=Vtiger&view=TermsAndConditionsEdit', 3, 0, 0),
(22, 4, 'LBL_CUSTOMIZE_MODENT_NUMBER', 'settingsInvNumber.gif', 'LBL_CUSTOMIZE_MODENT_NUMBER_DESCRIPTION', 'index.php?module=Vtiger&parent=Settings&view=CustomRecordNumbering', 4, 0, 0),
(23, 4, 'LBL_MAIL_SCANNER', 'mailScanner.gif', 'LBL_MAIL_SCANNER_DESCRIPTION', 'index.php?parent=Settings&module=MailConverter&view=List', 5, 0, 0),
(24, 4, 'LBL_LIST_WORKFLOWS', 'settingsWorkflow.png', 'LBL_LIST_WORKFLOWS_DESCRIPTION', 'index.php?module=Workflows&parent=Settings&view=List', 6, 0, 1),
(25, 4, 'LBL_CONFIG_EDITOR', 'migrate.gif', 'LBL_CONFIG_EDITOR_DESCRIPTION', 'index.php?module=Vtiger&parent=Settings&view=ConfigEditorDetail', 7, 0, 0),
(26, 4, 'Scheduler', 'Cron.png', 'Allows you to Configure Cron Task', 'index.php?module=CronTasks&parent=Settings&view=List', 8, 0, 0),
(27, 4, 'LBL_WORKFLOW_LIST', 'settingsWorkflow.png', 'LBL_AVAILABLE_WORKLIST_LIST', 'index.php?module=com_vtiger_workflow&action=workflowlist', 8, 0, 0),
(28, 5, 'LBL_PBXMANAGER', '', 'PBXManager module Configuration', 'index.php?module=PBXManager&parent=Settings&view=Index', 2, 0, 0),
(29, 4, 'ModTracker', 'set-IcoLoginHistory.gif', 'LBL_MODTRACKER_DESCRIPTION', 'index.php?module=ModTracker&action=BasicSettings&parenttab=Settings&formodule=ModTracker', 9, 0, 0),
(30, 4, 'LBL_CUSTOMER_PORTAL', 'portal_icon.png', 'PORTAL_EXTENSION_DESCRIPTION', 'index.php?module=CustomerPortal&action=index&parenttab=Settings', 10, 0, 0),
(31, 4, 'Webforms', 'modules/Webforms/img/Webform.png', 'LBL_WEBFORMS_DESCRIPTION', 'index.php?module=Webforms&action=index&parenttab=Settings', 11, 0, 0),
(32, 2, 'LBL_EDIT_FIELDS', '', 'LBL_LAYOUT_EDITOR_DESCRIPTION', 'index.php?module=LayoutEditor&parent=Settings&view=Index', NULL, 0, 0);

-- --------------------------------------------------------

--
-- Estructura de tabla para la tabla `vtiger_settings_field_seq`
--

CREATE TABLE IF NOT EXISTS `vtiger_settings_field_seq` (
  `id` int(11) NOT NULL
) ENGINE=InnoDB DEFAULT CHARSET=latin1;

--
-- Volcado de datos para la tabla `vtiger_settings_field_seq`
--

INSERT INTO `vtiger_settings_field_seq` (`id`) VALUES
(32);

-- --------------------------------------------------------

--
-- Estructura de tabla para la tabla `vtiger_sharedcalendar`
--

CREATE TABLE IF NOT EXISTS `vtiger_sharedcalendar` (
  `userid` int(19) NOT NULL,
  `sharedid` int(19) NOT NULL
) ENGINE=InnoDB DEFAULT CHARSET=latin1;

-- --------------------------------------------------------

--
-- Estructura de tabla para la tabla `vtiger_shareduserinfo`
--

CREATE TABLE IF NOT EXISTS `vtiger_shareduserinfo` (
  `userid` int(19) NOT NULL DEFAULT '0',
  `shareduserid` int(19) NOT NULL DEFAULT '0',
  `color` varchar(50) DEFAULT NULL,
  `visible` int(19) DEFAULT '1'
) ENGINE=InnoDB DEFAULT CHARSET=latin1;

-- --------------------------------------------------------

--
-- Estructura de tabla para la tabla `vtiger_shippingtaxinfo`
--

CREATE TABLE IF NOT EXISTS `vtiger_shippingtaxinfo` (
  `taxid` int(3) NOT NULL,
  `taxname` varchar(50) DEFAULT NULL,
  `taxlabel` varchar(50) DEFAULT NULL,
  `percentage` decimal(7,3) DEFAULT NULL,
  `deleted` int(1) DEFAULT NULL
) ENGINE=InnoDB DEFAULT CHARSET=latin1;

--
-- Volcado de datos para la tabla `vtiger_shippingtaxinfo`
--

INSERT INTO `vtiger_shippingtaxinfo` (`taxid`, `taxname`, `taxlabel`, `percentage`, `deleted`) VALUES
(1, 'shtax1', 'VAT', 4.500, 0),
(2, 'shtax2', 'Sales', 10.000, 0),
(3, 'shtax3', 'Service', 12.500, 0);

-- --------------------------------------------------------

--
-- Estructura de tabla para la tabla `vtiger_shippingtaxinfo_seq`
--

CREATE TABLE IF NOT EXISTS `vtiger_shippingtaxinfo_seq` (
  `id` int(11) NOT NULL
) ENGINE=InnoDB DEFAULT CHARSET=latin1;

--
-- Volcado de datos para la tabla `vtiger_shippingtaxinfo_seq`
--

INSERT INTO `vtiger_shippingtaxinfo_seq` (`id`) VALUES
(3);

-- --------------------------------------------------------

--
-- Estructura de tabla para la tabla `vtiger_shorturls`
--

CREATE TABLE IF NOT EXISTS `vtiger_shorturls` (
`id` int(11) NOT NULL,
  `uid` varchar(50) DEFAULT NULL,
  `handler_path` varchar(400) DEFAULT NULL,
  `handler_class` varchar(100) DEFAULT NULL,
  `handler_function` varchar(100) DEFAULT NULL,
  `handler_data` varchar(255) DEFAULT NULL,
  `onetime` int(5) DEFAULT NULL
) ENGINE=InnoDB DEFAULT CHARSET=utf8;

-- --------------------------------------------------------

--
-- Estructura de tabla para la tabla `vtiger_smsnotifier`
--

CREATE TABLE IF NOT EXISTS `vtiger_smsnotifier` (
  `smsnotifierid` int(11) DEFAULT NULL,
  `message` text,
  `status` varchar(100) DEFAULT NULL
) ENGINE=InnoDB DEFAULT CHARSET=utf8;

-- --------------------------------------------------------

--
-- Estructura de tabla para la tabla `vtiger_smsnotifiercf`
--

CREATE TABLE IF NOT EXISTS `vtiger_smsnotifiercf` (
  `smsnotifierid` int(11) NOT NULL
) ENGINE=InnoDB DEFAULT CHARSET=utf8;

-- --------------------------------------------------------

--
-- Estructura de tabla para la tabla `vtiger_smsnotifier_servers`
--

CREATE TABLE IF NOT EXISTS `vtiger_smsnotifier_servers` (
`id` int(11) NOT NULL,
  `password` varchar(255) DEFAULT NULL,
  `isactive` int(1) DEFAULT NULL,
  `providertype` varchar(50) DEFAULT NULL,
  `username` varchar(255) DEFAULT NULL,
  `parameters` text
) ENGINE=InnoDB DEFAULT CHARSET=utf8;

-- --------------------------------------------------------

--
-- Estructura de tabla para la tabla `vtiger_smsnotifier_status`
--

CREATE TABLE IF NOT EXISTS `vtiger_smsnotifier_status` (
  `smsnotifierid` int(11) DEFAULT NULL,
  `tonumber` varchar(20) DEFAULT NULL,
  `status` varchar(10) DEFAULT NULL,
  `smsmessageid` varchar(50) DEFAULT NULL,
  `needlookup` int(1) DEFAULT '1',
`statusid` int(11) NOT NULL,
  `statusmessage` varchar(100) DEFAULT NULL
) ENGINE=InnoDB DEFAULT CHARSET=utf8;

-- --------------------------------------------------------

--
-- Estructura de tabla para la tabla `vtiger_soapservice`
--

CREATE TABLE IF NOT EXISTS `vtiger_soapservice` (
  `id` int(19) DEFAULT NULL,
  `type` varchar(25) DEFAULT NULL,
  `sessionid` varchar(100) DEFAULT NULL
) ENGINE=InnoDB DEFAULT CHARSET=latin1;

--
-- Volcado de datos para la tabla `vtiger_soapservice`
--

INSERT INTO `vtiger_soapservice` (`id`, `type`, `sessionid`) VALUES
(7, 'customer', 'vuxvixnv');

-- --------------------------------------------------------

--
-- Estructura de tabla para la tabla `vtiger_sobillads`
--

CREATE TABLE IF NOT EXISTS `vtiger_sobillads` (
  `sobilladdressid` int(19) NOT NULL DEFAULT '0',
  `bill_city` varchar(30) DEFAULT NULL,
  `bill_code` varchar(30) DEFAULT NULL,
  `bill_country` varchar(30) DEFAULT NULL,
  `bill_state` varchar(30) DEFAULT NULL,
  `bill_street` varchar(250) DEFAULT NULL,
  `bill_pobox` varchar(30) DEFAULT NULL
) ENGINE=InnoDB DEFAULT CHARSET=latin1;

--
-- Volcado de datos para la tabla `vtiger_sobillads`
--

INSERT INTO `vtiger_sobillads` (`sobilladdressid`, `bill_city`, `bill_code`, `bill_country`, `bill_state`, `bill_street`, `bill_pobox`) VALUES
(9, '', '', '', '', '-', ''),
(705, '', '', '', '', '', ''),
(706, '', '', '', '', '', ''),
(707, '', '', '', '', '', ''),
(708, '', '', '', '', '', ''),
(709, '', '', '', '', '', ''),
(710, '', '', '', '', '', '');

-- --------------------------------------------------------

--
-- Estructura de tabla para la tabla `vtiger_soshipads`
--

CREATE TABLE IF NOT EXISTS `vtiger_soshipads` (
  `soshipaddressid` int(19) NOT NULL DEFAULT '0',
  `ship_city` varchar(30) DEFAULT NULL,
  `ship_code` varchar(30) DEFAULT NULL,
  `ship_country` varchar(30) DEFAULT NULL,
  `ship_state` varchar(30) DEFAULT NULL,
  `ship_street` varchar(250) DEFAULT NULL,
  `ship_pobox` varchar(30) DEFAULT NULL
) ENGINE=InnoDB DEFAULT CHARSET=latin1;

--
-- Volcado de datos para la tabla `vtiger_soshipads`
--

INSERT INTO `vtiger_soshipads` (`soshipaddressid`, `ship_city`, `ship_code`, `ship_country`, `ship_state`, `ship_street`, `ship_pobox`) VALUES
(9, '', '', '', '', '-', ''),
(705, '', '', '', '', '', ''),
(706, '', '', '', '', '', ''),
(707, '', '', '', '', '', ''),
(708, '', '', '', '', '', ''),
(709, '', '', '', '', '', ''),
(710, '', '', '', '', '', '');

-- --------------------------------------------------------

--
-- Estructura de tabla para la tabla `vtiger_sostatus`
--

CREATE TABLE IF NOT EXISTS `vtiger_sostatus` (
`sostatusid` int(19) NOT NULL,
  `sostatus` varchar(200) NOT NULL,
  `presence` int(1) NOT NULL DEFAULT '1',
  `picklist_valueid` int(19) NOT NULL DEFAULT '0',
  `sortorderid` int(11) DEFAULT NULL
) ENGINE=InnoDB AUTO_INCREMENT=5 DEFAULT CHARSET=latin1;

--
-- Volcado de datos para la tabla `vtiger_sostatus`
--

INSERT INTO `vtiger_sostatus` (`sostatusid`, `sostatus`, `presence`, `picklist_valueid`, `sortorderid`) VALUES
(1, 'Created', 0, 166, 0),
(2, 'Approved', 0, 167, 1),
(3, 'Delivered', 0, 168, 2),
(4, 'Cancelled', 0, 169, 3);

-- --------------------------------------------------------

--
-- Estructura de tabla para la tabla `vtiger_sostatushistory`
--

CREATE TABLE IF NOT EXISTS `vtiger_sostatushistory` (
`historyid` int(19) NOT NULL,
  `salesorderid` int(19) NOT NULL,
  `accountname` varchar(100) DEFAULT NULL,
  `total` decimal(10,0) DEFAULT NULL,
  `sostatus` varchar(200) DEFAULT NULL,
  `lastmodified` datetime DEFAULT NULL
) ENGINE=InnoDB DEFAULT CHARSET=latin1;

-- --------------------------------------------------------

--
-- Estructura de tabla para la tabla `vtiger_sostatus_seq`
--

CREATE TABLE IF NOT EXISTS `vtiger_sostatus_seq` (
  `id` int(11) NOT NULL
) ENGINE=InnoDB DEFAULT CHARSET=latin1;

--
-- Volcado de datos para la tabla `vtiger_sostatus_seq`
--

INSERT INTO `vtiger_sostatus_seq` (`id`) VALUES
(4);

-- --------------------------------------------------------

--
-- Estructura de tabla para la tabla `vtiger_sqltimelog`
--

CREATE TABLE IF NOT EXISTS `vtiger_sqltimelog` (
  `id` int(11) DEFAULT NULL,
  `type` varchar(10) DEFAULT NULL,
  `data` text,
  `started` decimal(20,6) DEFAULT NULL,
  `ended` decimal(20,6) DEFAULT NULL,
  `loggedon` datetime DEFAULT NULL
) ENGINE=InnoDB DEFAULT CHARSET=latin1;

-- --------------------------------------------------------

--
-- Estructura de tabla para la tabla `vtiger_start_hour`
--

CREATE TABLE IF NOT EXISTS `vtiger_start_hour` (
`start_hourid` int(11) NOT NULL,
  `start_hour` varchar(200) NOT NULL,
  `sortorderid` int(11) DEFAULT NULL,
  `presence` int(11) NOT NULL DEFAULT '1'
) ENGINE=InnoDB AUTO_INCREMENT=25 DEFAULT CHARSET=utf8;

--
-- Volcado de datos para la tabla `vtiger_start_hour`
--

INSERT INTO `vtiger_start_hour` (`start_hourid`, `start_hour`, `sortorderid`, `presence`) VALUES
(1, '00:00', 1, 1),
(2, '01:00', 2, 1),
(3, '02:00', 3, 1),
(4, '03:00', 4, 1),
(5, '04:00', 5, 1),
(6, '05:00', 6, 1),
(7, '06:00', 7, 1),
(8, '07:00', 8, 1),
(9, '08:00', 9, 1),
(10, '09:00', 10, 1),
(11, '10:00', 11, 1),
(12, '11:00', 12, 1),
(13, '12:00', 13, 1),
(14, '13:00', 14, 1),
(15, '14:00', 15, 1),
(16, '15:00', 16, 1),
(17, '16:00', 17, 1),
(18, '17:00', 18, 1),
(19, '18:00', 19, 1),
(20, '19:00', 20, 1),
(21, '20:00', 21, 1),
(22, '21:00', 22, 1),
(23, '22:00', 23, 1),
(24, '23:00', 24, 1);

-- --------------------------------------------------------

--
-- Estructura de tabla para la tabla `vtiger_start_hour_seq`
--

CREATE TABLE IF NOT EXISTS `vtiger_start_hour_seq` (
  `id` int(11) NOT NULL
) ENGINE=InnoDB DEFAULT CHARSET=latin1;

--
-- Volcado de datos para la tabla `vtiger_start_hour_seq`
--

INSERT INTO `vtiger_start_hour_seq` (`id`) VALUES
(24);

-- --------------------------------------------------------

--
-- Estructura de tabla para la tabla `vtiger_status`
--

CREATE TABLE IF NOT EXISTS `vtiger_status` (
`statusid` int(19) NOT NULL,
  `status` varchar(200) NOT NULL,
  `presence` int(1) NOT NULL DEFAULT '1',
  `picklist_valueid` int(19) NOT NULL DEFAULT '0'
) ENGINE=InnoDB AUTO_INCREMENT=3 DEFAULT CHARSET=latin1;

--
-- Volcado de datos para la tabla `vtiger_status`
--

INSERT INTO `vtiger_status` (`statusid`, `status`, `presence`, `picklist_valueid`) VALUES
(1, 'Active', 0, 1),
(2, 'Inactive', 1, 1);

-- --------------------------------------------------------

--
-- Estructura de tabla para la tabla `vtiger_status_seq`
--

CREATE TABLE IF NOT EXISTS `vtiger_status_seq` (
  `id` int(11) NOT NULL
) ENGINE=InnoDB DEFAULT CHARSET=latin1;

--
-- Volcado de datos para la tabla `vtiger_status_seq`
--

INSERT INTO `vtiger_status_seq` (`id`) VALUES
(2);

-- --------------------------------------------------------

--
-- Estructura de tabla para la tabla `vtiger_systems`
--

CREATE TABLE IF NOT EXISTS `vtiger_systems` (
  `id` int(19) NOT NULL,
  `server` varchar(100) DEFAULT NULL,
  `server_port` int(19) DEFAULT NULL,
  `server_username` varchar(100) DEFAULT NULL,
  `server_password` varchar(100) DEFAULT NULL,
  `server_type` varchar(20) DEFAULT NULL,
  `smtp_auth` varchar(5) DEFAULT NULL,
  `server_path` varchar(256) DEFAULT NULL,
  `from_email_field` varchar(50) DEFAULT NULL
) ENGINE=InnoDB DEFAULT CHARSET=latin1;

--
-- Volcado de datos para la tabla `vtiger_systems`
--

INSERT INTO `vtiger_systems` (`id`, `server`, `server_port`, `server_username`, `server_password`, `server_type`, `smtp_auth`, `server_path`, `from_email_field`) VALUES
(1, 'ssl://smtp.gmail.com:465', 0, 'leonardo.castillo@otaca.net', 'kiplin01', 'email', '1', '0', 'leonardo.castillo@otaca.net');

-- --------------------------------------------------------

--
-- Estructura de tabla para la tabla `vtiger_systems_seq`
--

CREATE TABLE IF NOT EXISTS `vtiger_systems_seq` (
  `id` int(11) NOT NULL
) ENGINE=InnoDB DEFAULT CHARSET=latin1;

--
-- Volcado de datos para la tabla `vtiger_systems_seq`
--

INSERT INTO `vtiger_systems_seq` (`id`) VALUES
(1);

-- --------------------------------------------------------

--
-- Estructura de tabla para la tabla `vtiger_tab`
--

CREATE TABLE IF NOT EXISTS `vtiger_tab` (
  `tabid` int(19) NOT NULL DEFAULT '0',
  `name` varchar(25) NOT NULL,
  `presence` int(19) NOT NULL DEFAULT '1',
  `tabsequence` int(10) DEFAULT NULL,
  `tablabel` varchar(25) NOT NULL,
  `modifiedby` int(19) DEFAULT NULL,
  `modifiedtime` int(19) DEFAULT NULL,
  `customized` int(19) DEFAULT NULL,
  `ownedby` int(19) DEFAULT NULL,
  `isentitytype` int(11) NOT NULL DEFAULT '1',
  `trial` int(1) NOT NULL DEFAULT '0',
  `version` varchar(10) DEFAULT NULL,
  `parent` varchar(30) DEFAULT NULL
) ENGINE=InnoDB DEFAULT CHARSET=latin1;

--
-- Volcado de datos para la tabla `vtiger_tab`
--

INSERT INTO `vtiger_tab` (`tabid`, `name`, `presence`, `tabsequence`, `tablabel`, `modifiedby`, `modifiedtime`, `customized`, `ownedby`, `isentitytype`, `trial`, `version`, `parent`) VALUES
(1, 'Dashboard', 0, 12, 'Dashboards', NULL, NULL, 0, 1, 0, 0, NULL, 'Analytics'),
(2, 'Potentials', 0, 7, 'Potentials', NULL, NULL, 0, 0, 1, 0, NULL, 'Sales'),
(3, 'Home', 0, 1, 'Home', NULL, NULL, 0, 1, 0, 0, NULL, NULL),
(4, 'Contacts', 0, 6, 'Contacts', NULL, NULL, 0, 0, 1, 0, NULL, 'Sales'),
(6, 'Accounts', 0, 5, 'Accounts', NULL, NULL, 0, 0, 1, 0, NULL, 'Sales'),
(7, 'Leads', 0, 4, 'Leads', NULL, NULL, 0, 0, 1, 0, NULL, 'Sales'),
(8, 'Documents', 0, 9, 'Documents', NULL, NULL, 0, 0, 1, 0, NULL, 'Tools'),
(9, 'Calendar', 0, 3, 'Calendar', NULL, NULL, 0, 0, 1, 0, NULL, 'Tools'),
(10, 'Emails', 0, 10, 'Emails', NULL, NULL, 0, 1, 1, 0, NULL, 'Tools'),
(13, 'HelpDesk', 0, 11, 'HelpDesk', NULL, NULL, 0, 0, 1, 0, NULL, 'Support'),
(14, 'Products', 0, 8, 'Products', NULL, NULL, 0, 0, 1, 0, NULL, 'Inventory'),
(15, 'Faq', 0, -1, 'Faq', NULL, NULL, 0, 1, 1, 0, NULL, 'Support'),
(16, 'Events', 2, -1, 'Events', NULL, NULL, 0, 0, 1, 0, NULL, NULL),
(18, 'Vendors', 0, -1, 'Vendors', NULL, NULL, 0, 0, 1, 0, NULL, 'Inventory'),
(19, 'PriceBooks', 0, -1, 'PriceBooks', NULL, NULL, 0, 1, 1, 0, NULL, 'Inventory'),
(20, 'Quotes', 0, -1, 'Quotes', NULL, NULL, 0, 0, 1, 0, NULL, 'Sales'),
(21, 'PurchaseOrder', 0, -1, 'PurchaseOrder', NULL, NULL, 0, 0, 1, 0, NULL, 'Inventory'),
(22, 'SalesOrder', 0, -1, 'SalesOrder', NULL, NULL, 0, 0, 1, 0, NULL, 'Sales'),
(23, 'Invoice', 0, -1, 'Invoice', NULL, NULL, 0, 0, 1, 0, NULL, 'Sales'),
(24, 'Rss', 0, -1, 'Rss', NULL, NULL, 0, 1, 0, 0, NULL, 'Tools'),
(25, 'Reports', 0, -1, 'Reports', NULL, NULL, 0, 1, 0, 0, NULL, 'Analytics'),
(26, 'Campaigns', 0, -1, 'Campaigns', NULL, NULL, 0, 0, 1, 0, NULL, 'Marketing'),
(27, 'Portal', 0, -1, 'Portal', NULL, NULL, 0, 1, 0, 0, NULL, 'Tools'),
(28, 'Webmails', 0, -1, 'Webmails', NULL, NULL, 0, 1, 1, 0, NULL, NULL),
(29, 'Users', 0, -1, 'Users', NULL, NULL, 0, 1, 0, 0, NULL, NULL),
(30, 'ServiceContracts', 0, -1, 'Service Contracts', NULL, NULL, 0, 0, 1, 0, '2.4', 'Support'),
(31, 'Services', 0, -1, 'Services', NULL, NULL, 0, 0, 1, 0, '2.6', 'Inventory'),
(32, 'WSAPP', 0, -1, 'WSAPP', NULL, NULL, 1, 0, 0, 0, '3.4.4', ''),
(33, 'Import', 0, -1, 'Import', NULL, NULL, 1, 0, 0, 0, '1.7', ''),
(34, 'Mobile', 0, -1, 'Mobile', NULL, NULL, 1, 0, 0, 0, '2.0', ''),
(35, 'MailManager', 0, -1, 'MailManager', NULL, NULL, 1, 0, 0, 0, '1.9', 'Tools'),
(36, 'PBXManager', 0, -1, 'PBXManager', NULL, NULL, 1, 0, 1, 0, '2.2', 'Tools'),
(37, 'ModTracker', 0, -1, 'ModTracker', NULL, NULL, 0, 0, 0, 0, '1.2', ''),
(38, 'ProjectMilestone', 0, -1, 'ProjectMilestone', NULL, NULL, 0, 0, 1, 0, '3.0', 'Support'),
(39, 'ProjectTask', 0, -1, 'ProjectTask', NULL, NULL, 0, 0, 1, 0, '3.1', 'Support'),
(40, 'Project', 0, -1, 'Project', NULL, NULL, 0, 0, 1, 0, '3.3', 'Support'),
(41, 'CustomerPortal', 0, -1, 'CustomerPortal', NULL, NULL, 0, 0, 0, 0, '1.4', ''),
(42, 'Assets', 0, -1, 'Assets', NULL, NULL, 0, 0, 1, 0, '2.0', 'Inventory'),
(43, 'RecycleBin', 0, -1, 'Recycle Bin', NULL, NULL, 0, 0, 0, 0, '1.5', 'Tools'),
(44, 'EmailTemplates', 0, -1, 'Email Templates', NULL, NULL, 1, 0, 0, 0, '1.0', 'Tools'),
(45, 'ModComments', 0, -1, 'Comments', NULL, NULL, 0, 0, 1, 0, '2.1', 'Tools'),
(46, 'Google', 0, -1, 'Google', NULL, NULL, 0, 0, 0, 0, '1.5', ''),
(47, 'Webforms', 0, -1, 'Webforms', NULL, NULL, 0, 0, 0, 0, '1.6', ''),
(48, 'SMSNotifier', 0, -1, 'SMSNotifier', NULL, NULL, 0, 0, 1, 0, '1.9', 'Tools'),
(49, 'ExtensionStore', 0, -1, 'Extension Store', NULL, NULL, 1, 0, 0, 0, '1.2', 'Settings');

-- --------------------------------------------------------

--
-- Estructura de tabla para la tabla `vtiger_tab_info`
--

CREATE TABLE IF NOT EXISTS `vtiger_tab_info` (
  `tabid` int(19) DEFAULT NULL,
  `prefname` varchar(256) DEFAULT NULL,
  `prefvalue` varchar(256) DEFAULT NULL
) ENGINE=InnoDB DEFAULT CHARSET=latin1;

--
-- Volcado de datos para la tabla `vtiger_tab_info`
--

INSERT INTO `vtiger_tab_info` (`tabid`, `prefname`, `prefvalue`) VALUES
(30, 'vtiger_min_version', '6.0.0rc'),
(31, 'vtiger_min_version', '6.0.0rc'),
(31, 'vtiger_max_version', '6.*'),
(32, 'vtiger_min_version', '6.0.0rc'),
(33, 'vtiger_min_version', '6.0.0rc'),
(33, 'vtiger_max_version', '6.*'),
(34, 'vtiger_min_version', '6.0.0rc'),
(35, 'vtiger_min_version', '6.0.0RC'),
(36, 'vtiger_min_version', '6.0.0'),
(36, 'vtiger_max_version', '6.*'),
(37, 'vtiger_min_version', '6.0.0rc'),
(38, 'vtiger_min_version', '6.0.0rc'),
(38, 'vtiger_max_version', '6.*'),
(39, 'vtiger_min_version', '6.0.0rc'),
(40, 'vtiger_min_version', '6.0.0rc'),
(41, 'vtiger_min_version', '6.0.0rc'),
(41, 'vtiger_max_version', '6.*'),
(42, 'vtiger_min_version', '6.0.0rc'),
(42, 'vtiger_max_version', '6.*'),
(43, 'vtiger_min_version', '6.0.0rc'),
(43, 'vtiger_max_version', '6.*'),
(44, 'vtiger_min_version', '6.0.0rc'),
(44, 'vtiger_max_version', '6.*'),
(45, 'vtiger_min_version', '6.0.0rc'),
(45, 'vtiger_max_version', '6.*'),
(46, 'vtiger_min_version', '6.0.0rc'),
(46, 'vtiger_max_version', '6.*'),
(47, 'vtiger_min_version', '6.0.0rc'),
(47, 'vtiger_max_version', '6.*'),
(48, 'vtiger_min_version', '6.0.0rc'),
(48, 'vtiger_max_version', '6.*'),
(49, 'vtiger_min_version', '6.0.0'),
(49, 'vtiger_max_version', '6.*');

-- --------------------------------------------------------

--
-- Estructura de tabla para la tabla `vtiger_taskpriority`
--

CREATE TABLE IF NOT EXISTS `vtiger_taskpriority` (
`taskpriorityid` int(19) NOT NULL,
  `taskpriority` varchar(200) DEFAULT NULL,
  `presence` int(1) NOT NULL DEFAULT '1',
  `picklist_valueid` int(19) NOT NULL DEFAULT '0',
  `sortorderid` int(11) DEFAULT NULL
) ENGINE=InnoDB AUTO_INCREMENT=4 DEFAULT CHARSET=latin1;

--
-- Volcado de datos para la tabla `vtiger_taskpriority`
--

INSERT INTO `vtiger_taskpriority` (`taskpriorityid`, `taskpriority`, `presence`, `picklist_valueid`, `sortorderid`) VALUES
(1, 'High', 1, 170, 0),
(2, 'Medium', 1, 171, 1),
(3, 'Low', 1, 172, 2);

-- --------------------------------------------------------

--
-- Estructura de tabla para la tabla `vtiger_taskpriority_seq`
--

CREATE TABLE IF NOT EXISTS `vtiger_taskpriority_seq` (
  `id` int(11) NOT NULL
) ENGINE=InnoDB DEFAULT CHARSET=latin1;

--
-- Volcado de datos para la tabla `vtiger_taskpriority_seq`
--

INSERT INTO `vtiger_taskpriority_seq` (`id`) VALUES
(3);

-- --------------------------------------------------------

--
-- Estructura de tabla para la tabla `vtiger_taskstatus`
--

CREATE TABLE IF NOT EXISTS `vtiger_taskstatus` (
`taskstatusid` int(19) NOT NULL,
  `taskstatus` varchar(200) DEFAULT NULL,
  `presence` int(1) NOT NULL DEFAULT '1',
  `picklist_valueid` int(19) NOT NULL DEFAULT '0',
  `sortorderid` int(11) DEFAULT NULL
) ENGINE=InnoDB AUTO_INCREMENT=7 DEFAULT CHARSET=latin1;

--
-- Volcado de datos para la tabla `vtiger_taskstatus`
--

INSERT INTO `vtiger_taskstatus` (`taskstatusid`, `taskstatus`, `presence`, `picklist_valueid`, `sortorderid`) VALUES
(1, 'Not Started', 0, 173, 0),
(2, 'In Progress', 0, 174, 1),
(3, 'Completed', 0, 175, 2),
(4, 'Pending Input', 0, 176, 3),
(5, 'Deferred', 0, 177, 4),
(6, 'Planned', 0, 178, 5);

-- --------------------------------------------------------

--
-- Estructura de tabla para la tabla `vtiger_taskstatus_seq`
--

CREATE TABLE IF NOT EXISTS `vtiger_taskstatus_seq` (
  `id` int(11) NOT NULL
) ENGINE=InnoDB DEFAULT CHARSET=latin1;

--
-- Volcado de datos para la tabla `vtiger_taskstatus_seq`
--

INSERT INTO `vtiger_taskstatus_seq` (`id`) VALUES
(6);

-- --------------------------------------------------------

--
-- Estructura de tabla para la tabla `vtiger_taxclass`
--

CREATE TABLE IF NOT EXISTS `vtiger_taxclass` (
`taxclassid` int(19) NOT NULL,
  `taxclass` varchar(200) NOT NULL,
  `sortorderid` int(19) NOT NULL DEFAULT '0',
  `presence` int(1) NOT NULL DEFAULT '1'
) ENGINE=InnoDB AUTO_INCREMENT=3 DEFAULT CHARSET=latin1;

--
-- Volcado de datos para la tabla `vtiger_taxclass`
--

INSERT INTO `vtiger_taxclass` (`taxclassid`, `taxclass`, `sortorderid`, `presence`) VALUES
(1, 'SalesTax', 0, 1),
(2, 'Vat', 1, 1);

-- --------------------------------------------------------

--
-- Estructura de tabla para la tabla `vtiger_taxclass_seq`
--

CREATE TABLE IF NOT EXISTS `vtiger_taxclass_seq` (
  `id` int(11) NOT NULL
) ENGINE=InnoDB DEFAULT CHARSET=latin1;

--
-- Volcado de datos para la tabla `vtiger_taxclass_seq`
--

INSERT INTO `vtiger_taxclass_seq` (`id`) VALUES
(2);

-- --------------------------------------------------------

--
-- Estructura de tabla para la tabla `vtiger_ticketcategories`
--

CREATE TABLE IF NOT EXISTS `vtiger_ticketcategories` (
`ticketcategories_id` int(19) NOT NULL,
  `ticketcategories` varchar(200) DEFAULT NULL,
  `presence` int(1) NOT NULL DEFAULT '0',
  `picklist_valueid` int(19) NOT NULL DEFAULT '0',
  `sortorderid` int(11) DEFAULT NULL
) ENGINE=InnoDB AUTO_INCREMENT=4 DEFAULT CHARSET=latin1;

--
-- Volcado de datos para la tabla `vtiger_ticketcategories`
--

INSERT INTO `vtiger_ticketcategories` (`ticketcategories_id`, `ticketcategories`, `presence`, `picklist_valueid`, `sortorderid`) VALUES
(1, 'Big Problem', 1, 179, 0),
(2, 'Small Problem', 1, 180, 1),
(3, 'Other Problem', 1, 181, 2);

-- --------------------------------------------------------

--
-- Estructura de tabla para la tabla `vtiger_ticketcategories_seq`
--

CREATE TABLE IF NOT EXISTS `vtiger_ticketcategories_seq` (
  `id` int(11) NOT NULL
) ENGINE=InnoDB DEFAULT CHARSET=latin1;

--
-- Volcado de datos para la tabla `vtiger_ticketcategories_seq`
--

INSERT INTO `vtiger_ticketcategories_seq` (`id`) VALUES
(3);

-- --------------------------------------------------------

--
-- Estructura de tabla para la tabla `vtiger_ticketcf`
--

CREATE TABLE IF NOT EXISTS `vtiger_ticketcf` (
  `ticketid` int(19) NOT NULL DEFAULT '0',
  `from_portal` varchar(3) DEFAULT NULL
) ENGINE=InnoDB DEFAULT CHARSET=latin1;

-- --------------------------------------------------------

--
-- Estructura de tabla para la tabla `vtiger_ticketcomments`
--

CREATE TABLE IF NOT EXISTS `vtiger_ticketcomments` (
`commentid` int(19) NOT NULL,
  `ticketid` int(19) DEFAULT NULL,
  `comments` text,
  `ownerid` int(19) NOT NULL DEFAULT '0',
  `ownertype` varchar(10) DEFAULT NULL,
  `createdtime` datetime NOT NULL
) ENGINE=InnoDB DEFAULT CHARSET=latin1;

-- --------------------------------------------------------

--
-- Estructura de tabla para la tabla `vtiger_ticketpriorities`
--

CREATE TABLE IF NOT EXISTS `vtiger_ticketpriorities` (
`ticketpriorities_id` int(19) NOT NULL,
  `ticketpriorities` varchar(200) DEFAULT NULL,
  `presence` int(1) NOT NULL DEFAULT '0',
  `picklist_valueid` int(19) NOT NULL DEFAULT '0',
  `sortorderid` int(11) DEFAULT NULL
) ENGINE=InnoDB AUTO_INCREMENT=5 DEFAULT CHARSET=latin1;

--
-- Volcado de datos para la tabla `vtiger_ticketpriorities`
--

INSERT INTO `vtiger_ticketpriorities` (`ticketpriorities_id`, `ticketpriorities`, `presence`, `picklist_valueid`, `sortorderid`) VALUES
(1, 'Low', 1, 182, 0),
(2, 'Normal', 1, 183, 1),
(3, 'High', 1, 184, 2),
(4, 'Urgent', 1, 185, 3);

-- --------------------------------------------------------

--
-- Estructura de tabla para la tabla `vtiger_ticketpriorities_seq`
--

CREATE TABLE IF NOT EXISTS `vtiger_ticketpriorities_seq` (
  `id` int(11) NOT NULL
) ENGINE=InnoDB DEFAULT CHARSET=latin1;

--
-- Volcado de datos para la tabla `vtiger_ticketpriorities_seq`
--

INSERT INTO `vtiger_ticketpriorities_seq` (`id`) VALUES
(4);

-- --------------------------------------------------------

--
-- Estructura de tabla para la tabla `vtiger_ticketseverities`
--

CREATE TABLE IF NOT EXISTS `vtiger_ticketseverities` (
`ticketseverities_id` int(19) NOT NULL,
  `ticketseverities` varchar(200) DEFAULT NULL,
  `presence` int(1) NOT NULL DEFAULT '0',
  `picklist_valueid` int(19) NOT NULL DEFAULT '0',
  `sortorderid` int(11) DEFAULT NULL
) ENGINE=InnoDB AUTO_INCREMENT=5 DEFAULT CHARSET=latin1;

--
-- Volcado de datos para la tabla `vtiger_ticketseverities`
--

INSERT INTO `vtiger_ticketseverities` (`ticketseverities_id`, `ticketseverities`, `presence`, `picklist_valueid`, `sortorderid`) VALUES
(1, 'Minor', 1, 186, 0),
(2, 'Major', 1, 187, 1),
(3, 'Feature', 1, 188, 2),
(4, 'Critical', 1, 189, 3);

-- --------------------------------------------------------

--
-- Estructura de tabla para la tabla `vtiger_ticketseverities_seq`
--

CREATE TABLE IF NOT EXISTS `vtiger_ticketseverities_seq` (
  `id` int(11) NOT NULL
) ENGINE=InnoDB DEFAULT CHARSET=latin1;

--
-- Volcado de datos para la tabla `vtiger_ticketseverities_seq`
--

INSERT INTO `vtiger_ticketseverities_seq` (`id`) VALUES
(4);

-- --------------------------------------------------------

--
-- Estructura de tabla para la tabla `vtiger_ticketstatus`
--

CREATE TABLE IF NOT EXISTS `vtiger_ticketstatus` (
`ticketstatus_id` int(19) NOT NULL,
  `ticketstatus` varchar(200) DEFAULT NULL,
  `presence` int(1) NOT NULL DEFAULT '0',
  `picklist_valueid` int(19) NOT NULL DEFAULT '0',
  `sortorderid` int(11) DEFAULT NULL
) ENGINE=InnoDB AUTO_INCREMENT=5 DEFAULT CHARSET=latin1;

--
-- Volcado de datos para la tabla `vtiger_ticketstatus`
--

INSERT INTO `vtiger_ticketstatus` (`ticketstatus_id`, `ticketstatus`, `presence`, `picklist_valueid`, `sortorderid`) VALUES
(1, 'Open', 0, 190, 0),
(2, 'In Progress', 0, 191, 1),
(3, 'Wait For Response', 0, 192, 2),
(4, 'Closed', 0, 193, 3);

-- --------------------------------------------------------

--
-- Estructura de tabla para la tabla `vtiger_ticketstatus_seq`
--

CREATE TABLE IF NOT EXISTS `vtiger_ticketstatus_seq` (
  `id` int(11) NOT NULL
) ENGINE=InnoDB DEFAULT CHARSET=latin1;

--
-- Volcado de datos para la tabla `vtiger_ticketstatus_seq`
--

INSERT INTO `vtiger_ticketstatus_seq` (`id`) VALUES
(4);

-- --------------------------------------------------------

--
-- Estructura de tabla para la tabla `vtiger_time_zone`
--

CREATE TABLE IF NOT EXISTS `vtiger_time_zone` (
`time_zoneid` int(19) NOT NULL,
  `time_zone` varchar(200) NOT NULL,
  `sortorderid` int(19) NOT NULL DEFAULT '0',
  `presence` int(1) NOT NULL DEFAULT '1'
) ENGINE=InnoDB AUTO_INCREMENT=98 DEFAULT CHARSET=latin1;

--
-- Volcado de datos para la tabla `vtiger_time_zone`
--

INSERT INTO `vtiger_time_zone` (`time_zoneid`, `time_zone`, `sortorderid`, `presence`) VALUES
(1, 'Pacific/Midway', 0, 1),
(2, 'Pacific/Samoa', 1, 1),
(3, 'Pacific/Honolulu', 2, 1),
(4, 'America/Anchorage', 3, 1),
(5, 'America/Los_Angeles', 4, 1),
(6, 'America/Tijuana', 5, 1),
(7, 'America/Denver', 6, 1),
(8, 'America/Chihuahua', 7, 1),
(9, 'America/Mazatlan', 8, 1),
(10, 'America/Phoenix', 9, 1),
(11, 'America/Regina', 10, 1),
(12, 'America/Tegucigalpa', 11, 1),
(13, 'America/Chicago', 12, 1),
(14, 'America/Mexico_City', 13, 1),
(15, 'America/Monterrey', 14, 1),
(16, 'America/New_York', 15, 1),
(17, 'America/Bogota', 16, 1),
(18, 'America/Lima', 17, 1),
(19, 'America/Rio_Branco', 18, 1),
(20, 'America/Indiana/Indianapolis', 19, 1),
(21, 'America/Caracas', 20, 1),
(22, 'America/Halifax', 21, 1),
(23, 'America/Manaus', 22, 1),
(24, 'America/Santiago', 23, 1),
(25, 'America/La_Paz', 24, 1),
(26, 'America/Cuiaba', 25, 1),
(27, 'America/Asuncion', 26, 1),
(28, 'America/St_Johns', 27, 1),
(29, 'America/Argentina/Buenos_Aires', 28, 1),
(30, 'America/Sao_Paulo', 29, 1),
(31, 'America/Godthab', 30, 1),
(32, 'America/Montevideo', 31, 1),
(33, 'Atlantic/South_Georgia', 32, 1),
(34, 'Atlantic/Azores', 33, 1),
(35, 'Atlantic/Cape_Verde', 34, 1),
(36, 'Europe/London', 35, 1),
(37, 'UTC', 36, 1),
(38, 'Africa/Monrovia', 37, 1),
(39, 'Africa/Casablanca', 38, 1),
(40, 'Europe/Belgrade', 39, 1),
(41, 'Europe/Sarajevo', 40, 1),
(42, 'Europe/Brussels', 41, 1),
(43, 'Africa/Algiers', 42, 1),
(44, 'Europe/Amsterdam', 43, 1),
(45, 'Europe/Minsk', 44, 1),
(46, 'Africa/Cairo', 45, 1),
(47, 'Europe/Helsinki', 46, 1),
(48, 'Europe/Athens', 47, 1),
(49, 'Europe/Istanbul', 48, 1),
(50, 'Asia/Jerusalem', 49, 1),
(51, 'Asia/Amman', 50, 1),
(52, 'Asia/Beirut', 51, 1),
(53, 'Africa/Windhoek', 52, 1),
(54, 'Africa/Harare', 53, 1),
(55, 'Asia/Kuwait', 54, 1),
(56, 'Asia/Baghdad', 55, 1),
(57, 'Africa/Nairobi', 56, 1),
(58, 'Asia/Tehran', 57, 1),
(59, 'Asia/Tbilisi', 58, 1),
(60, 'Europe/Moscow', 59, 1),
(61, 'Asia/Muscat', 60, 1),
(62, 'Asia/Baku', 61, 1),
(63, 'Asia/Yerevan', 62, 1),
(64, 'Asia/Karachi', 63, 1),
(65, 'Asia/Tashkent', 64, 1),
(66, 'Asia/Kolkata', 65, 1),
(67, 'Asia/Colombo', 66, 1),
(68, 'Asia/Katmandu', 67, 1),
(69, 'Asia/Dhaka', 68, 1),
(70, 'Asia/Almaty', 69, 1),
(71, 'Asia/Yekaterinburg', 70, 1),
(72, 'Asia/Rangoon', 71, 1),
(73, 'Asia/Novosibirsk', 72, 1),
(74, 'Asia/Bangkok', 73, 1),
(75, 'Asia/Brunei', 74, 1),
(76, 'Asia/Krasnoyarsk', 75, 1),
(77, 'Asia/Ulaanbaatar', 76, 1),
(78, 'Asia/Kuala_Lumpur', 77, 1),
(79, 'Asia/Taipei', 78, 1),
(80, 'Australia/Perth', 79, 1),
(81, 'Asia/Irkutsk', 80, 1),
(82, 'Asia/Seoul', 81, 1),
(83, 'Asia/Tokyo', 82, 1),
(84, 'Australia/Darwin', 83, 1),
(85, 'Australia/Adelaide', 84, 1),
(86, 'Australia/Canberra', 85, 1),
(87, 'Australia/Brisbane', 86, 1),
(88, 'Australia/Hobart', 87, 1),
(89, 'Asia/Vladivostok', 88, 1),
(90, 'Pacific/Guam', 89, 1),
(91, 'Asia/Yakutsk', 90, 1),
(92, 'Pacific/Fiji', 92, 1),
(93, 'Asia/Kamchatka', 93, 1),
(94, 'Pacific/Auckland', 94, 1),
(95, 'Asia/Magadan', 95, 1),
(96, 'Pacific/Tongatapu', 96, 1),
(97, 'Etc/GMT-11', 91, 1);

-- --------------------------------------------------------

--
-- Estructura de tabla para la tabla `vtiger_time_zone_seq`
--

CREATE TABLE IF NOT EXISTS `vtiger_time_zone_seq` (
  `id` int(11) NOT NULL
) ENGINE=InnoDB DEFAULT CHARSET=latin1;

--
-- Volcado de datos para la tabla `vtiger_time_zone_seq`
--

INSERT INTO `vtiger_time_zone_seq` (`id`) VALUES
(96);

-- --------------------------------------------------------

--
-- Estructura de tabla para la tabla `vtiger_tmp_read_group_rel_sharing_per`
--

CREATE TABLE IF NOT EXISTS `vtiger_tmp_read_group_rel_sharing_per` (
  `userid` int(11) NOT NULL,
  `tabid` int(11) NOT NULL,
  `relatedtabid` int(11) NOT NULL,
  `sharedgroupid` int(11) NOT NULL
) ENGINE=InnoDB DEFAULT CHARSET=latin1;

-- --------------------------------------------------------

--
-- Estructura de tabla para la tabla `vtiger_tmp_read_group_sharing_per`
--

CREATE TABLE IF NOT EXISTS `vtiger_tmp_read_group_sharing_per` (
  `userid` int(11) NOT NULL,
  `tabid` int(11) NOT NULL,
  `sharedgroupid` int(11) NOT NULL
) ENGINE=InnoDB DEFAULT CHARSET=latin1;

-- --------------------------------------------------------

--
-- Estructura de tabla para la tabla `vtiger_tmp_read_user_rel_sharing_per`
--

CREATE TABLE IF NOT EXISTS `vtiger_tmp_read_user_rel_sharing_per` (
  `userid` int(11) NOT NULL,
  `tabid` int(11) NOT NULL,
  `relatedtabid` int(11) NOT NULL,
  `shareduserid` int(11) NOT NULL
) ENGINE=InnoDB DEFAULT CHARSET=latin1;

-- --------------------------------------------------------

--
-- Estructura de tabla para la tabla `vtiger_tmp_read_user_sharing_per`
--

CREATE TABLE IF NOT EXISTS `vtiger_tmp_read_user_sharing_per` (
  `userid` int(11) NOT NULL,
  `tabid` int(11) NOT NULL,
  `shareduserid` int(11) NOT NULL
) ENGINE=InnoDB DEFAULT CHARSET=latin1;

-- --------------------------------------------------------

--
-- Estructura de tabla para la tabla `vtiger_tmp_write_group_rel_sharing_per`
--

CREATE TABLE IF NOT EXISTS `vtiger_tmp_write_group_rel_sharing_per` (
  `userid` int(11) NOT NULL,
  `tabid` int(11) NOT NULL,
  `relatedtabid` int(11) NOT NULL,
  `sharedgroupid` int(11) NOT NULL
) ENGINE=InnoDB DEFAULT CHARSET=latin1;

-- --------------------------------------------------------

--
-- Estructura de tabla para la tabla `vtiger_tmp_write_group_sharing_per`
--

CREATE TABLE IF NOT EXISTS `vtiger_tmp_write_group_sharing_per` (
  `userid` int(11) NOT NULL,
  `tabid` int(11) NOT NULL,
  `sharedgroupid` int(11) NOT NULL
) ENGINE=InnoDB DEFAULT CHARSET=latin1;

-- --------------------------------------------------------

--
-- Estructura de tabla para la tabla `vtiger_tmp_write_user_rel_sharing_per`
--

CREATE TABLE IF NOT EXISTS `vtiger_tmp_write_user_rel_sharing_per` (
  `userid` int(11) NOT NULL,
  `tabid` int(11) NOT NULL,
  `relatedtabid` int(11) NOT NULL,
  `shareduserid` int(11) NOT NULL
) ENGINE=InnoDB DEFAULT CHARSET=latin1;

-- --------------------------------------------------------

--
-- Estructura de tabla para la tabla `vtiger_tmp_write_user_sharing_per`
--

CREATE TABLE IF NOT EXISTS `vtiger_tmp_write_user_sharing_per` (
  `userid` int(11) NOT NULL,
  `tabid` int(11) NOT NULL,
  `shareduserid` int(11) NOT NULL
) ENGINE=InnoDB DEFAULT CHARSET=latin1;

-- --------------------------------------------------------

--
-- Estructura de tabla para la tabla `vtiger_tracker`
--

CREATE TABLE IF NOT EXISTS `vtiger_tracker` (
`id` int(11) NOT NULL,
  `user_id` varchar(36) DEFAULT NULL,
  `module_name` varchar(25) DEFAULT NULL,
  `item_id` varchar(36) DEFAULT NULL,
  `item_summary` varchar(255) DEFAULT NULL
) ENGINE=InnoDB DEFAULT CHARSET=latin1;

-- --------------------------------------------------------

--
-- Estructura de tabla para la tabla `vtiger_tracking_unit`
--

CREATE TABLE IF NOT EXISTS `vtiger_tracking_unit` (
`tracking_unitid` int(11) NOT NULL,
  `tracking_unit` varchar(200) NOT NULL,
  `presence` int(1) NOT NULL DEFAULT '1',
  `picklist_valueid` int(11) NOT NULL DEFAULT '0',
  `sortorderid` int(11) DEFAULT '0'
) ENGINE=InnoDB AUTO_INCREMENT=5 DEFAULT CHARSET=utf8;

--
-- Volcado de datos para la tabla `vtiger_tracking_unit`
--

INSERT INTO `vtiger_tracking_unit` (`tracking_unitid`, `tracking_unit`, `presence`, `picklist_valueid`, `sortorderid`) VALUES
(2, 'Hours', 1, 211, 2),
(3, 'Days', 1, 212, 3),
(4, 'Incidents', 1, 213, 4);

-- --------------------------------------------------------

--
-- Estructura de tabla para la tabla `vtiger_tracking_unit_seq`
--

CREATE TABLE IF NOT EXISTS `vtiger_tracking_unit_seq` (
  `id` int(11) NOT NULL
) ENGINE=InnoDB DEFAULT CHARSET=latin1;

--
-- Volcado de datos para la tabla `vtiger_tracking_unit_seq`
--

INSERT INTO `vtiger_tracking_unit_seq` (`id`) VALUES
(4);

-- --------------------------------------------------------

--
-- Estructura de tabla para la tabla `vtiger_troubletickets`
--

CREATE TABLE IF NOT EXISTS `vtiger_troubletickets` (
  `ticketid` int(19) NOT NULL,
  `ticket_no` varchar(100) NOT NULL,
  `groupname` varchar(100) DEFAULT NULL,
  `parent_id` varchar(100) DEFAULT NULL,
  `product_id` varchar(100) DEFAULT NULL,
  `priority` varchar(200) DEFAULT NULL,
  `severity` varchar(200) DEFAULT NULL,
  `status` varchar(200) DEFAULT NULL,
  `category` varchar(200) DEFAULT NULL,
  `title` varchar(255) NOT NULL,
  `solution` text,
  `update_log` text,
  `version_id` int(11) DEFAULT NULL,
  `hours` decimal(25,8) DEFAULT NULL,
  `days` decimal(25,8) DEFAULT NULL,
  `contact_id` int(19) DEFAULT NULL
) ENGINE=InnoDB DEFAULT CHARSET=latin1;

-- --------------------------------------------------------

--
-- Estructura de tabla para la tabla `vtiger_usageunit`
--

CREATE TABLE IF NOT EXISTS `vtiger_usageunit` (
`usageunitid` int(19) NOT NULL,
  `usageunit` varchar(200) NOT NULL,
  `presence` int(1) NOT NULL DEFAULT '1',
  `picklist_valueid` int(19) NOT NULL DEFAULT '0',
  `sortorderid` int(11) DEFAULT NULL
) ENGINE=InnoDB AUTO_INCREMENT=17 DEFAULT CHARSET=latin1;

--
-- Volcado de datos para la tabla `vtiger_usageunit`
--

INSERT INTO `vtiger_usageunit` (`usageunitid`, `usageunit`, `presence`, `picklist_valueid`, `sortorderid`) VALUES
(1, 'Box', 1, 194, 0),
(2, 'Carton', 1, 195, 1),
(3, 'Dozen', 1, 196, 2),
(4, 'Each', 1, 197, 3),
(5, 'Hours', 1, 198, 4),
(6, 'Impressions', 1, 199, 5),
(7, 'Lb', 1, 200, 6),
(8, 'M', 1, 201, 7),
(9, 'Pack', 1, 202, 8),
(10, 'Pages', 1, 203, 9),
(11, 'Pieces', 1, 204, 10),
(12, 'Quantity', 1, 205, 11),
(13, 'Reams', 1, 206, 12),
(14, 'Sheet', 1, 207, 13),
(15, 'Spiral Binder', 1, 208, 14),
(16, 'Sq Ft', 1, 209, 15);

-- --------------------------------------------------------

--
-- Estructura de tabla para la tabla `vtiger_usageunit_seq`
--

CREATE TABLE IF NOT EXISTS `vtiger_usageunit_seq` (
  `id` int(11) NOT NULL
) ENGINE=InnoDB DEFAULT CHARSET=latin1;

--
-- Volcado de datos para la tabla `vtiger_usageunit_seq`
--

INSERT INTO `vtiger_usageunit_seq` (`id`) VALUES
(16);

-- --------------------------------------------------------

--
-- Estructura de tabla para la tabla `vtiger_user2mergefields`
--

CREATE TABLE IF NOT EXISTS `vtiger_user2mergefields` (
  `userid` int(11) DEFAULT NULL,
  `tabid` int(19) DEFAULT NULL,
  `fieldid` int(19) DEFAULT NULL,
  `visible` int(2) DEFAULT NULL
) ENGINE=InnoDB DEFAULT CHARSET=latin1;

-- --------------------------------------------------------

--
-- Estructura de tabla para la tabla `vtiger_user2role`
--

CREATE TABLE IF NOT EXISTS `vtiger_user2role` (
  `userid` int(11) NOT NULL,
  `roleid` varchar(255) NOT NULL
) ENGINE=InnoDB DEFAULT CHARSET=latin1;

--
-- Volcado de datos para la tabla `vtiger_user2role`
--

INSERT INTO `vtiger_user2role` (`userid`, `roleid`) VALUES
(1, 'H2'),
(5, 'H2'),
(6, 'H2'),
(7, 'H2'),
(8, 'H2'),
(9, 'H2'),
(10, 'H2');

-- --------------------------------------------------------

--
-- Estructura de tabla para la tabla `vtiger_users`
--

CREATE TABLE IF NOT EXISTS `vtiger_users` (
`id` int(11) NOT NULL,
  `user_name` varchar(255) DEFAULT NULL,
  `user_password` varchar(200) DEFAULT NULL,
  `user_hash` varchar(32) DEFAULT NULL,
  `cal_color` varchar(25) DEFAULT '#E6FAD8',
  `first_name` varchar(30) DEFAULT NULL,
  `last_name` varchar(30) DEFAULT NULL,
  `reports_to_id` varchar(36) DEFAULT NULL,
  `is_admin` varchar(3) DEFAULT '0',
  `currency_id` int(19) NOT NULL DEFAULT '1',
  `description` text,
  `date_entered` timestamp NOT NULL DEFAULT CURRENT_TIMESTAMP ON UPDATE CURRENT_TIMESTAMP,
  `date_modified` timestamp NOT NULL DEFAULT '0000-00-00 00:00:00',
  `modified_user_id` varchar(36) DEFAULT NULL,
  `title` varchar(50) DEFAULT NULL,
  `department` varchar(50) DEFAULT NULL,
  `phone_home` varchar(50) DEFAULT NULL,
  `phone_mobile` varchar(50) DEFAULT NULL,
  `phone_work` varchar(50) DEFAULT NULL,
  `phone_other` varchar(50) DEFAULT NULL,
  `phone_fax` varchar(50) DEFAULT NULL,
  `email1` varchar(100) DEFAULT NULL,
  `email2` varchar(100) DEFAULT NULL,
  `secondaryemail` varchar(100) DEFAULT NULL,
  `status` varchar(25) DEFAULT NULL,
  `signature` text,
  `address_street` varchar(150) DEFAULT NULL,
  `address_city` varchar(100) DEFAULT NULL,
  `address_state` varchar(100) DEFAULT NULL,
  `address_country` varchar(25) DEFAULT NULL,
  `address_postalcode` varchar(9) DEFAULT NULL,
  `user_preferences` text,
  `tz` varchar(30) DEFAULT NULL,
  `holidays` varchar(60) DEFAULT NULL,
  `namedays` varchar(60) DEFAULT NULL,
  `workdays` varchar(30) DEFAULT NULL,
  `weekstart` int(11) DEFAULT NULL,
  `date_format` varchar(200) DEFAULT NULL,
  `hour_format` varchar(30) DEFAULT 'am/pm',
  `start_hour` varchar(30) DEFAULT '10:00',
  `end_hour` varchar(30) DEFAULT '23:00',
  `activity_view` varchar(200) DEFAULT 'Today',
  `lead_view` varchar(200) DEFAULT 'Today',
  `imagename` varchar(250) DEFAULT NULL,
  `deleted` int(1) NOT NULL DEFAULT '0',
  `confirm_password` varchar(300) DEFAULT NULL,
  `internal_mailer` varchar(3) NOT NULL DEFAULT '1',
  `reminder_interval` varchar(100) DEFAULT NULL,
  `reminder_next_time` varchar(100) DEFAULT NULL,
  `crypt_type` varchar(20) NOT NULL DEFAULT 'MD5',
  `accesskey` varchar(36) DEFAULT NULL,
  `theme` varchar(100) DEFAULT NULL,
  `language` varchar(36) DEFAULT NULL,
  `time_zone` varchar(200) DEFAULT NULL,
  `currency_grouping_pattern` varchar(100) DEFAULT NULL,
  `currency_decimal_separator` varchar(2) DEFAULT NULL,
  `currency_grouping_separator` varchar(2) DEFAULT NULL,
  `currency_symbol_placement` varchar(20) DEFAULT NULL,
  `phone_crm_extension` varchar(100) DEFAULT NULL,
  `no_of_currency_decimals` varchar(2) DEFAULT NULL,
  `truncate_trailing_zeros` varchar(3) DEFAULT NULL,
  `dayoftheweek` varchar(100) DEFAULT NULL,
  `callduration` varchar(100) DEFAULT NULL,
  `othereventduration` varchar(100) DEFAULT NULL,
  `calendarsharedtype` varchar(100) DEFAULT NULL,
  `default_record_view` varchar(10) DEFAULT NULL,
  `leftpanelhide` varchar(3) DEFAULT NULL,
  `rowheight` varchar(10) DEFAULT NULL,
  `defaulteventstatus` varchar(50) DEFAULT NULL,
  `defaultactivitytype` varchar(50) DEFAULT NULL,
  `hidecompletedevents` int(11) DEFAULT NULL,
  `is_owner` varchar(5) DEFAULT NULL
) ENGINE=InnoDB AUTO_INCREMENT=11 DEFAULT CHARSET=latin1;

--
-- Volcado de datos para la tabla `vtiger_users`
--

INSERT INTO `vtiger_users` (`id`, `user_name`, `user_password`, `user_hash`, `cal_color`, `first_name`, `last_name`, `reports_to_id`, `is_admin`, `currency_id`, `description`, `date_entered`, `date_modified`, `modified_user_id`, `title`, `department`, `phone_home`, `phone_mobile`, `phone_work`, `phone_other`, `phone_fax`, `email1`, `email2`, `secondaryemail`, `status`, `signature`, `address_street`, `address_city`, `address_state`, `address_country`, `address_postalcode`, `user_preferences`, `tz`, `holidays`, `namedays`, `workdays`, `weekstart`, `date_format`, `hour_format`, `start_hour`, `end_hour`, `activity_view`, `lead_view`, `imagename`, `deleted`, `confirm_password`, `internal_mailer`, `reminder_interval`, `reminder_next_time`, `crypt_type`, `accesskey`, `theme`, `language`, `time_zone`, `currency_grouping_pattern`, `currency_decimal_separator`, `currency_grouping_separator`, `currency_symbol_placement`, `phone_crm_extension`, `no_of_currency_decimals`, `truncate_trailing_zeros`, `dayoftheweek`, `callduration`, `othereventduration`, `calendarsharedtype`, `default_record_view`, `leftpanelhide`, `rowheight`, `defaulteventstatus`, `defaultactivitytype`, `hidecompletedevents`, `is_owner`) VALUES
(1, 'admin', '$1$ad000000$6LfNQTIshuQGI5RmnAbsF0', 'd41d8cd98f00b204e9800998ecf8427e', '#E6FAD8', '', 'Administrator', '', 'on', 1, '', '2016-08-24 21:25:09', '0000-00-00 00:00:00', NULL, '', '', '', '', '', '', '', 'sistemas@cleaner.com.co', '', '', 'Active', '', '', '', '', '', '', NULL, NULL, NULL, NULL, NULL, NULL, 'mm-dd-yyyy', '12', '00:00', '23:00', 'This Week', 'Today', '', 0, '$1$ad000000$nYTnfhTZRmUP.wQT9y1AE.', '1', '1 Minute', NULL, 'PHP5.3MD5', '0fCHFrvn6n0RCZi', 'bluelagoon', 'es_es', 'America/Bogota', '123,456,789', '.', ',', '$1.0', '', '2', '1', 'Sunday', '5', '5', 'public', 'Summary', '0', 'medium', NULL, NULL, 0, '1'),
(6, 'test1', '$1$te000000$lFwkTRHWTW75/JR4yYDjh.', 'e959088c6049f1104c84c9bde5560a13', '#E6FAD8', 'Leonardo J', 'Castillo L', '', 'on', 1, '', '2016-10-01 14:41:46', '0000-00-00 00:00:00', NULL, '', '', '', '', '', '', '', 'test@test.com', '', '', 'Active', '', '', '', '', '', '', NULL, NULL, NULL, NULL, NULL, NULL, 'mm-dd-yyyy', '12', '00:00', '23:00', 'This Week', 'Today', '', 0, '$1$te000000$lFwkTRHWTW75/JR4yYDjh.', '1', '1 Minute', NULL, 'PHP5.3MD5', 'xM6hROhsPFXN8Nv', 'bluelagoon', 'es_es', 'America/Bogota', '123,456,789', '.', ',', '$1.0', '', '2', '1', 'Sunday', '5', '5', 'public', 'Summary', '0', 'medium', 'Selecciona una Opción', 'Selecciona una Opción', 0, '1'),
(10, 'test2', '$1$te000000$A2D.jQHwYfj3VKZXiNJcY1', 'ad0234829205b9033196ba818f7a872b', '#E6FAD8', 'Usuario', 'de Test2', '', 'off', 1, '', '2016-10-01 14:51:40', '0000-00-00 00:00:00', NULL, '', '', '', '', '', '', '', 'test2@test.com', '', '', 'Active', '', '', '', '', '', '', NULL, NULL, NULL, NULL, NULL, NULL, 'dd-mm-yyyy', '12', '00:00', '', 'Today', 'Today', '', 0, '$1$te000000$A2D.jQHwYfj3VKZXiNJcY1', '0', '', NULL, 'PHP5.3MD5', 'hwErsBafiRcTTvCl', 'softed', 'en_us', 'Pacific/Midway', '123,456,789', ',', '.', '$1.0', '', '2', '0', 'Monday', '5', '5', 'public', 'Summary', '0', 'medium', 'Selecciona una Opción', 'Selecciona una Opción', 0, '0');

-- --------------------------------------------------------

--
-- Estructura de tabla para la tabla `vtiger_users2group`
--

CREATE TABLE IF NOT EXISTS `vtiger_users2group` (
  `groupid` int(19) NOT NULL,
  `userid` int(19) NOT NULL
) ENGINE=InnoDB DEFAULT CHARSET=latin1;

--
-- Volcado de datos para la tabla `vtiger_users2group`
--

INSERT INTO `vtiger_users2group` (`groupid`, `userid`) VALUES
(3, 1);

-- --------------------------------------------------------

--
-- Estructura de tabla para la tabla `vtiger_userscf`
--

CREATE TABLE IF NOT EXISTS `vtiger_userscf` (
  `usersid` int(11) NOT NULL
) ENGINE=InnoDB DEFAULT CHARSET=utf8;

-- --------------------------------------------------------

--
-- Estructura de tabla para la tabla `vtiger_users_last_import`
--

CREATE TABLE IF NOT EXISTS `vtiger_users_last_import` (
`id` int(36) NOT NULL,
  `assigned_user_id` varchar(36) DEFAULT NULL,
  `bean_type` varchar(36) DEFAULT NULL,
  `bean_id` varchar(36) DEFAULT NULL,
  `deleted` int(1) NOT NULL DEFAULT '0'
) ENGINE=InnoDB DEFAULT CHARSET=latin1;

-- --------------------------------------------------------

--
-- Estructura de tabla para la tabla `vtiger_users_seq`
--

CREATE TABLE IF NOT EXISTS `vtiger_users_seq` (
  `id` int(11) NOT NULL
) ENGINE=InnoDB DEFAULT CHARSET=latin1;

--
-- Volcado de datos para la tabla `vtiger_users_seq`
--

INSERT INTO `vtiger_users_seq` (`id`) VALUES
(10);

-- --------------------------------------------------------

--
-- Estructura de tabla para la tabla `vtiger_user_module_preferences`
--

CREATE TABLE IF NOT EXISTS `vtiger_user_module_preferences` (
  `userid` int(19) NOT NULL,
  `tabid` int(19) NOT NULL,
  `default_cvid` int(19) NOT NULL
) ENGINE=InnoDB DEFAULT CHARSET=latin1;

-- --------------------------------------------------------

--
-- Estructura de tabla para la tabla `vtiger_vendor`
--

CREATE TABLE IF NOT EXISTS `vtiger_vendor` (
  `vendorid` int(19) NOT NULL DEFAULT '0',
  `vendor_no` varchar(100) NOT NULL,
  `vendorname` varchar(100) DEFAULT NULL,
  `phone` varchar(100) DEFAULT NULL,
  `email` varchar(100) DEFAULT NULL,
  `website` varchar(100) DEFAULT NULL,
  `glacct` varchar(200) DEFAULT NULL,
  `category` varchar(50) DEFAULT NULL,
  `street` text,
  `city` varchar(30) DEFAULT NULL,
  `state` varchar(30) DEFAULT NULL,
  `pobox` varchar(30) DEFAULT NULL,
  `postalcode` varchar(100) DEFAULT NULL,
  `country` varchar(100) DEFAULT NULL,
  `description` text
) ENGINE=InnoDB DEFAULT CHARSET=latin1;

-- --------------------------------------------------------

--
-- Estructura de tabla para la tabla `vtiger_vendorcf`
--

CREATE TABLE IF NOT EXISTS `vtiger_vendorcf` (
  `vendorid` int(19) NOT NULL DEFAULT '0'
) ENGINE=InnoDB DEFAULT CHARSET=latin1;

-- --------------------------------------------------------

--
-- Estructura de tabla para la tabla `vtiger_vendorcontactrel`
--

CREATE TABLE IF NOT EXISTS `vtiger_vendorcontactrel` (
  `vendorid` int(19) NOT NULL DEFAULT '0',
  `contactid` int(19) NOT NULL DEFAULT '0'
) ENGINE=InnoDB DEFAULT CHARSET=latin1;

-- --------------------------------------------------------

--
-- Estructura de tabla para la tabla `vtiger_version`
--

CREATE TABLE IF NOT EXISTS `vtiger_version` (
`id` int(11) NOT NULL,
  `old_version` varchar(30) DEFAULT NULL,
  `current_version` varchar(30) DEFAULT NULL
) ENGINE=InnoDB AUTO_INCREMENT=2 DEFAULT CHARSET=latin1;

--
-- Volcado de datos para la tabla `vtiger_version`
--

INSERT INTO `vtiger_version` (`id`, `old_version`, `current_version`) VALUES
(1, '6.4.0', '6.4.0');

-- --------------------------------------------------------

--
-- Estructura de tabla para la tabla `vtiger_version_seq`
--

CREATE TABLE IF NOT EXISTS `vtiger_version_seq` (
  `id` int(11) NOT NULL
) ENGINE=InnoDB DEFAULT CHARSET=latin1;

--
-- Volcado de datos para la tabla `vtiger_version_seq`
--

INSERT INTO `vtiger_version_seq` (`id`) VALUES
(1);

-- --------------------------------------------------------

--
-- Estructura de tabla para la tabla `vtiger_visibility`
--

CREATE TABLE IF NOT EXISTS `vtiger_visibility` (
`visibilityid` int(19) NOT NULL,
  `visibility` varchar(200) NOT NULL,
  `sortorderid` int(19) NOT NULL DEFAULT '0',
  `presence` int(1) NOT NULL DEFAULT '1'
) ENGINE=InnoDB AUTO_INCREMENT=3 DEFAULT CHARSET=latin1;

--
-- Volcado de datos para la tabla `vtiger_visibility`
--

INSERT INTO `vtiger_visibility` (`visibilityid`, `visibility`, `sortorderid`, `presence`) VALUES
(1, 'Private', 0, 1),
(2, 'Public', 1, 1);

-- --------------------------------------------------------

--
-- Estructura de tabla para la tabla `vtiger_visibility_seq`
--

CREATE TABLE IF NOT EXISTS `vtiger_visibility_seq` (
  `id` int(11) NOT NULL
) ENGINE=InnoDB DEFAULT CHARSET=latin1;

--
-- Volcado de datos para la tabla `vtiger_visibility_seq`
--

INSERT INTO `vtiger_visibility_seq` (`id`) VALUES
(2);

-- --------------------------------------------------------

--
-- Estructura de tabla para la tabla `vtiger_webforms`
--

CREATE TABLE IF NOT EXISTS `vtiger_webforms` (
`id` int(19) NOT NULL,
  `name` varchar(100) NOT NULL,
  `publicid` varchar(100) NOT NULL,
  `enabled` int(1) NOT NULL DEFAULT '1',
  `targetmodule` varchar(50) NOT NULL,
  `description` text,
  `ownerid` int(19) NOT NULL,
  `returnurl` varchar(250) DEFAULT NULL,
  `captcha` int(1) NOT NULL DEFAULT '0',
  `roundrobin` int(1) NOT NULL DEFAULT '0',
  `roundrobin_userid` varchar(256) DEFAULT NULL,
  `roundrobin_logic` int(11) NOT NULL DEFAULT '0'
) ENGINE=InnoDB DEFAULT CHARSET=utf8;

-- --------------------------------------------------------

--
-- Estructura de tabla para la tabla `vtiger_wordtemplates`
--

CREATE TABLE IF NOT EXISTS `vtiger_wordtemplates` (
  `templateid` int(19) NOT NULL,
  `filename` varchar(100) NOT NULL,
  `module` varchar(30) NOT NULL,
  `date_entered` timestamp NOT NULL DEFAULT CURRENT_TIMESTAMP ON UPDATE CURRENT_TIMESTAMP,
  `parent_type` varchar(50) NOT NULL,
  `data` longblob,
  `description` text,
  `filesize` varchar(50) NOT NULL,
  `filetype` varchar(20) NOT NULL,
  `deleted` int(1) NOT NULL DEFAULT '0'
) ENGINE=InnoDB DEFAULT CHARSET=latin1;

-- --------------------------------------------------------

--
-- Estructura de tabla para la tabla `vtiger_wsapp`
--

CREATE TABLE IF NOT EXISTS `vtiger_wsapp` (
`appid` int(11) NOT NULL,
  `name` varchar(200) NOT NULL,
  `appkey` varchar(255) DEFAULT NULL,
  `type` varchar(100) DEFAULT NULL
) ENGINE=InnoDB AUTO_INCREMENT=2 DEFAULT CHARSET=utf8;

--
-- Volcado de datos para la tabla `vtiger_wsapp`
--

INSERT INTO `vtiger_wsapp` (`appid`, `name`, `appkey`, `type`) VALUES
(1, 'vtigerCRM', '57be0050edb03', 'user');

-- --------------------------------------------------------

--
-- Estructura de tabla para la tabla `vtiger_wsapp_handlerdetails`
--

CREATE TABLE IF NOT EXISTS `vtiger_wsapp_handlerdetails` (
  `type` varchar(200) NOT NULL,
  `handlerclass` varchar(100) DEFAULT NULL,
  `handlerpath` varchar(300) DEFAULT NULL
) ENGINE=InnoDB DEFAULT CHARSET=utf8;

--
-- Volcado de datos para la tabla `vtiger_wsapp_handlerdetails`
--

INSERT INTO `vtiger_wsapp_handlerdetails` (`type`, `handlerclass`, `handlerpath`) VALUES
('Outlook', 'OutlookHandler', 'modules/WSAPP/Handlers/OutlookHandler.php'),
('vtigerCRM', 'vtigerCRMHandler', 'modules/WSAPP/Handlers/vtigerCRMHandler.php'),
('vtigerSyncLib', 'WSAPP_VtigerSyncEventHandler', 'modules/WSAPP/synclib/handlers/VtigerSyncEventHandler.php'),
('Google_vtigerHandler', 'Google_Vtiger_Handler', 'modules/Google/handlers/Vtiger.php'),
('Google_vtigerSyncHandler', 'Google_VtigerSync_Handler', 'modules/Google/handlers/VtigerSync.php');

-- --------------------------------------------------------

--
-- Estructura de tabla para la tabla `vtiger_wsapp_queuerecords`
--

CREATE TABLE IF NOT EXISTS `vtiger_wsapp_queuerecords` (
  `syncserverid` int(19) DEFAULT NULL,
  `details` varchar(300) DEFAULT NULL,
  `flag` varchar(100) DEFAULT NULL,
  `appid` int(19) DEFAULT NULL
) ENGINE=InnoDB DEFAULT CHARSET=utf8;

-- --------------------------------------------------------

--
-- Estructura de tabla para la tabla `vtiger_wsapp_recordmapping`
--

CREATE TABLE IF NOT EXISTS `vtiger_wsapp_recordmapping` (
`id` int(19) NOT NULL,
  `serverid` varchar(10) DEFAULT NULL,
  `clientid` varchar(255) DEFAULT NULL,
  `clientmodifiedtime` datetime DEFAULT NULL,
  `appid` int(11) DEFAULT NULL,
  `servermodifiedtime` datetime DEFAULT NULL,
  `serverappid` int(11) DEFAULT NULL
) ENGINE=InnoDB DEFAULT CHARSET=utf8;

-- --------------------------------------------------------

--
-- Estructura de tabla para la tabla `vtiger_wsapp_sync_state`
--

CREATE TABLE IF NOT EXISTS `vtiger_wsapp_sync_state` (
`id` int(19) NOT NULL,
  `name` varchar(200) DEFAULT NULL,
  `stateencodedvalues` varchar(300) NOT NULL,
  `userid` int(19) DEFAULT NULL
) ENGINE=InnoDB DEFAULT CHARSET=utf8;

-- --------------------------------------------------------

--
-- Estructura de tabla para la tabla `vtiger_ws_entity`
--

CREATE TABLE IF NOT EXISTS `vtiger_ws_entity` (
`id` int(11) NOT NULL,
  `name` varchar(25) NOT NULL,
  `handler_path` varchar(255) NOT NULL,
  `handler_class` varchar(64) NOT NULL,
  `ismodule` int(3) NOT NULL
) ENGINE=InnoDB AUTO_INCREMENT=36 DEFAULT CHARSET=latin1;

--
-- Volcado de datos para la tabla `vtiger_ws_entity`
--

INSERT INTO `vtiger_ws_entity` (`id`, `name`, `handler_path`, `handler_class`, `ismodule`) VALUES
(1, 'Campaigns', 'include/Webservices/VtigerModuleOperation.php', 'VtigerModuleOperation', 1),
(2, 'Vendors', 'include/Webservices/VtigerModuleOperation.php', 'VtigerModuleOperation', 1),
(3, 'Faq', 'include/Webservices/VtigerModuleOperation.php', 'VtigerModuleOperation', 1),
(4, 'Quotes', 'include/Webservices/LineItem/VtigerInventoryOperation.php', 'VtigerInventoryOperation', 1),
(5, 'PurchaseOrder', 'include/Webservices/LineItem/VtigerInventoryOperation.php', 'VtigerInventoryOperation', 1),
(6, 'SalesOrder', 'include/Webservices/LineItem/VtigerInventoryOperation.php', 'VtigerInventoryOperation', 1),
(7, 'Invoice', 'include/Webservices/LineItem/VtigerInventoryOperation.php', 'VtigerInventoryOperation', 1),
(8, 'PriceBooks', 'include/Webservices/VtigerModuleOperation.php', 'VtigerModuleOperation', 1),
(9, 'Calendar', 'include/Webservices/VtigerModuleOperation.php', 'VtigerModuleOperation', 1),
(10, 'Leads', 'include/Webservices/VtigerModuleOperation.php', 'VtigerModuleOperation', 1),
(11, 'Accounts', 'include/Webservices/VtigerModuleOperation.php', 'VtigerModuleOperation', 1),
(12, 'Contacts', 'include/Webservices/VtigerModuleOperation.php', 'VtigerModuleOperation', 1),
(13, 'Potentials', 'include/Webservices/VtigerModuleOperation.php', 'VtigerModuleOperation', 1),
(14, 'Products', 'include/Webservices/VtigerModuleOperation.php', 'VtigerModuleOperation', 1),
(15, 'Documents', 'include/Webservices/VtigerModuleOperation.php', 'VtigerModuleOperation', 1),
(16, 'Emails', 'include/Webservices/VtigerModuleOperation.php', 'VtigerModuleOperation', 1),
(17, 'HelpDesk', 'include/Webservices/VtigerModuleOperation.php', 'VtigerModuleOperation', 1),
(18, 'Events', 'include/Webservices/VtigerModuleOperation.php', 'VtigerModuleOperation', 1),
(19, 'Users', 'include/Webservices/VtigerModuleOperation.php', 'VtigerModuleOperation', 1),
(20, 'Groups', 'include/Webservices/VtigerActorOperation.php', 'VtigerActorOperation', 0),
(21, 'Currency', 'include/Webservices/VtigerActorOperation.php', 'VtigerActorOperation', 0),
(22, 'DocumentFolders', 'include/Webservices/VtigerActorOperation.php', 'VtigerActorOperation', 0),
(23, 'CompanyDetails', 'include/Webservices/VtigerCompanyDetails.php', 'VtigerCompanyDetails', 0),
(24, 'ServiceContracts', 'include/Webservices/VtigerModuleOperation.php', 'VtigerModuleOperation', 1),
(25, 'Services', 'include/Webservices/VtigerModuleOperation.php', 'VtigerModuleOperation', 1),
(26, 'PBXManager', 'include/Webservices/VtigerModuleOperation.php', 'VtigerModuleOperation', 1),
(27, 'ProjectMilestone', 'include/Webservices/VtigerModuleOperation.php', 'VtigerModuleOperation', 1),
(28, 'ProjectTask', 'include/Webservices/VtigerModuleOperation.php', 'VtigerModuleOperation', 1),
(29, 'Project', 'include/Webservices/VtigerModuleOperation.php', 'VtigerModuleOperation', 1),
(30, 'Assets', 'include/Webservices/VtigerModuleOperation.php', 'VtigerModuleOperation', 1),
(31, 'ModComments', 'include/Webservices/VtigerModuleOperation.php', 'VtigerModuleOperation', 1),
(32, 'SMSNotifier', 'include/Webservices/VtigerModuleOperation.php', 'VtigerModuleOperation', 1),
(33, 'LineItem', 'include/Webservices/LineItem/VtigerLineItemOperation.php', 'VtigerLineItemOperation', 0),
(34, 'Tax', 'include/Webservices/LineItem/VtigerTaxOperation.php', 'VtigerTaxOperation', 0),
(35, 'ProductTaxes', 'include/Webservices/LineItem/VtigerProductTaxesOperation.php', 'VtigerProductTaxesOperation', 0);

-- --------------------------------------------------------

--
-- Estructura de tabla para la tabla `vtiger_ws_entity_fieldtype`
--

CREATE TABLE IF NOT EXISTS `vtiger_ws_entity_fieldtype` (
`fieldtypeid` int(19) NOT NULL,
  `table_name` varchar(50) NOT NULL,
  `field_name` varchar(50) NOT NULL,
  `fieldtype` varchar(200) NOT NULL
) ENGINE=InnoDB AUTO_INCREMENT=11 DEFAULT CHARSET=latin1;

--
-- Volcado de datos para la tabla `vtiger_ws_entity_fieldtype`
--

INSERT INTO `vtiger_ws_entity_fieldtype` (`fieldtypeid`, `table_name`, `field_name`, `fieldtype`) VALUES
(1, 'vtiger_attachmentsfolder', 'createdby', 'reference'),
(2, 'vtiger_organizationdetails', 'logoname', 'file'),
(3, 'vtiger_organizationdetails', 'phone', 'phone'),
(4, 'vtiger_organizationdetails', 'fax', 'phone'),
(5, 'vtiger_organizationdetails', 'website', 'url'),
(6, 'vtiger_inventoryproductrel', 'productid', 'reference'),
(7, 'vtiger_inventoryproductrel', 'id', 'reference'),
(8, 'vtiger_inventoryproductrel', 'incrementondel', 'autogenerated'),
(9, 'vtiger_producttaxrel', 'productid', 'reference'),
(10, 'vtiger_producttaxrel', 'taxid', 'reference');

-- --------------------------------------------------------

--
-- Estructura de tabla para la tabla `vtiger_ws_entity_fieldtype_seq`
--

CREATE TABLE IF NOT EXISTS `vtiger_ws_entity_fieldtype_seq` (
  `id` int(11) NOT NULL
) ENGINE=InnoDB DEFAULT CHARSET=latin1;

--
-- Volcado de datos para la tabla `vtiger_ws_entity_fieldtype_seq`
--

INSERT INTO `vtiger_ws_entity_fieldtype_seq` (`id`) VALUES
(10);

-- --------------------------------------------------------

--
-- Estructura de tabla para la tabla `vtiger_ws_entity_name`
--

CREATE TABLE IF NOT EXISTS `vtiger_ws_entity_name` (
  `entity_id` int(11) NOT NULL,
  `name_fields` varchar(50) NOT NULL,
  `index_field` varchar(50) NOT NULL,
  `table_name` varchar(50) NOT NULL
) ENGINE=InnoDB DEFAULT CHARSET=latin1;

--
-- Volcado de datos para la tabla `vtiger_ws_entity_name`
--

INSERT INTO `vtiger_ws_entity_name` (`entity_id`, `name_fields`, `index_field`, `table_name`) VALUES
(20, 'groupname', 'groupid', 'vtiger_groups'),
(21, 'currency_name', 'id', 'vtiger_currency_info'),
(22, 'foldername', 'folderid', 'vtiger_attachmentsfolder'),
(23, 'organizationname', 'groupid', 'vtiger_organizationdetails'),
(34, 'taxlabel', 'taxid', 'vtiger_inventorytaxinfo');

-- --------------------------------------------------------

--
-- Estructura de tabla para la tabla `vtiger_ws_entity_referencetype`
--

CREATE TABLE IF NOT EXISTS `vtiger_ws_entity_referencetype` (
  `fieldtypeid` int(19) NOT NULL,
  `type` varchar(25) NOT NULL
) ENGINE=InnoDB DEFAULT CHARSET=latin1;

--
-- Volcado de datos para la tabla `vtiger_ws_entity_referencetype`
--

INSERT INTO `vtiger_ws_entity_referencetype` (`fieldtypeid`, `type`) VALUES
(5, 'Users'),
(6, 'Products'),
(7, 'Invoice'),
(7, 'PurchaseOrder'),
(7, 'Quotes'),
(7, 'SalesOrder'),
(9, 'Products'),
(10, 'Tax');

-- --------------------------------------------------------

--
-- Estructura de tabla para la tabla `vtiger_ws_entity_seq`
--

CREATE TABLE IF NOT EXISTS `vtiger_ws_entity_seq` (
  `id` int(11) NOT NULL
) ENGINE=InnoDB DEFAULT CHARSET=latin1;

--
-- Volcado de datos para la tabla `vtiger_ws_entity_seq`
--

INSERT INTO `vtiger_ws_entity_seq` (`id`) VALUES
(35);

-- --------------------------------------------------------

--
-- Estructura de tabla para la tabla `vtiger_ws_entity_tables`
--

CREATE TABLE IF NOT EXISTS `vtiger_ws_entity_tables` (
  `webservice_entity_id` int(11) NOT NULL,
  `table_name` varchar(50) NOT NULL
) ENGINE=InnoDB DEFAULT CHARSET=latin1;

--
-- Volcado de datos para la tabla `vtiger_ws_entity_tables`
--

INSERT INTO `vtiger_ws_entity_tables` (`webservice_entity_id`, `table_name`) VALUES
(20, 'vtiger_groups'),
(21, 'vtiger_currency_info'),
(22, 'vtiger_attachmentsfolder'),
(23, 'vtiger_organizationdetails'),
(33, 'vtiger_inventoryproductrel'),
(34, 'vtiger_inventorytaxinfo'),
(35, 'vtiger_producttaxrel');

-- --------------------------------------------------------

--
-- Estructura de tabla para la tabla `vtiger_ws_fieldinfo`
--

CREATE TABLE IF NOT EXISTS `vtiger_ws_fieldinfo` (
  `id` varchar(64) NOT NULL,
  `property_name` varchar(32) DEFAULT NULL,
  `property_value` varchar(64) DEFAULT NULL
) ENGINE=InnoDB DEFAULT CHARSET=latin1;

--
-- Volcado de datos para la tabla `vtiger_ws_fieldinfo`
--

INSERT INTO `vtiger_ws_fieldinfo` (`id`, `property_name`, `property_value`) VALUES
('vtiger_organizationdetails.organization_id', 'upload.path', '1');

-- --------------------------------------------------------

--
-- Estructura de tabla para la tabla `vtiger_ws_fieldtype`
--

CREATE TABLE IF NOT EXISTS `vtiger_ws_fieldtype` (
`fieldtypeid` int(19) NOT NULL,
  `uitype` varchar(30) NOT NULL,
  `fieldtype` varchar(200) NOT NULL
) ENGINE=InnoDB AUTO_INCREMENT=40 DEFAULT CHARSET=latin1;

--
-- Volcado de datos para la tabla `vtiger_ws_fieldtype`
--

INSERT INTO `vtiger_ws_fieldtype` (`fieldtypeid`, `uitype`, `fieldtype`) VALUES
(1, '15', 'picklist'),
(2, '16', 'picklist'),
(3, '19', 'text'),
(4, '20', 'text'),
(5, '21', 'text'),
(6, '24', 'text'),
(7, '3', 'autogenerated'),
(8, '11', 'phone'),
(9, '33', 'multipicklist'),
(10, '17', 'url'),
(11, '85', 'skype'),
(12, '56', 'boolean'),
(13, '156', 'boolean'),
(14, '53', 'owner'),
(15, '61', 'file'),
(16, '28', 'file'),
(17, '13', 'email'),
(18, '71', 'currency'),
(19, '72', 'currency'),
(20, '50', 'reference'),
(21, '51', 'reference'),
(22, '57', 'reference'),
(23, '58', 'reference'),
(24, '73', 'reference'),
(25, '75', 'reference'),
(26, '76', 'reference'),
(27, '78', 'reference'),
(28, '80', 'reference'),
(29, '81', 'reference'),
(30, '101', 'reference'),
(31, '52', 'reference'),
(32, '357', 'reference'),
(33, '59', 'reference'),
(34, '66', 'reference'),
(35, '77', 'reference'),
(36, '68', 'reference'),
(37, '117', 'reference'),
(38, '26', 'reference'),
(39, '10', 'reference');

-- --------------------------------------------------------

--
-- Estructura de tabla para la tabla `vtiger_ws_operation`
--

CREATE TABLE IF NOT EXISTS `vtiger_ws_operation` (
`operationid` int(11) NOT NULL,
  `name` varchar(128) NOT NULL,
  `handler_path` varchar(255) NOT NULL,
  `handler_method` varchar(64) NOT NULL,
  `type` varchar(8) NOT NULL,
  `prelogin` int(3) NOT NULL
) ENGINE=InnoDB AUTO_INCREMENT=34 DEFAULT CHARSET=latin1;

--
-- Volcado de datos para la tabla `vtiger_ws_operation`
--

INSERT INTO `vtiger_ws_operation` (`operationid`, `name`, `handler_path`, `handler_method`, `type`, `prelogin`) VALUES
(1, 'login', 'include/Webservices/Login.php', 'vtws_login', 'POST', 1),
(2, 'retrieve', 'include/Webservices/Retrieve.php', 'vtws_retrieve', 'GET', 0),
(3, 'create', 'include/Webservices/Create.php', 'vtws_create', 'POST', 0),
(4, 'update', 'include/Webservices/Update.php', 'vtws_update', 'POST', 0),
(5, 'delete', 'include/Webservices/Delete.php', 'vtws_delete', 'POST', 0),
(6, 'sync', 'include/Webservices/GetUpdates.php', 'vtws_sync', 'GET', 0),
(7, 'query', 'include/Webservices/Query.php', 'vtws_query', 'GET', 0),
(8, 'logout', 'include/Webservices/Logout.php', 'vtws_logout', 'POST', 0),
(9, 'listtypes', 'include/Webservices/ModuleTypes.php', 'vtws_listtypes', 'GET', 0),
(10, 'getchallenge', 'include/Webservices/AuthToken.php', 'vtws_getchallenge', 'GET', 1),
(11, 'describe', 'include/Webservices/DescribeObject.php', 'vtws_describe', 'GET', 0),
(12, 'extendsession', 'include/Webservices/ExtendSession.php', 'vtws_extendSession', 'POST', 1),
(13, 'convertlead', 'include/Webservices/ConvertLead.php', 'vtws_convertlead', 'POST', 0),
(14, 'revise', 'include/Webservices/Revise.php', 'vtws_revise', 'POST', 0),
(15, 'changePassword', 'include/Webservices/ChangePassword.php', 'vtws_changePassword', 'POST', 0),
(16, 'deleteUser', 'include/Webservices/DeleteUser.php', 'vtws_deleteUser', 'POST', 0),
(17, 'wsapp_register', 'modules/WSAPP/api/ws/Register.php', 'wsapp_register', 'POST', 0),
(18, 'wsapp_deregister', 'modules/WSAPP/api/ws/DeRegister.php', 'wsapp_deregister', 'POST', 0),
(19, 'wsapp_get', 'modules/WSAPP/api/ws/Get.php', 'wsapp_get', 'POST', 0),
(20, 'wsapp_put', 'modules/WSAPP/api/ws/Put.php', 'wsapp_put', 'POST', 0),
(21, 'wsapp_map', 'modules/WSAPP/api/ws/Map.php', 'wsapp_map', 'POST', 0),
(22, 'mobile.fetchallalerts', 'modules/Mobile/api/wsapi.php', 'mobile_ws_fetchAllAlerts', 'POST', 0),
(23, 'mobile.alertdetailswithmessage', 'modules/Mobile/api/wsapi.php', 'mobile_ws_alertDetailsWithMessage', 'POST', 0),
(24, 'mobile.fetchmodulefilters', 'modules/Mobile/api/wsapi.php', 'mobile_ws_fetchModuleFilters', 'POST', 0),
(25, 'mobile.fetchrecord', 'modules/Mobile/api/wsapi.php', 'mobile_ws_fetchRecord', 'POST', 0),
(26, 'mobile.fetchrecordwithgrouping', 'modules/Mobile/api/wsapi.php', 'mobile_ws_fetchRecordWithGrouping', 'POST', 0),
(27, 'mobile.filterdetailswithcount', 'modules/Mobile/api/wsapi.php', 'mobile_ws_filterDetailsWithCount', 'POST', 0),
(28, 'mobile.listmodulerecords', 'modules/Mobile/api/wsapi.php', 'mobile_ws_listModuleRecords', 'POST', 0),
(29, 'mobile.saverecord', 'modules/Mobile/api/wsapi.php', 'mobile_ws_saveRecord', 'POST', 0),
(30, 'mobile.syncModuleRecords', 'modules/Mobile/api/wsapi.php', 'mobile_ws_syncModuleRecords', 'POST', 0),
(31, 'mobile.query', 'modules/Mobile/api/wsapi.php', 'mobile_ws_query', 'POST', 0),
(32, 'mobile.querywithgrouping', 'modules/Mobile/api/wsapi.php', 'mobile_ws_queryWithGrouping', 'POST', 0),
(33, 'retrieve_inventory', 'include/Webservices/LineItem/RetrieveInventory.php', 'vtws_retrieve_inventory', 'GET', 0);

-- --------------------------------------------------------

--
-- Estructura de tabla para la tabla `vtiger_ws_operation_parameters`
--

CREATE TABLE IF NOT EXISTS `vtiger_ws_operation_parameters` (
`operationid` int(11) NOT NULL,
  `name` varchar(128) NOT NULL,
  `type` varchar(64) NOT NULL,
  `sequence` int(11) NOT NULL
) ENGINE=InnoDB AUTO_INCREMENT=34 DEFAULT CHARSET=latin1;

--
-- Volcado de datos para la tabla `vtiger_ws_operation_parameters`
--

INSERT INTO `vtiger_ws_operation_parameters` (`operationid`, `name`, `type`, `sequence`) VALUES
(1, 'accessKey', 'String', 2),
(1, 'username', 'String', 1),
(2, 'id', 'String', 1),
(3, 'element', 'encoded', 2),
(3, 'elementType', 'String', 1),
(4, 'element', 'encoded', 1),
(5, 'id', 'String', 1),
(6, 'elementType', 'String', 2),
(6, 'modifiedTime', 'DateTime', 1),
(7, 'query', 'String', 1),
(8, 'sessionName', 'String', 1),
(9, 'fieldTypeList', 'encoded', 1),
(10, 'username', 'String', 1),
(11, 'elementType', 'String', 1),
(13, 'accountName', 'String', 3),
(13, 'assignedTo', 'String', 2),
(13, 'avoidPotential', 'Boolean', 4),
(13, 'leadId', 'String', 1),
(13, 'potential', 'Encoded', 5),
(14, 'element', 'Encoded', 1),
(15, 'confirmPassword', 'String', 4),
(15, 'id', 'String', 1),
(15, 'newPassword', 'String', 3),
(15, 'oldPassword', 'String', 2),
(16, 'id', 'String', 1),
(16, 'newOwnerId', 'String', 2),
(17, 'synctype', 'string', 2),
(17, 'type', 'string', 1),
(18, 'key', 'string', 2),
(18, 'type', 'string', 1),
(19, 'key', 'string', 1),
(19, 'module', 'string', 2),
(19, 'token', 'string', 3),
(20, 'element', 'encoded', 2),
(20, 'key', 'string', 1),
(21, 'element', 'encoded', 2),
(21, 'key', 'string', 1),
(23, 'alertid', 'string', 1),
(24, 'module', 'string', 1),
(25, 'record', 'string', 1),
(26, 'record', 'string', 1),
(27, 'filterid', 'string', 1),
(28, 'elements', 'encoded', 1),
(29, 'module', 'string', 1),
(29, 'record', 'string', 2),
(29, 'values', 'encoded', 3),
(30, 'module', 'string', 1),
(30, 'page', 'string', 3),
(30, 'syncToken', 'string', 2),
(31, 'module', 'string', 1),
(31, 'page', 'string', 3),
(31, 'query', 'string', 2),
(32, 'module', 'string', 1),
(32, 'page', 'string', 3),
(32, 'query', 'string', 2),
(33, 'id', 'String', 1);

-- --------------------------------------------------------

--
-- Estructura de tabla para la tabla `vtiger_ws_operation_seq`
--

CREATE TABLE IF NOT EXISTS `vtiger_ws_operation_seq` (
  `id` int(11) NOT NULL
) ENGINE=InnoDB DEFAULT CHARSET=latin1;

--
-- Volcado de datos para la tabla `vtiger_ws_operation_seq`
--

INSERT INTO `vtiger_ws_operation_seq` (`id`) VALUES
(33);

-- --------------------------------------------------------

--
-- Estructura de tabla para la tabla `vtiger_ws_referencetype`
--

CREATE TABLE IF NOT EXISTS `vtiger_ws_referencetype` (
  `fieldtypeid` int(19) NOT NULL,
  `type` varchar(25) NOT NULL
) ENGINE=InnoDB DEFAULT CHARSET=latin1;

--
-- Volcado de datos para la tabla `vtiger_ws_referencetype`
--

INSERT INTO `vtiger_ws_referencetype` (`fieldtypeid`, `type`) VALUES
(20, 'Accounts'),
(21, 'Accounts'),
(22, 'Contacts'),
(23, 'Campaigns'),
(24, 'Accounts'),
(25, 'Vendors'),
(26, 'Potentials'),
(27, 'Quotes'),
(28, 'SalesOrder'),
(29, 'Vendors'),
(30, 'Users'),
(31, 'Campaigns'),
(31, 'Users'),
(32, 'Accounts'),
(32, 'Contacts'),
(32, 'Leads'),
(32, 'Users'),
(32, 'Vendors'),
(33, 'Products'),
(34, 'Accounts'),
(34, 'Campaigns'),
(34, 'HelpDesk'),
(34, 'Leads'),
(34, 'Potentials'),
(35, 'Users'),
(36, 'Accounts'),
(36, 'Contacts'),
(37, 'Currency'),
(38, 'DocumentFolders');

-- --------------------------------------------------------

--
-- Estructura de tabla para la tabla `vtiger_ws_userauthtoken`
--

CREATE TABLE IF NOT EXISTS `vtiger_ws_userauthtoken` (
  `userid` int(19) NOT NULL,
  `token` varchar(36) NOT NULL,
  `expiretime` int(19) NOT NULL
) ENGINE=InnoDB DEFAULT CHARSET=latin1;

--
-- Índices para tablas volcadas
--

--
-- Indices de la tabla `com_vtiger_workflows`
--
ALTER TABLE `com_vtiger_workflows`
 ADD PRIMARY KEY (`workflow_id`), ADD UNIQUE KEY `com_vtiger_workflows_idx` (`workflow_id`);

--
-- Indices de la tabla `com_vtiger_workflowtasks`
--
ALTER TABLE `com_vtiger_workflowtasks`
 ADD PRIMARY KEY (`task_id`), ADD UNIQUE KEY `com_vtiger_workflowtasks_idx` (`task_id`);

--
-- Indices de la tabla `com_vtiger_workflowtasks_entitymethod`
--
ALTER TABLE `com_vtiger_workflowtasks_entitymethod`
 ADD PRIMARY KEY (`workflowtasks_entitymethod_id`), ADD UNIQUE KEY `com_vtiger_workflowtasks_entitymethod_idx` (`workflowtasks_entitymethod_id`);

--
-- Indices de la tabla `com_vtiger_workflowtemplates`
--
ALTER TABLE `com_vtiger_workflowtemplates`
 ADD PRIMARY KEY (`template_id`);

--
-- Indices de la tabla `com_vtiger_workflow_activatedonce`
--
ALTER TABLE `com_vtiger_workflow_activatedonce`
 ADD PRIMARY KEY (`workflow_id`,`entity_id`);

--
-- Indices de la tabla `vtiger_account`
--
ALTER TABLE `vtiger_account`
 ADD PRIMARY KEY (`accountid`), ADD KEY `account_account_type_idx` (`account_type`), ADD KEY `email_idx` (`email1`,`email2`);

--
-- Indices de la tabla `vtiger_accountbillads`
--
ALTER TABLE `vtiger_accountbillads`
 ADD PRIMARY KEY (`accountaddressid`);

--
-- Indices de la tabla `vtiger_accountrating`
--
ALTER TABLE `vtiger_accountrating`
 ADD PRIMARY KEY (`accountratingid`), ADD UNIQUE KEY `accountrating_rating_idx` (`rating`);

--
-- Indices de la tabla `vtiger_accountscf`
--
ALTER TABLE `vtiger_accountscf`
 ADD PRIMARY KEY (`accountid`);

--
-- Indices de la tabla `vtiger_accountshipads`
--
ALTER TABLE `vtiger_accountshipads`
 ADD PRIMARY KEY (`accountaddressid`);

--
-- Indices de la tabla `vtiger_accounttype`
--
ALTER TABLE `vtiger_accounttype`
 ADD PRIMARY KEY (`accounttypeid`), ADD UNIQUE KEY `accounttype_accounttype_idx` (`accounttype`);

--
-- Indices de la tabla `vtiger_actionmapping`
--
ALTER TABLE `vtiger_actionmapping`
 ADD PRIMARY KEY (`actionid`,`actionname`);

--
-- Indices de la tabla `vtiger_activity`
--
ALTER TABLE `vtiger_activity`
 ADD PRIMARY KEY (`activityid`), ADD KEY `activity_activityid_subject_idx` (`activityid`,`subject`), ADD KEY `activity_activitytype_date_start_idx` (`activitytype`,`date_start`), ADD KEY `activity_date_start_due_date_idx` (`date_start`,`due_date`), ADD KEY `activity_date_start_time_start_idx` (`date_start`,`time_start`), ADD KEY `activity_eventstatus_idx` (`eventstatus`), ADD KEY `activity_status_idx` (`status`);

--
-- Indices de la tabla `vtiger_activitycf`
--
ALTER TABLE `vtiger_activitycf`
 ADD PRIMARY KEY (`activityid`);

--
-- Indices de la tabla `vtiger_activityproductrel`
--
ALTER TABLE `vtiger_activityproductrel`
 ADD PRIMARY KEY (`activityid`,`productid`), ADD KEY `activityproductrel_activityid_idx` (`activityid`), ADD KEY `activityproductrel_productid_idx` (`productid`);

--
-- Indices de la tabla `vtiger_activitytype`
--
ALTER TABLE `vtiger_activitytype`
 ADD PRIMARY KEY (`activitytypeid`), ADD UNIQUE KEY `activitytype_activitytype_idx` (`activitytype`);

--
-- Indices de la tabla `vtiger_activity_reminder`
--
ALTER TABLE `vtiger_activity_reminder`
 ADD PRIMARY KEY (`activity_id`,`recurringid`);

--
-- Indices de la tabla `vtiger_activity_reminder_popup`
--
ALTER TABLE `vtiger_activity_reminder_popup`
 ADD PRIMARY KEY (`reminderid`);

--
-- Indices de la tabla `vtiger_activity_view`
--
ALTER TABLE `vtiger_activity_view`
 ADD PRIMARY KEY (`activity_viewid`);

--
-- Indices de la tabla `vtiger_announcement`
--
ALTER TABLE `vtiger_announcement`
 ADD PRIMARY KEY (`creatorid`), ADD KEY `announcement_creatorid_idx` (`creatorid`);

--
-- Indices de la tabla `vtiger_assets`
--
ALTER TABLE `vtiger_assets`
 ADD PRIMARY KEY (`assetsid`);

--
-- Indices de la tabla `vtiger_assetscf`
--
ALTER TABLE `vtiger_assetscf`
 ADD PRIMARY KEY (`assetsid`);

--
-- Indices de la tabla `vtiger_assetstatus`
--
ALTER TABLE `vtiger_assetstatus`
 ADD PRIMARY KEY (`assetstatusid`);

--
-- Indices de la tabla `vtiger_asteriskincomingevents`
--
ALTER TABLE `vtiger_asteriskincomingevents`
 ADD PRIMARY KEY (`uid`);

--
-- Indices de la tabla `vtiger_attachments`
--
ALTER TABLE `vtiger_attachments`
 ADD PRIMARY KEY (`attachmentsid`), ADD KEY `attachments_attachmentsid_idx` (`attachmentsid`);

--
-- Indices de la tabla `vtiger_attachmentsfolder`
--
ALTER TABLE `vtiger_attachmentsfolder`
 ADD PRIMARY KEY (`folderid`);

--
-- Indices de la tabla `vtiger_audit_trial`
--
ALTER TABLE `vtiger_audit_trial`
 ADD PRIMARY KEY (`auditid`);

--
-- Indices de la tabla `vtiger_blocks`
--
ALTER TABLE `vtiger_blocks`
 ADD PRIMARY KEY (`blockid`), ADD KEY `block_tabid_idx` (`tabid`);

--
-- Indices de la tabla `vtiger_calendarsharedtype`
--
ALTER TABLE `vtiger_calendarsharedtype`
 ADD PRIMARY KEY (`calendarsharedtypeid`);

--
-- Indices de la tabla `vtiger_calendar_default_activitytypes`
--
ALTER TABLE `vtiger_calendar_default_activitytypes`
 ADD PRIMARY KEY (`id`);

--
-- Indices de la tabla `vtiger_calendar_user_activitytypes`
--
ALTER TABLE `vtiger_calendar_user_activitytypes`
 ADD PRIMARY KEY (`id`);

--
-- Indices de la tabla `vtiger_callduration`
--
ALTER TABLE `vtiger_callduration`
 ADD PRIMARY KEY (`calldurationid`);

--
-- Indices de la tabla `vtiger_campaign`
--
ALTER TABLE `vtiger_campaign`
 ADD PRIMARY KEY (`campaignid`), ADD KEY `campaign_campaignstatus_idx` (`campaignstatus`), ADD KEY `campaign_campaignname_idx` (`campaignname`), ADD KEY `campaign_campaignid_idx` (`campaignid`);

--
-- Indices de la tabla `vtiger_campaigncontrel`
--
ALTER TABLE `vtiger_campaigncontrel`
 ADD PRIMARY KEY (`campaignid`,`contactid`,`campaignrelstatusid`), ADD KEY `campaigncontrel_contractid_idx` (`contactid`);

--
-- Indices de la tabla `vtiger_campaignleadrel`
--
ALTER TABLE `vtiger_campaignleadrel`
 ADD PRIMARY KEY (`campaignid`,`leadid`,`campaignrelstatusid`), ADD KEY `campaignleadrel_leadid_campaignid_idx` (`leadid`,`campaignid`);

--
-- Indices de la tabla `vtiger_campaignscf`
--
ALTER TABLE `vtiger_campaignscf`
 ADD PRIMARY KEY (`campaignid`);

--
-- Indices de la tabla `vtiger_campaignstatus`
--
ALTER TABLE `vtiger_campaignstatus`
 ADD PRIMARY KEY (`campaignstatusid`), ADD KEY `campaignstatus_campaignstatus_idx` (`campaignstatus`);

--
-- Indices de la tabla `vtiger_campaigntype`
--
ALTER TABLE `vtiger_campaigntype`
 ADD PRIMARY KEY (`campaigntypeid`), ADD UNIQUE KEY `campaigntype_campaigntype_idx` (`campaigntype`);

--
-- Indices de la tabla `vtiger_carrier`
--
ALTER TABLE `vtiger_carrier`
 ADD PRIMARY KEY (`carrierid`), ADD UNIQUE KEY `carrier_carrier_idx` (`carrier`);

--
-- Indices de la tabla `vtiger_cntactivityrel`
--
ALTER TABLE `vtiger_cntactivityrel`
 ADD PRIMARY KEY (`contactid`,`activityid`), ADD KEY `cntactivityrel_contactid_idx` (`contactid`), ADD KEY `cntactivityrel_activityid_idx` (`activityid`);

--
-- Indices de la tabla `vtiger_contactaddress`
--
ALTER TABLE `vtiger_contactaddress`
 ADD PRIMARY KEY (`contactaddressid`);

--
-- Indices de la tabla `vtiger_contactdetails`
--
ALTER TABLE `vtiger_contactdetails`
 ADD PRIMARY KEY (`contactid`), ADD KEY `contactdetails_accountid_idx` (`accountid`), ADD KEY `email_idx` (`email`);

--
-- Indices de la tabla `vtiger_contactscf`
--
ALTER TABLE `vtiger_contactscf`
 ADD PRIMARY KEY (`contactid`);

--
-- Indices de la tabla `vtiger_contactsubdetails`
--
ALTER TABLE `vtiger_contactsubdetails`
 ADD PRIMARY KEY (`contactsubscriptionid`);

--
-- Indices de la tabla `vtiger_contpotentialrel`
--
ALTER TABLE `vtiger_contpotentialrel`
 ADD PRIMARY KEY (`contactid`,`potentialid`), ADD KEY `contpotentialrel_potentialid_idx` (`potentialid`), ADD KEY `contpotentialrel_contactid_idx` (`contactid`);

--
-- Indices de la tabla `vtiger_contract_priority`
--
ALTER TABLE `vtiger_contract_priority`
 ADD PRIMARY KEY (`contract_priorityid`);

--
-- Indices de la tabla `vtiger_contract_status`
--
ALTER TABLE `vtiger_contract_status`
 ADD PRIMARY KEY (`contract_statusid`);

--
-- Indices de la tabla `vtiger_contract_type`
--
ALTER TABLE `vtiger_contract_type`
 ADD PRIMARY KEY (`contract_typeid`);

--
-- Indices de la tabla `vtiger_convertleadmapping`
--
ALTER TABLE `vtiger_convertleadmapping`
 ADD PRIMARY KEY (`cfmid`);

--
-- Indices de la tabla `vtiger_crmentity`
--
ALTER TABLE `vtiger_crmentity`
 ADD PRIMARY KEY (`crmid`), ADD KEY `crmentity_smcreatorid_idx` (`smcreatorid`), ADD KEY `crmentity_modifiedby_idx` (`modifiedby`), ADD KEY `crmentity_deleted_idx` (`deleted`), ADD KEY `crm_ownerid_del_setype_idx` (`smownerid`,`deleted`,`setype`), ADD KEY `vtiger_crmentity_labelidx` (`label`);

--
-- Indices de la tabla `vtiger_cron_task`
--
ALTER TABLE `vtiger_cron_task`
 ADD PRIMARY KEY (`id`), ADD UNIQUE KEY `name` (`name`), ADD UNIQUE KEY `handler_file` (`handler_file`);

--
-- Indices de la tabla `vtiger_currencies`
--
ALTER TABLE `vtiger_currencies`
 ADD PRIMARY KEY (`currencyid`);

--
-- Indices de la tabla `vtiger_currency`
--
ALTER TABLE `vtiger_currency`
 ADD PRIMARY KEY (`currencyid`), ADD UNIQUE KEY `currency_currency_idx` (`currency`);

--
-- Indices de la tabla `vtiger_currency_decimal_separator`
--
ALTER TABLE `vtiger_currency_decimal_separator`
 ADD PRIMARY KEY (`currency_decimal_separatorid`);

--
-- Indices de la tabla `vtiger_currency_grouping_pattern`
--
ALTER TABLE `vtiger_currency_grouping_pattern`
 ADD PRIMARY KEY (`currency_grouping_patternid`);

--
-- Indices de la tabla `vtiger_currency_grouping_separator`
--
ALTER TABLE `vtiger_currency_grouping_separator`
 ADD PRIMARY KEY (`currency_grouping_separatorid`);

--
-- Indices de la tabla `vtiger_currency_info`
--
ALTER TABLE `vtiger_currency_info`
 ADD PRIMARY KEY (`id`);

--
-- Indices de la tabla `vtiger_currency_symbol_placement`
--
ALTER TABLE `vtiger_currency_symbol_placement`
 ADD PRIMARY KEY (`currency_symbol_placementid`);

--
-- Indices de la tabla `vtiger_customaction`
--
ALTER TABLE `vtiger_customaction`
 ADD KEY `customaction_cvid_idx` (`cvid`);

--
-- Indices de la tabla `vtiger_customerdetails`
--
ALTER TABLE `vtiger_customerdetails`
 ADD PRIMARY KEY (`customerid`);

--
-- Indices de la tabla `vtiger_customerportal_prefs`
--
ALTER TABLE `vtiger_customerportal_prefs`
 ADD PRIMARY KEY (`tabid`,`prefkey`);

--
-- Indices de la tabla `vtiger_customerportal_tabs`
--
ALTER TABLE `vtiger_customerportal_tabs`
 ADD PRIMARY KEY (`tabid`);

--
-- Indices de la tabla `vtiger_customview`
--
ALTER TABLE `vtiger_customview`
 ADD PRIMARY KEY (`cvid`), ADD KEY `customview_entitytype_idx` (`entitytype`);

--
-- Indices de la tabla `vtiger_cvadvfilter`
--
ALTER TABLE `vtiger_cvadvfilter`
 ADD PRIMARY KEY (`cvid`,`columnindex`), ADD KEY `cvadvfilter_cvid_idx` (`cvid`);

--
-- Indices de la tabla `vtiger_cvadvfilter_grouping`
--
ALTER TABLE `vtiger_cvadvfilter_grouping`
 ADD PRIMARY KEY (`groupid`,`cvid`);

--
-- Indices de la tabla `vtiger_cvcolumnlist`
--
ALTER TABLE `vtiger_cvcolumnlist`
 ADD PRIMARY KEY (`cvid`,`columnindex`), ADD KEY `cvcolumnlist_columnindex_idx` (`columnindex`), ADD KEY `cvcolumnlist_cvid_idx` (`cvid`);

--
-- Indices de la tabla `vtiger_cvstdfilter`
--
ALTER TABLE `vtiger_cvstdfilter`
 ADD PRIMARY KEY (`cvid`), ADD KEY `cvstdfilter_cvid_idx` (`cvid`);

--
-- Indices de la tabla `vtiger_datashare_grp2grp`
--
ALTER TABLE `vtiger_datashare_grp2grp`
 ADD PRIMARY KEY (`shareid`), ADD KEY `datashare_grp2grp_share_groupid_idx` (`share_groupid`), ADD KEY `datashare_grp2grp_to_groupid_idx` (`to_groupid`);

--
-- Indices de la tabla `vtiger_datashare_grp2role`
--
ALTER TABLE `vtiger_datashare_grp2role`
 ADD PRIMARY KEY (`shareid`), ADD KEY `idx_datashare_grp2role_share_groupid` (`share_groupid`), ADD KEY `idx_datashare_grp2role_to_roleid` (`to_roleid`);

--
-- Indices de la tabla `vtiger_datashare_grp2rs`
--
ALTER TABLE `vtiger_datashare_grp2rs`
 ADD PRIMARY KEY (`shareid`), ADD KEY `datashare_grp2rs_share_groupid_idx` (`share_groupid`), ADD KEY `datashare_grp2rs_to_roleandsubid_idx` (`to_roleandsubid`);

--
-- Indices de la tabla `vtiger_datashare_module_rel`
--
ALTER TABLE `vtiger_datashare_module_rel`
 ADD PRIMARY KEY (`shareid`), ADD KEY `idx_datashare_module_rel_tabid` (`tabid`);

--
-- Indices de la tabla `vtiger_datashare_relatedmodules`
--
ALTER TABLE `vtiger_datashare_relatedmodules`
 ADD PRIMARY KEY (`datashare_relatedmodule_id`), ADD KEY `datashare_relatedmodules_tabid_idx` (`tabid`), ADD KEY `datashare_relatedmodules_relatedto_tabid_idx` (`relatedto_tabid`);

--
-- Indices de la tabla `vtiger_datashare_relatedmodule_permission`
--
ALTER TABLE `vtiger_datashare_relatedmodule_permission`
 ADD PRIMARY KEY (`shareid`,`datashare_relatedmodule_id`), ADD KEY `datashare_relatedmodule_permission_shareid_permissions_idx` (`shareid`,`permission`);

--
-- Indices de la tabla `vtiger_datashare_role2group`
--
ALTER TABLE `vtiger_datashare_role2group`
 ADD PRIMARY KEY (`shareid`), ADD KEY `idx_datashare_role2group_share_roleid` (`share_roleid`), ADD KEY `idx_datashare_role2group_to_groupid` (`to_groupid`);

--
-- Indices de la tabla `vtiger_datashare_role2role`
--
ALTER TABLE `vtiger_datashare_role2role`
 ADD PRIMARY KEY (`shareid`), ADD KEY `datashare_role2role_share_roleid_idx` (`share_roleid`), ADD KEY `datashare_role2role_to_roleid_idx` (`to_roleid`);

--
-- Indices de la tabla `vtiger_datashare_role2rs`
--
ALTER TABLE `vtiger_datashare_role2rs`
 ADD PRIMARY KEY (`shareid`), ADD KEY `datashare_role2s_share_roleid_idx` (`share_roleid`), ADD KEY `datashare_role2s_to_roleandsubid_idx` (`to_roleandsubid`);

--
-- Indices de la tabla `vtiger_datashare_rs2grp`
--
ALTER TABLE `vtiger_datashare_rs2grp`
 ADD PRIMARY KEY (`shareid`), ADD KEY `datashare_rs2grp_share_roleandsubid_idx` (`share_roleandsubid`), ADD KEY `datashare_rs2grp_to_groupid_idx` (`to_groupid`);

--
-- Indices de la tabla `vtiger_datashare_rs2role`
--
ALTER TABLE `vtiger_datashare_rs2role`
 ADD PRIMARY KEY (`shareid`), ADD KEY `datashare_rs2role_share_roleandsubid_idx` (`share_roleandsubid`), ADD KEY `datashare_rs2role_to_roleid_idx` (`to_roleid`);

--
-- Indices de la tabla `vtiger_datashare_rs2rs`
--
ALTER TABLE `vtiger_datashare_rs2rs`
 ADD PRIMARY KEY (`shareid`), ADD KEY `datashare_rs2rs_share_roleandsubid_idx` (`share_roleandsubid`), ADD KEY `idx_datashare_rs2rs_to_roleandsubid_idx` (`to_roleandsubid`);

--
-- Indices de la tabla `vtiger_date_format`
--
ALTER TABLE `vtiger_date_format`
 ADD PRIMARY KEY (`date_formatid`);

--
-- Indices de la tabla `vtiger_dayoftheweek`
--
ALTER TABLE `vtiger_dayoftheweek`
 ADD PRIMARY KEY (`dayoftheweekid`);

--
-- Indices de la tabla `vtiger_defaultactivitytype`
--
ALTER TABLE `vtiger_defaultactivitytype`
 ADD PRIMARY KEY (`defaultactivitytypeid`);

--
-- Indices de la tabla `vtiger_defaultcv`
--
ALTER TABLE `vtiger_defaultcv`
 ADD PRIMARY KEY (`tabid`);

--
-- Indices de la tabla `vtiger_defaulteventstatus`
--
ALTER TABLE `vtiger_defaulteventstatus`
 ADD PRIMARY KEY (`defaulteventstatusid`);

--
-- Indices de la tabla `vtiger_default_record_view`
--
ALTER TABLE `vtiger_default_record_view`
 ADD PRIMARY KEY (`default_record_viewid`);

--
-- Indices de la tabla `vtiger_def_org_field`
--
ALTER TABLE `vtiger_def_org_field`
 ADD PRIMARY KEY (`fieldid`), ADD KEY `def_org_field_tabid_fieldid_idx` (`tabid`,`fieldid`), ADD KEY `def_org_field_tabid_idx` (`tabid`), ADD KEY `def_org_field_visible_fieldid_idx` (`visible`,`fieldid`);

--
-- Indices de la tabla `vtiger_def_org_share`
--
ALTER TABLE `vtiger_def_org_share`
 ADD PRIMARY KEY (`ruleid`);

--
-- Indices de la tabla `vtiger_durationhrs`
--
ALTER TABLE `vtiger_durationhrs`
 ADD PRIMARY KEY (`hrsid`);

--
-- Indices de la tabla `vtiger_durationmins`
--
ALTER TABLE `vtiger_durationmins`
 ADD PRIMARY KEY (`minsid`);

--
-- Indices de la tabla `vtiger_duration_minutes`
--
ALTER TABLE `vtiger_duration_minutes`
 ADD PRIMARY KEY (`minutesid`);

--
-- Indices de la tabla `vtiger_emaildetails`
--
ALTER TABLE `vtiger_emaildetails`
 ADD PRIMARY KEY (`emailid`);

--
-- Indices de la tabla `vtiger_emailtemplates`
--
ALTER TABLE `vtiger_emailtemplates`
 ADD PRIMARY KEY (`templateid`), ADD KEY `emailtemplates_foldernamd_templatename_subject_idx` (`foldername`,`templatename`,`subject`);

--
-- Indices de la tabla `vtiger_email_track`
--
ALTER TABLE `vtiger_email_track`
 ADD UNIQUE KEY `link_tabidtype_idx` (`crmid`,`mailid`);

--
-- Indices de la tabla `vtiger_entityname`
--
ALTER TABLE `vtiger_entityname`
 ADD PRIMARY KEY (`tabid`), ADD KEY `entityname_tabid_idx` (`tabid`);

--
-- Indices de la tabla `vtiger_eventhandlers`
--
ALTER TABLE `vtiger_eventhandlers`
 ADD PRIMARY KEY (`eventhandler_id`,`event_name`,`handler_class`), ADD UNIQUE KEY `eventhandler_idx` (`eventhandler_id`);

--
-- Indices de la tabla `vtiger_eventhandler_module`
--
ALTER TABLE `vtiger_eventhandler_module`
 ADD PRIMARY KEY (`eventhandler_module_id`);

--
-- Indices de la tabla `vtiger_eventstatus`
--
ALTER TABLE `vtiger_eventstatus`
 ADD PRIMARY KEY (`eventstatusid`);

--
-- Indices de la tabla `vtiger_expectedresponse`
--
ALTER TABLE `vtiger_expectedresponse`
 ADD PRIMARY KEY (`expectedresponseid`), ADD UNIQUE KEY `CampaignExpRes_UK01` (`expectedresponse`);

--
-- Indices de la tabla `vtiger_extnstore_users`
--
ALTER TABLE `vtiger_extnstore_users`
 ADD PRIMARY KEY (`id`);

--
-- Indices de la tabla `vtiger_faq`
--
ALTER TABLE `vtiger_faq`
 ADD PRIMARY KEY (`id`), ADD KEY `faq_id_idx` (`id`);

--
-- Indices de la tabla `vtiger_faqcategories`
--
ALTER TABLE `vtiger_faqcategories`
 ADD PRIMARY KEY (`faqcategories_id`);

--
-- Indices de la tabla `vtiger_faqcf`
--
ALTER TABLE `vtiger_faqcf`
 ADD PRIMARY KEY (`faqid`);

--
-- Indices de la tabla `vtiger_faqcomments`
--
ALTER TABLE `vtiger_faqcomments`
 ADD PRIMARY KEY (`commentid`), ADD KEY `faqcomments_faqid_idx` (`faqid`);

--
-- Indices de la tabla `vtiger_faqstatus`
--
ALTER TABLE `vtiger_faqstatus`
 ADD PRIMARY KEY (`faqstatus_id`);

--
-- Indices de la tabla `vtiger_field`
--
ALTER TABLE `vtiger_field`
 ADD PRIMARY KEY (`fieldid`), ADD KEY `field_tabid_idx` (`tabid`), ADD KEY `field_fieldname_idx` (`fieldname`), ADD KEY `field_block_idx` (`block`), ADD KEY `field_displaytype_idx` (`displaytype`);

--
-- Indices de la tabla `vtiger_freetagged_objects`
--
ALTER TABLE `vtiger_freetagged_objects`
 ADD PRIMARY KEY (`tag_id`,`tagger_id`,`object_id`), ADD KEY `freetagged_objects_tag_id_tagger_id_object_id_idx` (`tag_id`,`tagger_id`,`object_id`);

--
-- Indices de la tabla `vtiger_freetags`
--
ALTER TABLE `vtiger_freetags`
 ADD PRIMARY KEY (`id`);

--
-- Indices de la tabla `vtiger_glacct`
--
ALTER TABLE `vtiger_glacct`
 ADD PRIMARY KEY (`glacctid`), ADD UNIQUE KEY `glacct_glacct_idx` (`glacct`);

--
-- Indices de la tabla `vtiger_group2grouprel`
--
ALTER TABLE `vtiger_group2grouprel`
 ADD PRIMARY KEY (`groupid`,`containsgroupid`);

--
-- Indices de la tabla `vtiger_group2role`
--
ALTER TABLE `vtiger_group2role`
 ADD PRIMARY KEY (`groupid`,`roleid`);

--
-- Indices de la tabla `vtiger_group2rs`
--
ALTER TABLE `vtiger_group2rs`
 ADD PRIMARY KEY (`groupid`,`roleandsubid`);

--
-- Indices de la tabla `vtiger_groups`
--
ALTER TABLE `vtiger_groups`
 ADD PRIMARY KEY (`groupid`), ADD UNIQUE KEY `groups_groupname_idx` (`groupname`);

--
-- Indices de la tabla `vtiger_homedashbd`
--
ALTER TABLE `vtiger_homedashbd`
 ADD PRIMARY KEY (`stuffid`), ADD KEY `stuff_stuffid_idx` (`stuffid`);

--
-- Indices de la tabla `vtiger_homedefault`
--
ALTER TABLE `vtiger_homedefault`
 ADD PRIMARY KEY (`stuffid`), ADD KEY `stuff_stuffid_idx` (`stuffid`);

--
-- Indices de la tabla `vtiger_homemodule`
--
ALTER TABLE `vtiger_homemodule`
 ADD PRIMARY KEY (`stuffid`), ADD KEY `stuff_stuffid_idx` (`stuffid`);

--
-- Indices de la tabla `vtiger_homemoduleflds`
--
ALTER TABLE `vtiger_homemoduleflds`
 ADD KEY `stuff_stuffid_idx` (`stuffid`);

--
-- Indices de la tabla `vtiger_homereportchart`
--
ALTER TABLE `vtiger_homereportchart`
 ADD PRIMARY KEY (`stuffid`);

--
-- Indices de la tabla `vtiger_homerss`
--
ALTER TABLE `vtiger_homerss`
 ADD PRIMARY KEY (`stuffid`), ADD KEY `stuff_stuffid_idx` (`stuffid`);

--
-- Indices de la tabla `vtiger_homestuff`
--
ALTER TABLE `vtiger_homestuff`
 ADD PRIMARY KEY (`stuffid`), ADD KEY `stuff_stuffid_idx` (`stuffid`);

--
-- Indices de la tabla `vtiger_home_layout`
--
ALTER TABLE `vtiger_home_layout`
 ADD PRIMARY KEY (`userid`);

--
-- Indices de la tabla `vtiger_hour_format`
--
ALTER TABLE `vtiger_hour_format`
 ADD PRIMARY KEY (`hour_formatid`);

--
-- Indices de la tabla `vtiger_import_1`
--
ALTER TABLE `vtiger_import_1`
 ADD PRIMARY KEY (`id`);

--
-- Indices de la tabla `vtiger_import_locks`
--
ALTER TABLE `vtiger_import_locks`
 ADD PRIMARY KEY (`vtiger_import_lock_id`);

--
-- Indices de la tabla `vtiger_import_maps`
--
ALTER TABLE `vtiger_import_maps`
 ADD PRIMARY KEY (`id`), ADD KEY `import_maps_assigned_user_id_module_name_deleted_idx` (`assigned_user_id`,`module`,`name`,`deleted`);

--
-- Indices de la tabla `vtiger_import_queue`
--
ALTER TABLE `vtiger_import_queue`
 ADD PRIMARY KEY (`importid`);

--
-- Indices de la tabla `vtiger_industry`
--
ALTER TABLE `vtiger_industry`
 ADD PRIMARY KEY (`industryid`), ADD UNIQUE KEY `industry_industry_idx` (`industry`);

--
-- Indices de la tabla `vtiger_inventorynotification`
--
ALTER TABLE `vtiger_inventorynotification`
 ADD PRIMARY KEY (`notificationid`);

--
-- Indices de la tabla `vtiger_inventoryproductrel`
--
ALTER TABLE `vtiger_inventoryproductrel`
 ADD PRIMARY KEY (`lineitem_id`), ADD KEY `inventoryproductrel_id_idx` (`id`), ADD KEY `inventoryproductrel_productid_idx` (`productid`);

--
-- Indices de la tabla `vtiger_inventoryshippingrel`
--
ALTER TABLE `vtiger_inventoryshippingrel`
 ADD KEY `inventoryishippingrel_id_idx` (`id`);

--
-- Indices de la tabla `vtiger_inventorytaxinfo`
--
ALTER TABLE `vtiger_inventorytaxinfo`
 ADD PRIMARY KEY (`taxid`), ADD KEY `inventorytaxinfo_taxname_idx` (`taxname`);

--
-- Indices de la tabla `vtiger_inventory_tandc`
--
ALTER TABLE `vtiger_inventory_tandc`
 ADD PRIMARY KEY (`id`);

--
-- Indices de la tabla `vtiger_invitees`
--
ALTER TABLE `vtiger_invitees`
 ADD PRIMARY KEY (`activityid`,`inviteeid`);

--
-- Indices de la tabla `vtiger_invoice`
--
ALTER TABLE `vtiger_invoice`
 ADD PRIMARY KEY (`invoiceid`), ADD KEY `invoice_purchaseorderid_idx` (`invoiceid`);

--
-- Indices de la tabla `vtiger_invoicebillads`
--
ALTER TABLE `vtiger_invoicebillads`
 ADD PRIMARY KEY (`invoicebilladdressid`);

--
-- Indices de la tabla `vtiger_invoicecf`
--
ALTER TABLE `vtiger_invoicecf`
 ADD PRIMARY KEY (`invoiceid`);

--
-- Indices de la tabla `vtiger_invoiceshipads`
--
ALTER TABLE `vtiger_invoiceshipads`
 ADD PRIMARY KEY (`invoiceshipaddressid`);

--
-- Indices de la tabla `vtiger_invoicestatus`
--
ALTER TABLE `vtiger_invoicestatus`
 ADD PRIMARY KEY (`invoicestatusid`), ADD UNIQUE KEY `invoicestatus_invoiestatus_idx` (`invoicestatus`);

--
-- Indices de la tabla `vtiger_invoicestatushistory`
--
ALTER TABLE `vtiger_invoicestatushistory`
 ADD PRIMARY KEY (`historyid`), ADD KEY `invoicestatushistory_invoiceid_idx` (`invoiceid`);

--
-- Indices de la tabla `vtiger_invoice_recurring_info`
--
ALTER TABLE `vtiger_invoice_recurring_info`
 ADD PRIMARY KEY (`salesorderid`);

--
-- Indices de la tabla `vtiger_language`
--
ALTER TABLE `vtiger_language`
 ADD PRIMARY KEY (`id`);

--
-- Indices de la tabla `vtiger_leadaddress`
--
ALTER TABLE `vtiger_leadaddress`
 ADD PRIMARY KEY (`leadaddressid`);

--
-- Indices de la tabla `vtiger_leaddetails`
--
ALTER TABLE `vtiger_leaddetails`
 ADD PRIMARY KEY (`leadid`), ADD KEY `leaddetails_converted_leadstatus_idx` (`converted`,`leadstatus`), ADD KEY `email_idx` (`email`);

--
-- Indices de la tabla `vtiger_leadscf`
--
ALTER TABLE `vtiger_leadscf`
 ADD PRIMARY KEY (`leadid`);

--
-- Indices de la tabla `vtiger_leadsource`
--
ALTER TABLE `vtiger_leadsource`
 ADD PRIMARY KEY (`leadsourceid`);

--
-- Indices de la tabla `vtiger_leadstage`
--
ALTER TABLE `vtiger_leadstage`
 ADD PRIMARY KEY (`leadstageid`), ADD UNIQUE KEY `leadstage_stage_idx` (`stage`);

--
-- Indices de la tabla `vtiger_leadstatus`
--
ALTER TABLE `vtiger_leadstatus`
 ADD PRIMARY KEY (`leadstatusid`);

--
-- Indices de la tabla `vtiger_leadsubdetails`
--
ALTER TABLE `vtiger_leadsubdetails`
 ADD PRIMARY KEY (`leadsubscriptionid`);

--
-- Indices de la tabla `vtiger_lead_view`
--
ALTER TABLE `vtiger_lead_view`
 ADD PRIMARY KEY (`lead_viewid`);

--
-- Indices de la tabla `vtiger_links`
--
ALTER TABLE `vtiger_links`
 ADD PRIMARY KEY (`linkid`), ADD KEY `link_tabidtype_idx` (`tabid`,`linktype`);

--
-- Indices de la tabla `vtiger_loginhistory`
--
ALTER TABLE `vtiger_loginhistory`
 ADD PRIMARY KEY (`login_id`);

--
-- Indices de la tabla `vtiger_mailer_queue`
--
ALTER TABLE `vtiger_mailer_queue`
 ADD PRIMARY KEY (`id`);

--
-- Indices de la tabla `vtiger_mailmanager_mailattachments`
--
ALTER TABLE `vtiger_mailmanager_mailattachments`
 ADD KEY `userid_muid_idx` (`userid`,`muid`);

--
-- Indices de la tabla `vtiger_mailmanager_mailrecord`
--
ALTER TABLE `vtiger_mailmanager_mailrecord`
 ADD KEY `userid_lastsavedtime_idx` (`userid`,`lastsavedtime`), ADD KEY `userid_muid_idx` (`userid`,`muid`);

--
-- Indices de la tabla `vtiger_mailscanner`
--
ALTER TABLE `vtiger_mailscanner`
 ADD PRIMARY KEY (`scannerid`);

--
-- Indices de la tabla `vtiger_mailscanner_actions`
--
ALTER TABLE `vtiger_mailscanner_actions`
 ADD PRIMARY KEY (`actionid`);

--
-- Indices de la tabla `vtiger_mailscanner_folders`
--
ALTER TABLE `vtiger_mailscanner_folders`
 ADD PRIMARY KEY (`folderid`), ADD KEY `folderid_idx` (`folderid`);

--
-- Indices de la tabla `vtiger_mailscanner_ids`
--
ALTER TABLE `vtiger_mailscanner_ids`
 ADD KEY `scanner_message_ids_idx` (`scannerid`,`messageid`);

--
-- Indices de la tabla `vtiger_mailscanner_rules`
--
ALTER TABLE `vtiger_mailscanner_rules`
 ADD PRIMARY KEY (`ruleid`);

--
-- Indices de la tabla `vtiger_mail_accounts`
--
ALTER TABLE `vtiger_mail_accounts`
 ADD PRIMARY KEY (`account_id`);

--
-- Indices de la tabla `vtiger_manufacturer`
--
ALTER TABLE `vtiger_manufacturer`
 ADD PRIMARY KEY (`manufacturerid`), ADD UNIQUE KEY `manufacturer_manufacturer_idx` (`manufacturer`);

--
-- Indices de la tabla `vtiger_mobile_alerts`
--
ALTER TABLE `vtiger_mobile_alerts`
 ADD PRIMARY KEY (`id`);

--
-- Indices de la tabla `vtiger_modcomments`
--
ALTER TABLE `vtiger_modcomments`
 ADD KEY `relatedto_idx` (`related_to`);

--
-- Indices de la tabla `vtiger_modcommentscf`
--
ALTER TABLE `vtiger_modcommentscf`
 ADD PRIMARY KEY (`modcommentsid`);

--
-- Indices de la tabla `vtiger_modentity_num`
--
ALTER TABLE `vtiger_modentity_num`
 ADD PRIMARY KEY (`num_id`), ADD UNIQUE KEY `num_idx` (`num_id`), ADD KEY `semodule_active_idx` (`semodule`,`active`);

--
-- Indices de la tabla `vtiger_modtracker_basic`
--
ALTER TABLE `vtiger_modtracker_basic`
 ADD PRIMARY KEY (`id`), ADD KEY `crmidx` (`crmid`), ADD KEY `idx` (`id`);

--
-- Indices de la tabla `vtiger_modtracker_detail`
--
ALTER TABLE `vtiger_modtracker_detail`
 ADD KEY `idx` (`id`);

--
-- Indices de la tabla `vtiger_modtracker_relations`
--
ALTER TABLE `vtiger_modtracker_relations`
 ADD PRIMARY KEY (`id`);

--
-- Indices de la tabla `vtiger_modtracker_tabs`
--
ALTER TABLE `vtiger_modtracker_tabs`
 ADD PRIMARY KEY (`tabid`);

--
-- Indices de la tabla `vtiger_module_dashboard_widgets`
--
ALTER TABLE `vtiger_module_dashboard_widgets`
 ADD PRIMARY KEY (`id`);

--
-- Indices de la tabla `vtiger_notes`
--
ALTER TABLE `vtiger_notes`
 ADD PRIMARY KEY (`notesid`), ADD KEY `notes_title_idx` (`title`), ADD KEY `notes_notesid_idx` (`notesid`);

--
-- Indices de la tabla `vtiger_notescf`
--
ALTER TABLE `vtiger_notescf`
 ADD PRIMARY KEY (`notesid`);

--
-- Indices de la tabla `vtiger_notificationscheduler`
--
ALTER TABLE `vtiger_notificationscheduler`
 ADD PRIMARY KEY (`schedulednotificationid`), ADD UNIQUE KEY `notificationscheduler_schedulednotificationname_idx` (`schedulednotificationname`);

--
-- Indices de la tabla `vtiger_no_of_currency_decimals`
--
ALTER TABLE `vtiger_no_of_currency_decimals`
 ADD PRIMARY KEY (`no_of_currency_decimalsid`);

--
-- Indices de la tabla `vtiger_opportunitystage`
--
ALTER TABLE `vtiger_opportunitystage`
 ADD PRIMARY KEY (`potstageid`), ADD UNIQUE KEY `opportunitystage_stage_idx` (`stage`);

--
-- Indices de la tabla `vtiger_opportunity_type`
--
ALTER TABLE `vtiger_opportunity_type`
 ADD PRIMARY KEY (`opptypeid`), ADD UNIQUE KEY `opportunity_type_opportunity_type_idx` (`opportunity_type`);

--
-- Indices de la tabla `vtiger_organizationdetails`
--
ALTER TABLE `vtiger_organizationdetails`
 ADD PRIMARY KEY (`organization_id`);

--
-- Indices de la tabla `vtiger_org_share_action2tab`
--
ALTER TABLE `vtiger_org_share_action2tab`
 ADD PRIMARY KEY (`share_action_id`,`tabid`);

--
-- Indices de la tabla `vtiger_org_share_action_mapping`
--
ALTER TABLE `vtiger_org_share_action_mapping`
 ADD PRIMARY KEY (`share_action_id`);

--
-- Indices de la tabla `vtiger_othereventduration`
--
ALTER TABLE `vtiger_othereventduration`
 ADD PRIMARY KEY (`othereventdurationid`);

--
-- Indices de la tabla `vtiger_parenttab`
--
ALTER TABLE `vtiger_parenttab`
 ADD PRIMARY KEY (`parenttabid`), ADD KEY `parenttab_parenttabid_parenttabl_label_visible_idx` (`parenttabid`,`parenttab_label`,`visible`);

--
-- Indices de la tabla `vtiger_parenttabrel`
--
ALTER TABLE `vtiger_parenttabrel`
 ADD KEY `parenttabrel_tabid_parenttabid_idx` (`tabid`,`parenttabid`);

--
-- Indices de la tabla `vtiger_pbxmanager`
--
ALTER TABLE `vtiger_pbxmanager`
 ADD PRIMARY KEY (`pbxmanagerid`), ADD KEY `index_sourceuuid` (`sourceuuid`), ADD KEY `index_pbxmanager_id` (`pbxmanagerid`);

--
-- Indices de la tabla `vtiger_pbxmanagercf`
--
ALTER TABLE `vtiger_pbxmanagercf`
 ADD PRIMARY KEY (`pbxmanagerid`);

--
-- Indices de la tabla `vtiger_pbxmanager_gateway`
--
ALTER TABLE `vtiger_pbxmanager_gateway`
 ADD PRIMARY KEY (`id`);

--
-- Indices de la tabla `vtiger_pbxmanager_phonelookup`
--
ALTER TABLE `vtiger_pbxmanager_phonelookup`
 ADD UNIQUE KEY `unique_key` (`crmid`,`setype`,`fieldname`), ADD KEY `index_phone_number` (`fnumber`,`rnumber`);

--
-- Indices de la tabla `vtiger_picklist`
--
ALTER TABLE `vtiger_picklist`
 ADD PRIMARY KEY (`picklistid`), ADD UNIQUE KEY `picklist_name_idx` (`name`);

--
-- Indices de la tabla `vtiger_picklist_dependency`
--
ALTER TABLE `vtiger_picklist_dependency`
 ADD PRIMARY KEY (`id`);

--
-- Indices de la tabla `vtiger_pobillads`
--
ALTER TABLE `vtiger_pobillads`
 ADD PRIMARY KEY (`pobilladdressid`);

--
-- Indices de la tabla `vtiger_portal`
--
ALTER TABLE `vtiger_portal`
 ADD PRIMARY KEY (`portalid`), ADD KEY `portal_portalname_idx` (`portalname`);

--
-- Indices de la tabla `vtiger_portalinfo`
--
ALTER TABLE `vtiger_portalinfo`
 ADD PRIMARY KEY (`id`);

--
-- Indices de la tabla `vtiger_poshipads`
--
ALTER TABLE `vtiger_poshipads`
 ADD PRIMARY KEY (`poshipaddressid`);

--
-- Indices de la tabla `vtiger_postatus`
--
ALTER TABLE `vtiger_postatus`
 ADD PRIMARY KEY (`postatusid`), ADD UNIQUE KEY `postatus_postatus_idx` (`postatus`);

--
-- Indices de la tabla `vtiger_postatushistory`
--
ALTER TABLE `vtiger_postatushistory`
 ADD PRIMARY KEY (`historyid`), ADD KEY `postatushistory_purchaseorderid_idx` (`purchaseorderid`);

--
-- Indices de la tabla `vtiger_potential`
--
ALTER TABLE `vtiger_potential`
 ADD PRIMARY KEY (`potentialid`), ADD KEY `potential_relatedto_idx` (`related_to`), ADD KEY `potentail_sales_stage_idx` (`sales_stage`), ADD KEY `potentail_sales_stage_amount_idx` (`amount`,`sales_stage`);

--
-- Indices de la tabla `vtiger_potentialscf`
--
ALTER TABLE `vtiger_potentialscf`
 ADD PRIMARY KEY (`potentialid`);

--
-- Indices de la tabla `vtiger_potstagehistory`
--
ALTER TABLE `vtiger_potstagehistory`
 ADD PRIMARY KEY (`historyid`), ADD KEY `potstagehistory_potentialid_idx` (`potentialid`);

--
-- Indices de la tabla `vtiger_pricebook`
--
ALTER TABLE `vtiger_pricebook`
 ADD PRIMARY KEY (`pricebookid`);

--
-- Indices de la tabla `vtiger_pricebookcf`
--
ALTER TABLE `vtiger_pricebookcf`
 ADD PRIMARY KEY (`pricebookid`);

--
-- Indices de la tabla `vtiger_pricebookproductrel`
--
ALTER TABLE `vtiger_pricebookproductrel`
 ADD PRIMARY KEY (`pricebookid`,`productid`), ADD KEY `pricebookproductrel_pricebookid_idx` (`pricebookid`), ADD KEY `pricebookproductrel_productid_idx` (`productid`);

--
-- Indices de la tabla `vtiger_priority`
--
ALTER TABLE `vtiger_priority`
 ADD PRIMARY KEY (`priorityid`), ADD UNIQUE KEY `priority_priority_idx` (`priority`);

--
-- Indices de la tabla `vtiger_productcategory`
--
ALTER TABLE `vtiger_productcategory`
 ADD PRIMARY KEY (`productcategoryid`), ADD UNIQUE KEY `productcategory_productcategory_idx` (`productcategory`);

--
-- Indices de la tabla `vtiger_productcf`
--
ALTER TABLE `vtiger_productcf`
 ADD PRIMARY KEY (`productid`);

--
-- Indices de la tabla `vtiger_products`
--
ALTER TABLE `vtiger_products`
 ADD PRIMARY KEY (`productid`);

--
-- Indices de la tabla `vtiger_producttaxrel`
--
ALTER TABLE `vtiger_producttaxrel`
 ADD KEY `producttaxrel_productid_idx` (`productid`), ADD KEY `producttaxrel_taxid_idx` (`taxid`);

--
-- Indices de la tabla `vtiger_profile`
--
ALTER TABLE `vtiger_profile`
 ADD PRIMARY KEY (`profileid`);

--
-- Indices de la tabla `vtiger_profile2field`
--
ALTER TABLE `vtiger_profile2field`
 ADD PRIMARY KEY (`profileid`,`fieldid`), ADD KEY `profile2field_profileid_tabid_fieldname_idx` (`profileid`,`tabid`), ADD KEY `profile2field_tabid_profileid_idx` (`tabid`,`profileid`), ADD KEY `profile2field_visible_profileid_idx` (`visible`,`profileid`);

--
-- Indices de la tabla `vtiger_profile2globalpermissions`
--
ALTER TABLE `vtiger_profile2globalpermissions`
 ADD PRIMARY KEY (`profileid`,`globalactionid`), ADD KEY `idx_profile2globalpermissions` (`profileid`,`globalactionid`);

--
-- Indices de la tabla `vtiger_profile2standardpermissions`
--
ALTER TABLE `vtiger_profile2standardpermissions`
 ADD PRIMARY KEY (`profileid`,`tabid`,`operation`), ADD KEY `profile2standardpermissions_profileid_tabid_operation_idx` (`profileid`,`tabid`,`operation`);

--
-- Indices de la tabla `vtiger_profile2tab`
--
ALTER TABLE `vtiger_profile2tab`
 ADD KEY `profile2tab_profileid_tabid_idx` (`profileid`,`tabid`);

--
-- Indices de la tabla `vtiger_profile2utility`
--
ALTER TABLE `vtiger_profile2utility`
 ADD PRIMARY KEY (`profileid`,`tabid`,`activityid`), ADD KEY `profile2utility_profileid_tabid_activityid_idx` (`profileid`,`tabid`,`activityid`);

--
-- Indices de la tabla `vtiger_progress`
--
ALTER TABLE `vtiger_progress`
 ADD PRIMARY KEY (`progressid`);

--
-- Indices de la tabla `vtiger_projectcf`
--
ALTER TABLE `vtiger_projectcf`
 ADD PRIMARY KEY (`projectid`);

--
-- Indices de la tabla `vtiger_projectmilestone`
--
ALTER TABLE `vtiger_projectmilestone`
 ADD PRIMARY KEY (`projectmilestoneid`);

--
-- Indices de la tabla `vtiger_projectmilestonecf`
--
ALTER TABLE `vtiger_projectmilestonecf`
 ADD PRIMARY KEY (`projectmilestoneid`);

--
-- Indices de la tabla `vtiger_projectmilestonetype`
--
ALTER TABLE `vtiger_projectmilestonetype`
 ADD PRIMARY KEY (`projectmilestonetypeid`);

--
-- Indices de la tabla `vtiger_projectpriority`
--
ALTER TABLE `vtiger_projectpriority`
 ADD PRIMARY KEY (`projectpriorityid`);

--
-- Indices de la tabla `vtiger_projectstatus`
--
ALTER TABLE `vtiger_projectstatus`
 ADD PRIMARY KEY (`projectstatusid`);

--
-- Indices de la tabla `vtiger_projecttask`
--
ALTER TABLE `vtiger_projecttask`
 ADD PRIMARY KEY (`projecttaskid`);

--
-- Indices de la tabla `vtiger_projecttaskcf`
--
ALTER TABLE `vtiger_projecttaskcf`
 ADD PRIMARY KEY (`projecttaskid`);

--
-- Indices de la tabla `vtiger_projecttaskpriority`
--
ALTER TABLE `vtiger_projecttaskpriority`
 ADD PRIMARY KEY (`projecttaskpriorityid`);

--
-- Indices de la tabla `vtiger_projecttaskprogress`
--
ALTER TABLE `vtiger_projecttaskprogress`
 ADD PRIMARY KEY (`projecttaskprogressid`);

--
-- Indices de la tabla `vtiger_projecttaskstatus`
--
ALTER TABLE `vtiger_projecttaskstatus`
 ADD PRIMARY KEY (`projecttaskstatusid`);

--
-- Indices de la tabla `vtiger_projecttasktype`
--
ALTER TABLE `vtiger_projecttasktype`
 ADD PRIMARY KEY (`projecttasktypeid`);

--
-- Indices de la tabla `vtiger_projecttype`
--
ALTER TABLE `vtiger_projecttype`
 ADD PRIMARY KEY (`projecttypeid`);

--
-- Indices de la tabla `vtiger_purchaseorder`
--
ALTER TABLE `vtiger_purchaseorder`
 ADD PRIMARY KEY (`purchaseorderid`), ADD KEY `purchaseorder_vendorid_idx` (`vendorid`), ADD KEY `purchaseorder_quoteid_idx` (`quoteid`), ADD KEY `purchaseorder_contactid_idx` (`contactid`);

--
-- Indices de la tabla `vtiger_purchaseordercf`
--
ALTER TABLE `vtiger_purchaseordercf`
 ADD PRIMARY KEY (`purchaseorderid`);

--
-- Indices de la tabla `vtiger_quotes`
--
ALTER TABLE `vtiger_quotes`
 ADD PRIMARY KEY (`quoteid`), ADD KEY `quote_quotestage_idx` (`quotestage`), ADD KEY `quotes_potentialid_idx` (`potentialid`), ADD KEY `quotes_contactid_idx` (`contactid`);

--
-- Indices de la tabla `vtiger_quotesbillads`
--
ALTER TABLE `vtiger_quotesbillads`
 ADD PRIMARY KEY (`quotebilladdressid`);

--
-- Indices de la tabla `vtiger_quotescf`
--
ALTER TABLE `vtiger_quotescf`
 ADD PRIMARY KEY (`quoteid`);

--
-- Indices de la tabla `vtiger_quotesshipads`
--
ALTER TABLE `vtiger_quotesshipads`
 ADD PRIMARY KEY (`quoteshipaddressid`);

--
-- Indices de la tabla `vtiger_quotestage`
--
ALTER TABLE `vtiger_quotestage`
 ADD PRIMARY KEY (`quotestageid`), ADD UNIQUE KEY `quotestage_quotestage_idx` (`quotestage`);

--
-- Indices de la tabla `vtiger_quotestagehistory`
--
ALTER TABLE `vtiger_quotestagehistory`
 ADD PRIMARY KEY (`historyid`), ADD KEY `quotestagehistory_quoteid_idx` (`quoteid`);

--
-- Indices de la tabla `vtiger_rating`
--
ALTER TABLE `vtiger_rating`
 ADD PRIMARY KEY (`rating_id`);

--
-- Indices de la tabla `vtiger_recurringevents`
--
ALTER TABLE `vtiger_recurringevents`
 ADD PRIMARY KEY (`recurringid`);

--
-- Indices de la tabla `vtiger_recurringtype`
--
ALTER TABLE `vtiger_recurringtype`
 ADD PRIMARY KEY (`recurringeventid`), ADD UNIQUE KEY `recurringtype_status_idx` (`recurringtype`);

--
-- Indices de la tabla `vtiger_relatedlists`
--
ALTER TABLE `vtiger_relatedlists`
 ADD PRIMARY KEY (`relation_id`), ADD KEY `relatedlists_relation_id_idx` (`relation_id`);

--
-- Indices de la tabla `vtiger_relcriteria`
--
ALTER TABLE `vtiger_relcriteria`
 ADD PRIMARY KEY (`queryid`,`columnindex`), ADD KEY `relcriteria_queryid_idx` (`queryid`);

--
-- Indices de la tabla `vtiger_relcriteria_grouping`
--
ALTER TABLE `vtiger_relcriteria_grouping`
 ADD PRIMARY KEY (`groupid`,`queryid`);

--
-- Indices de la tabla `vtiger_reminder_interval`
--
ALTER TABLE `vtiger_reminder_interval`
 ADD PRIMARY KEY (`reminder_intervalid`);

--
-- Indices de la tabla `vtiger_report`
--
ALTER TABLE `vtiger_report`
 ADD PRIMARY KEY (`reportid`), ADD KEY `report_queryid_idx` (`queryid`), ADD KEY `report_folderid_idx` (`folderid`);

--
-- Indices de la tabla `vtiger_reportdatefilter`
--
ALTER TABLE `vtiger_reportdatefilter`
 ADD PRIMARY KEY (`datefilterid`), ADD KEY `reportdatefilter_datefilterid_idx` (`datefilterid`);

--
-- Indices de la tabla `vtiger_reportfolder`
--
ALTER TABLE `vtiger_reportfolder`
 ADD PRIMARY KEY (`folderid`);

--
-- Indices de la tabla `vtiger_reportmodules`
--
ALTER TABLE `vtiger_reportmodules`
 ADD PRIMARY KEY (`reportmodulesid`);

--
-- Indices de la tabla `vtiger_reportsortcol`
--
ALTER TABLE `vtiger_reportsortcol`
 ADD PRIMARY KEY (`sortcolid`,`reportid`);

--
-- Indices de la tabla `vtiger_reportsummary`
--
ALTER TABLE `vtiger_reportsummary`
 ADD PRIMARY KEY (`reportsummaryid`,`summarytype`,`columnname`), ADD KEY `reportsummary_reportsummaryid_idx` (`reportsummaryid`);

--
-- Indices de la tabla `vtiger_reporttype`
--
ALTER TABLE `vtiger_reporttype`
 ADD PRIMARY KEY (`reportid`);

--
-- Indices de la tabla `vtiger_role`
--
ALTER TABLE `vtiger_role`
 ADD PRIMARY KEY (`roleid`);

--
-- Indices de la tabla `vtiger_role2picklist`
--
ALTER TABLE `vtiger_role2picklist`
 ADD PRIMARY KEY (`roleid`,`picklistvalueid`,`picklistid`), ADD KEY `role2picklist_roleid_picklistid_idx` (`roleid`,`picklistid`,`picklistvalueid`);

--
-- Indices de la tabla `vtiger_role2profile`
--
ALTER TABLE `vtiger_role2profile`
 ADD PRIMARY KEY (`roleid`,`profileid`), ADD KEY `role2profile_roleid_profileid_idx` (`roleid`,`profileid`);

--
-- Indices de la tabla `vtiger_rowheight`
--
ALTER TABLE `vtiger_rowheight`
 ADD PRIMARY KEY (`rowheightid`);

--
-- Indices de la tabla `vtiger_rss`
--
ALTER TABLE `vtiger_rss`
 ADD PRIMARY KEY (`rssid`);

--
-- Indices de la tabla `vtiger_salesmanactivityrel`
--
ALTER TABLE `vtiger_salesmanactivityrel`
 ADD PRIMARY KEY (`smid`,`activityid`), ADD KEY `salesmanactivityrel_activityid_idx` (`activityid`), ADD KEY `salesmanactivityrel_smid_idx` (`smid`);

--
-- Indices de la tabla `vtiger_salesmanattachmentsrel`
--
ALTER TABLE `vtiger_salesmanattachmentsrel`
 ADD PRIMARY KEY (`smid`,`attachmentsid`), ADD KEY `salesmanattachmentsrel_smid_idx` (`smid`), ADD KEY `salesmanattachmentsrel_attachmentsid_idx` (`attachmentsid`);

--
-- Indices de la tabla `vtiger_salesmanticketrel`
--
ALTER TABLE `vtiger_salesmanticketrel`
 ADD PRIMARY KEY (`smid`,`id`), ADD KEY `salesmanticketrel_smid_idx` (`smid`), ADD KEY `salesmanticketrel_id_idx` (`id`);

--
-- Indices de la tabla `vtiger_salesorder`
--
ALTER TABLE `vtiger_salesorder`
 ADD PRIMARY KEY (`salesorderid`), ADD KEY `salesorder_vendorid_idx` (`vendorid`), ADD KEY `salesorder_contactid_idx` (`contactid`);

--
-- Indices de la tabla `vtiger_salesordercf`
--
ALTER TABLE `vtiger_salesordercf`
 ADD PRIMARY KEY (`salesorderid`);

--
-- Indices de la tabla `vtiger_sales_stage`
--
ALTER TABLE `vtiger_sales_stage`
 ADD PRIMARY KEY (`sales_stage_id`);

--
-- Indices de la tabla `vtiger_salutationtype`
--
ALTER TABLE `vtiger_salutationtype`
 ADD PRIMARY KEY (`salutationid`);

--
-- Indices de la tabla `vtiger_scheduled_reports`
--
ALTER TABLE `vtiger_scheduled_reports`
 ADD PRIMARY KEY (`reportid`);

--
-- Indices de la tabla `vtiger_seactivityrel`
--
ALTER TABLE `vtiger_seactivityrel`
 ADD PRIMARY KEY (`crmid`,`activityid`), ADD KEY `seactivityrel_activityid_idx` (`activityid`), ADD KEY `seactivityrel_crmid_idx` (`crmid`);

--
-- Indices de la tabla `vtiger_seattachmentsrel`
--
ALTER TABLE `vtiger_seattachmentsrel`
 ADD PRIMARY KEY (`crmid`,`attachmentsid`), ADD KEY `seattachmentsrel_attachmentsid_idx` (`attachmentsid`), ADD KEY `seattachmentsrel_crmid_idx` (`crmid`), ADD KEY `seattachmentsrel_attachmentsid_crmid_idx` (`attachmentsid`,`crmid`);

--
-- Indices de la tabla `vtiger_selectcolumn`
--
ALTER TABLE `vtiger_selectcolumn`
 ADD PRIMARY KEY (`queryid`,`columnindex`), ADD KEY `selectcolumn_queryid_idx` (`queryid`);

--
-- Indices de la tabla `vtiger_selectquery`
--
ALTER TABLE `vtiger_selectquery`
 ADD PRIMARY KEY (`queryid`), ADD KEY `selectquery_queryid_idx` (`queryid`);

--
-- Indices de la tabla `vtiger_senotesrel`
--
ALTER TABLE `vtiger_senotesrel`
 ADD PRIMARY KEY (`crmid`,`notesid`), ADD KEY `senotesrel_notesid_idx` (`notesid`), ADD KEY `senotesrel_crmid_idx` (`crmid`);

--
-- Indices de la tabla `vtiger_seproductsrel`
--
ALTER TABLE `vtiger_seproductsrel`
 ADD PRIMARY KEY (`crmid`,`productid`), ADD KEY `seproductsrel_productid_idx` (`productid`), ADD KEY `seproductrel_crmid_idx` (`crmid`);

--
-- Indices de la tabla `vtiger_service`
--
ALTER TABLE `vtiger_service`
 ADD PRIMARY KEY (`serviceid`);

--
-- Indices de la tabla `vtiger_servicecategory`
--
ALTER TABLE `vtiger_servicecategory`
 ADD PRIMARY KEY (`servicecategoryid`);

--
-- Indices de la tabla `vtiger_servicecf`
--
ALTER TABLE `vtiger_servicecf`
 ADD PRIMARY KEY (`serviceid`);

--
-- Indices de la tabla `vtiger_servicecontractscf`
--
ALTER TABLE `vtiger_servicecontractscf`
 ADD PRIMARY KEY (`servicecontractsid`);

--
-- Indices de la tabla `vtiger_service_usageunit`
--
ALTER TABLE `vtiger_service_usageunit`
 ADD PRIMARY KEY (`service_usageunitid`);

--
-- Indices de la tabla `vtiger_seticketsrel`
--
ALTER TABLE `vtiger_seticketsrel`
 ADD PRIMARY KEY (`crmid`,`ticketid`), ADD KEY `seticketsrel_crmid_idx` (`crmid`), ADD KEY `seticketsrel_ticketid_idx` (`ticketid`);

--
-- Indices de la tabla `vtiger_settings_blocks`
--
ALTER TABLE `vtiger_settings_blocks`
 ADD PRIMARY KEY (`blockid`);

--
-- Indices de la tabla `vtiger_settings_field`
--
ALTER TABLE `vtiger_settings_field`
 ADD PRIMARY KEY (`fieldid`);

--
-- Indices de la tabla `vtiger_sharedcalendar`
--
ALTER TABLE `vtiger_sharedcalendar`
 ADD PRIMARY KEY (`userid`,`sharedid`);

--
-- Indices de la tabla `vtiger_shippingtaxinfo`
--
ALTER TABLE `vtiger_shippingtaxinfo`
 ADD PRIMARY KEY (`taxid`), ADD KEY `shippingtaxinfo_taxname_idx` (`taxname`);

--
-- Indices de la tabla `vtiger_shorturls`
--
ALTER TABLE `vtiger_shorturls`
 ADD PRIMARY KEY (`id`), ADD KEY `uid` (`uid`);

--
-- Indices de la tabla `vtiger_smsnotifiercf`
--
ALTER TABLE `vtiger_smsnotifiercf`
 ADD PRIMARY KEY (`smsnotifierid`);

--
-- Indices de la tabla `vtiger_smsnotifier_servers`
--
ALTER TABLE `vtiger_smsnotifier_servers`
 ADD PRIMARY KEY (`id`);

--
-- Indices de la tabla `vtiger_smsnotifier_status`
--
ALTER TABLE `vtiger_smsnotifier_status`
 ADD PRIMARY KEY (`statusid`);

--
-- Indices de la tabla `vtiger_sobillads`
--
ALTER TABLE `vtiger_sobillads`
 ADD PRIMARY KEY (`sobilladdressid`);

--
-- Indices de la tabla `vtiger_soshipads`
--
ALTER TABLE `vtiger_soshipads`
 ADD PRIMARY KEY (`soshipaddressid`);

--
-- Indices de la tabla `vtiger_sostatus`
--
ALTER TABLE `vtiger_sostatus`
 ADD PRIMARY KEY (`sostatusid`), ADD UNIQUE KEY `sostatus_sostatus_idx` (`sostatus`);

--
-- Indices de la tabla `vtiger_sostatushistory`
--
ALTER TABLE `vtiger_sostatushistory`
 ADD PRIMARY KEY (`historyid`), ADD KEY `sostatushistory_salesorderid_idx` (`salesorderid`);

--
-- Indices de la tabla `vtiger_start_hour`
--
ALTER TABLE `vtiger_start_hour`
 ADD PRIMARY KEY (`start_hourid`);

--
-- Indices de la tabla `vtiger_status`
--
ALTER TABLE `vtiger_status`
 ADD PRIMARY KEY (`statusid`);

--
-- Indices de la tabla `vtiger_systems`
--
ALTER TABLE `vtiger_systems`
 ADD PRIMARY KEY (`id`);

--
-- Indices de la tabla `vtiger_tab`
--
ALTER TABLE `vtiger_tab`
 ADD PRIMARY KEY (`tabid`), ADD UNIQUE KEY `tab_name_idx` (`name`), ADD KEY `tab_modifiedby_idx` (`modifiedby`), ADD KEY `tab_tabid_idx` (`tabid`);

--
-- Indices de la tabla `vtiger_taskpriority`
--
ALTER TABLE `vtiger_taskpriority`
 ADD PRIMARY KEY (`taskpriorityid`);

--
-- Indices de la tabla `vtiger_taskstatus`
--
ALTER TABLE `vtiger_taskstatus`
 ADD PRIMARY KEY (`taskstatusid`);

--
-- Indices de la tabla `vtiger_taxclass`
--
ALTER TABLE `vtiger_taxclass`
 ADD PRIMARY KEY (`taxclassid`), ADD UNIQUE KEY `taxclass_carrier_idx` (`taxclass`);

--
-- Indices de la tabla `vtiger_ticketcategories`
--
ALTER TABLE `vtiger_ticketcategories`
 ADD PRIMARY KEY (`ticketcategories_id`);

--
-- Indices de la tabla `vtiger_ticketcf`
--
ALTER TABLE `vtiger_ticketcf`
 ADD PRIMARY KEY (`ticketid`);

--
-- Indices de la tabla `vtiger_ticketcomments`
--
ALTER TABLE `vtiger_ticketcomments`
 ADD PRIMARY KEY (`commentid`), ADD KEY `ticketcomments_ticketid_idx` (`ticketid`);

--
-- Indices de la tabla `vtiger_ticketpriorities`
--
ALTER TABLE `vtiger_ticketpriorities`
 ADD PRIMARY KEY (`ticketpriorities_id`);

--
-- Indices de la tabla `vtiger_ticketseverities`
--
ALTER TABLE `vtiger_ticketseverities`
 ADD PRIMARY KEY (`ticketseverities_id`);

--
-- Indices de la tabla `vtiger_ticketstatus`
--
ALTER TABLE `vtiger_ticketstatus`
 ADD PRIMARY KEY (`ticketstatus_id`);

--
-- Indices de la tabla `vtiger_time_zone`
--
ALTER TABLE `vtiger_time_zone`
 ADD PRIMARY KEY (`time_zoneid`);

--
-- Indices de la tabla `vtiger_tmp_read_group_rel_sharing_per`
--
ALTER TABLE `vtiger_tmp_read_group_rel_sharing_per`
 ADD PRIMARY KEY (`userid`,`tabid`,`relatedtabid`,`sharedgroupid`), ADD KEY `tmp_read_group_rel_sharing_per_userid_sharedgroupid_tabid` (`userid`,`sharedgroupid`,`tabid`);

--
-- Indices de la tabla `vtiger_tmp_read_group_sharing_per`
--
ALTER TABLE `vtiger_tmp_read_group_sharing_per`
 ADD PRIMARY KEY (`userid`,`tabid`,`sharedgroupid`), ADD KEY `tmp_read_group_sharing_per_userid_sharedgroupid_idx` (`userid`,`sharedgroupid`);

--
-- Indices de la tabla `vtiger_tmp_read_user_rel_sharing_per`
--
ALTER TABLE `vtiger_tmp_read_user_rel_sharing_per`
 ADD PRIMARY KEY (`userid`,`tabid`,`relatedtabid`,`shareduserid`), ADD KEY `tmp_read_user_rel_sharing_per_userid_shared_reltabid_idx` (`userid`,`shareduserid`,`relatedtabid`);

--
-- Indices de la tabla `vtiger_tmp_read_user_sharing_per`
--
ALTER TABLE `vtiger_tmp_read_user_sharing_per`
 ADD PRIMARY KEY (`userid`,`tabid`,`shareduserid`), ADD KEY `tmp_read_user_sharing_per_userid_shareduserid_idx` (`userid`,`shareduserid`);

--
-- Indices de la tabla `vtiger_tmp_write_group_rel_sharing_per`
--
ALTER TABLE `vtiger_tmp_write_group_rel_sharing_per`
 ADD PRIMARY KEY (`userid`,`tabid`,`relatedtabid`,`sharedgroupid`), ADD KEY `tmp_write_group_rel_sharing_per_userid_sharedgroupid_tabid_idx` (`userid`,`sharedgroupid`,`tabid`);

--
-- Indices de la tabla `vtiger_tmp_write_group_sharing_per`
--
ALTER TABLE `vtiger_tmp_write_group_sharing_per`
 ADD PRIMARY KEY (`userid`,`tabid`,`sharedgroupid`), ADD KEY `tmp_write_group_sharing_per_UK1` (`userid`,`sharedgroupid`);

--
-- Indices de la tabla `vtiger_tmp_write_user_rel_sharing_per`
--
ALTER TABLE `vtiger_tmp_write_user_rel_sharing_per`
 ADD PRIMARY KEY (`userid`,`tabid`,`relatedtabid`,`shareduserid`), ADD KEY `tmp_write_user_rel_sharing_per_userid_sharduserid_tabid_idx` (`userid`,`shareduserid`,`tabid`);

--
-- Indices de la tabla `vtiger_tmp_write_user_sharing_per`
--
ALTER TABLE `vtiger_tmp_write_user_sharing_per`
 ADD PRIMARY KEY (`userid`,`tabid`,`shareduserid`), ADD KEY `tmp_write_user_sharing_per_userid_shareduserid_idx` (`userid`,`shareduserid`);

--
-- Indices de la tabla `vtiger_tracker`
--
ALTER TABLE `vtiger_tracker`
 ADD PRIMARY KEY (`id`);

--
-- Indices de la tabla `vtiger_tracking_unit`
--
ALTER TABLE `vtiger_tracking_unit`
 ADD PRIMARY KEY (`tracking_unitid`);

--
-- Indices de la tabla `vtiger_troubletickets`
--
ALTER TABLE `vtiger_troubletickets`
 ADD PRIMARY KEY (`ticketid`), ADD KEY `troubletickets_ticketid_idx` (`ticketid`), ADD KEY `troubletickets_status_idx` (`status`);

--
-- Indices de la tabla `vtiger_usageunit`
--
ALTER TABLE `vtiger_usageunit`
 ADD PRIMARY KEY (`usageunitid`), ADD UNIQUE KEY `usageunit_usageunit_idx` (`usageunit`);

--
-- Indices de la tabla `vtiger_user2mergefields`
--
ALTER TABLE `vtiger_user2mergefields`
 ADD KEY `userid_tabid_idx` (`userid`,`tabid`);

--
-- Indices de la tabla `vtiger_user2role`
--
ALTER TABLE `vtiger_user2role`
 ADD PRIMARY KEY (`userid`), ADD KEY `user2role_roleid_idx` (`roleid`);

--
-- Indices de la tabla `vtiger_users`
--
ALTER TABLE `vtiger_users`
 ADD PRIMARY KEY (`id`), ADD KEY `user_user_name_idx` (`user_name`), ADD KEY `user_user_password_idx` (`user_password`);

--
-- Indices de la tabla `vtiger_users2group`
--
ALTER TABLE `vtiger_users2group`
 ADD PRIMARY KEY (`groupid`,`userid`), ADD KEY `users2group_groupname_uerid_idx` (`groupid`,`userid`);

--
-- Indices de la tabla `vtiger_userscf`
--
ALTER TABLE `vtiger_userscf`
 ADD PRIMARY KEY (`usersid`);

--
-- Indices de la tabla `vtiger_users_last_import`
--
ALTER TABLE `vtiger_users_last_import`
 ADD PRIMARY KEY (`id`), ADD KEY `idx_user_id` (`assigned_user_id`);

--
-- Indices de la tabla `vtiger_user_module_preferences`
--
ALTER TABLE `vtiger_user_module_preferences`
 ADD PRIMARY KEY (`userid`,`tabid`);

--
-- Indices de la tabla `vtiger_vendor`
--
ALTER TABLE `vtiger_vendor`
 ADD PRIMARY KEY (`vendorid`);

--
-- Indices de la tabla `vtiger_vendorcf`
--
ALTER TABLE `vtiger_vendorcf`
 ADD PRIMARY KEY (`vendorid`);

--
-- Indices de la tabla `vtiger_vendorcontactrel`
--
ALTER TABLE `vtiger_vendorcontactrel`
 ADD PRIMARY KEY (`vendorid`,`contactid`), ADD KEY `vendorcontactrel_vendorid_idx` (`vendorid`), ADD KEY `vendorcontactrel_contact_idx` (`contactid`);

--
-- Indices de la tabla `vtiger_version`
--
ALTER TABLE `vtiger_version`
 ADD PRIMARY KEY (`id`);

--
-- Indices de la tabla `vtiger_visibility`
--
ALTER TABLE `vtiger_visibility`
 ADD PRIMARY KEY (`visibilityid`), ADD UNIQUE KEY `visibility_visibility_idx` (`visibility`);

--
-- Indices de la tabla `vtiger_webforms`
--
ALTER TABLE `vtiger_webforms`
 ADD PRIMARY KEY (`id`), ADD UNIQUE KEY `webformname` (`name`), ADD UNIQUE KEY `publicid` (`id`), ADD KEY `webforms_webforms_id_idx` (`id`);

--
-- Indices de la tabla `vtiger_wordtemplates`
--
ALTER TABLE `vtiger_wordtemplates`
 ADD PRIMARY KEY (`templateid`);

--
-- Indices de la tabla `vtiger_wsapp`
--
ALTER TABLE `vtiger_wsapp`
 ADD PRIMARY KEY (`appid`);

--
-- Indices de la tabla `vtiger_wsapp_recordmapping`
--
ALTER TABLE `vtiger_wsapp_recordmapping`
 ADD PRIMARY KEY (`id`);

--
-- Indices de la tabla `vtiger_wsapp_sync_state`
--
ALTER TABLE `vtiger_wsapp_sync_state`
 ADD PRIMARY KEY (`id`);

--
-- Indices de la tabla `vtiger_ws_entity`
--
ALTER TABLE `vtiger_ws_entity`
 ADD PRIMARY KEY (`id`);

--
-- Indices de la tabla `vtiger_ws_entity_fieldtype`
--
ALTER TABLE `vtiger_ws_entity_fieldtype`
 ADD PRIMARY KEY (`fieldtypeid`), ADD UNIQUE KEY `vtiger_idx_1_tablename_fieldname` (`table_name`,`field_name`);

--
-- Indices de la tabla `vtiger_ws_entity_name`
--
ALTER TABLE `vtiger_ws_entity_name`
 ADD PRIMARY KEY (`entity_id`);

--
-- Indices de la tabla `vtiger_ws_entity_referencetype`
--
ALTER TABLE `vtiger_ws_entity_referencetype`
 ADD PRIMARY KEY (`fieldtypeid`,`type`);

--
-- Indices de la tabla `vtiger_ws_entity_tables`
--
ALTER TABLE `vtiger_ws_entity_tables`
 ADD PRIMARY KEY (`webservice_entity_id`,`table_name`);

--
-- Indices de la tabla `vtiger_ws_fieldinfo`
--
ALTER TABLE `vtiger_ws_fieldinfo`
 ADD PRIMARY KEY (`id`);

--
-- Indices de la tabla `vtiger_ws_fieldtype`
--
ALTER TABLE `vtiger_ws_fieldtype`
 ADD PRIMARY KEY (`fieldtypeid`), ADD UNIQUE KEY `uitype_idx` (`uitype`);

--
-- Indices de la tabla `vtiger_ws_operation`
--
ALTER TABLE `vtiger_ws_operation`
 ADD PRIMARY KEY (`operationid`);

--
-- Indices de la tabla `vtiger_ws_operation_parameters`
--
ALTER TABLE `vtiger_ws_operation_parameters`
 ADD PRIMARY KEY (`operationid`,`name`);

--
-- Indices de la tabla `vtiger_ws_referencetype`
--
ALTER TABLE `vtiger_ws_referencetype`
 ADD PRIMARY KEY (`fieldtypeid`,`type`);

--
-- Indices de la tabla `vtiger_ws_userauthtoken`
--
ALTER TABLE `vtiger_ws_userauthtoken`
 ADD PRIMARY KEY (`userid`,`expiretime`), ADD UNIQUE KEY `userid_idx` (`userid`);

--
-- AUTO_INCREMENT de las tablas volcadas
--

--
-- AUTO_INCREMENT de la tabla `com_vtiger_workflows`
--
ALTER TABLE `com_vtiger_workflows`
MODIFY `workflow_id` int(11) NOT NULL AUTO_INCREMENT,AUTO_INCREMENT=25;
--
-- AUTO_INCREMENT de la tabla `com_vtiger_workflowtasks`
--
ALTER TABLE `com_vtiger_workflowtasks`
MODIFY `task_id` int(11) NOT NULL AUTO_INCREMENT,AUTO_INCREMENT=29;
--
-- AUTO_INCREMENT de la tabla `com_vtiger_workflowtemplates`
--
ALTER TABLE `com_vtiger_workflowtemplates`
MODIFY `template_id` int(11) NOT NULL AUTO_INCREMENT;
--
-- AUTO_INCREMENT de la tabla `vtiger_accountrating`
--
ALTER TABLE `vtiger_accountrating`
MODIFY `accountratingid` int(19) NOT NULL AUTO_INCREMENT;
--
-- AUTO_INCREMENT de la tabla `vtiger_accounttype`
--
ALTER TABLE `vtiger_accounttype`
MODIFY `accounttypeid` int(19) NOT NULL AUTO_INCREMENT,AUTO_INCREMENT=12;
--
-- AUTO_INCREMENT de la tabla `vtiger_activitytype`
--
ALTER TABLE `vtiger_activitytype`
MODIFY `activitytypeid` int(19) NOT NULL AUTO_INCREMENT,AUTO_INCREMENT=4;
--
-- AUTO_INCREMENT de la tabla `vtiger_activity_reminder_popup`
--
ALTER TABLE `vtiger_activity_reminder_popup`
MODIFY `reminderid` int(19) NOT NULL AUTO_INCREMENT;
--
-- AUTO_INCREMENT de la tabla `vtiger_activity_view`
--
ALTER TABLE `vtiger_activity_view`
MODIFY `activity_viewid` int(19) NOT NULL AUTO_INCREMENT,AUTO_INCREMENT=5;
--
-- AUTO_INCREMENT de la tabla `vtiger_assetstatus`
--
ALTER TABLE `vtiger_assetstatus`
MODIFY `assetstatusid` int(11) NOT NULL AUTO_INCREMENT,AUTO_INCREMENT=3;
--
-- AUTO_INCREMENT de la tabla `vtiger_attachmentsfolder`
--
ALTER TABLE `vtiger_attachmentsfolder`
MODIFY `folderid` int(19) NOT NULL AUTO_INCREMENT,AUTO_INCREMENT=2;
--
-- AUTO_INCREMENT de la tabla `vtiger_calendarsharedtype`
--
ALTER TABLE `vtiger_calendarsharedtype`
MODIFY `calendarsharedtypeid` int(11) NOT NULL AUTO_INCREMENT,AUTO_INCREMENT=4;
--
-- AUTO_INCREMENT de la tabla `vtiger_callduration`
--
ALTER TABLE `vtiger_callduration`
MODIFY `calldurationid` int(11) NOT NULL AUTO_INCREMENT,AUTO_INCREMENT=6;
--
-- AUTO_INCREMENT de la tabla `vtiger_campaignstatus`
--
ALTER TABLE `vtiger_campaignstatus`
MODIFY `campaignstatusid` int(19) NOT NULL AUTO_INCREMENT,AUTO_INCREMENT=7;
--
-- AUTO_INCREMENT de la tabla `vtiger_campaigntype`
--
ALTER TABLE `vtiger_campaigntype`
MODIFY `campaigntypeid` int(19) NOT NULL AUTO_INCREMENT,AUTO_INCREMENT=14;
--
-- AUTO_INCREMENT de la tabla `vtiger_carrier`
--
ALTER TABLE `vtiger_carrier`
MODIFY `carrierid` int(19) NOT NULL AUTO_INCREMENT,AUTO_INCREMENT=6;
--
-- AUTO_INCREMENT de la tabla `vtiger_contract_priority`
--
ALTER TABLE `vtiger_contract_priority`
MODIFY `contract_priorityid` int(11) NOT NULL AUTO_INCREMENT,AUTO_INCREMENT=4;
--
-- AUTO_INCREMENT de la tabla `vtiger_contract_status`
--
ALTER TABLE `vtiger_contract_status`
MODIFY `contract_statusid` int(11) NOT NULL AUTO_INCREMENT,AUTO_INCREMENT=7;
--
-- AUTO_INCREMENT de la tabla `vtiger_contract_type`
--
ALTER TABLE `vtiger_contract_type`
MODIFY `contract_typeid` int(11) NOT NULL AUTO_INCREMENT,AUTO_INCREMENT=4;
--
-- AUTO_INCREMENT de la tabla `vtiger_convertleadmapping`
--
ALTER TABLE `vtiger_convertleadmapping`
MODIFY `cfmid` int(19) NOT NULL AUTO_INCREMENT,AUTO_INCREMENT=32;
--
-- AUTO_INCREMENT de la tabla `vtiger_cron_task`
--
ALTER TABLE `vtiger_cron_task`
MODIFY `id` int(11) NOT NULL AUTO_INCREMENT,AUTO_INCREMENT=8;
--
-- AUTO_INCREMENT de la tabla `vtiger_currencies`
--
ALTER TABLE `vtiger_currencies`
MODIFY `currencyid` int(19) NOT NULL AUTO_INCREMENT,AUTO_INCREMENT=139;
--
-- AUTO_INCREMENT de la tabla `vtiger_currency`
--
ALTER TABLE `vtiger_currency`
MODIFY `currencyid` int(19) NOT NULL AUTO_INCREMENT;
--
-- AUTO_INCREMENT de la tabla `vtiger_currency_decimal_separator`
--
ALTER TABLE `vtiger_currency_decimal_separator`
MODIFY `currency_decimal_separatorid` int(19) NOT NULL AUTO_INCREMENT,AUTO_INCREMENT=6;
--
-- AUTO_INCREMENT de la tabla `vtiger_currency_grouping_pattern`
--
ALTER TABLE `vtiger_currency_grouping_pattern`
MODIFY `currency_grouping_patternid` int(19) NOT NULL AUTO_INCREMENT,AUTO_INCREMENT=5;
--
-- AUTO_INCREMENT de la tabla `vtiger_currency_grouping_separator`
--
ALTER TABLE `vtiger_currency_grouping_separator`
MODIFY `currency_grouping_separatorid` int(19) NOT NULL AUTO_INCREMENT,AUTO_INCREMENT=6;
--
-- AUTO_INCREMENT de la tabla `vtiger_currency_info`
--
ALTER TABLE `vtiger_currency_info`
MODIFY `id` int(11) NOT NULL AUTO_INCREMENT,AUTO_INCREMENT=2;
--
-- AUTO_INCREMENT de la tabla `vtiger_currency_symbol_placement`
--
ALTER TABLE `vtiger_currency_symbol_placement`
MODIFY `currency_symbol_placementid` int(19) NOT NULL AUTO_INCREMENT,AUTO_INCREMENT=3;
--
-- AUTO_INCREMENT de la tabla `vtiger_date_format`
--
ALTER TABLE `vtiger_date_format`
MODIFY `date_formatid` int(19) NOT NULL AUTO_INCREMENT,AUTO_INCREMENT=4;
--
-- AUTO_INCREMENT de la tabla `vtiger_dayoftheweek`
--
ALTER TABLE `vtiger_dayoftheweek`
MODIFY `dayoftheweekid` int(11) NOT NULL AUTO_INCREMENT,AUTO_INCREMENT=8;
--
-- AUTO_INCREMENT de la tabla `vtiger_defaultactivitytype`
--
ALTER TABLE `vtiger_defaultactivitytype`
MODIFY `defaultactivitytypeid` int(11) NOT NULL AUTO_INCREMENT,AUTO_INCREMENT=3;
--
-- AUTO_INCREMENT de la tabla `vtiger_defaulteventstatus`
--
ALTER TABLE `vtiger_defaulteventstatus`
MODIFY `defaulteventstatusid` int(11) NOT NULL AUTO_INCREMENT,AUTO_INCREMENT=4;
--
-- AUTO_INCREMENT de la tabla `vtiger_default_record_view`
--
ALTER TABLE `vtiger_default_record_view`
MODIFY `default_record_viewid` int(11) NOT NULL AUTO_INCREMENT,AUTO_INCREMENT=3;
--
-- AUTO_INCREMENT de la tabla `vtiger_def_org_share`
--
ALTER TABLE `vtiger_def_org_share`
MODIFY `ruleid` int(11) NOT NULL AUTO_INCREMENT,AUTO_INCREMENT=26;
--
-- AUTO_INCREMENT de la tabla `vtiger_durationhrs`
--
ALTER TABLE `vtiger_durationhrs`
MODIFY `hrsid` int(19) NOT NULL AUTO_INCREMENT;
--
-- AUTO_INCREMENT de la tabla `vtiger_durationmins`
--
ALTER TABLE `vtiger_durationmins`
MODIFY `minsid` int(19) NOT NULL AUTO_INCREMENT;
--
-- AUTO_INCREMENT de la tabla `vtiger_duration_minutes`
--
ALTER TABLE `vtiger_duration_minutes`
MODIFY `minutesid` int(19) NOT NULL AUTO_INCREMENT,AUTO_INCREMENT=5;
--
-- AUTO_INCREMENT de la tabla `vtiger_emailtemplates`
--
ALTER TABLE `vtiger_emailtemplates`
MODIFY `templateid` int(19) NOT NULL AUTO_INCREMENT,AUTO_INCREMENT=13;
--
-- AUTO_INCREMENT de la tabla `vtiger_eventhandlers`
--
ALTER TABLE `vtiger_eventhandlers`
MODIFY `eventhandler_id` int(11) NOT NULL AUTO_INCREMENT,AUTO_INCREMENT=24;
--
-- AUTO_INCREMENT de la tabla `vtiger_eventhandler_module`
--
ALTER TABLE `vtiger_eventhandler_module`
MODIFY `eventhandler_module_id` int(11) NOT NULL AUTO_INCREMENT,AUTO_INCREMENT=6;
--
-- AUTO_INCREMENT de la tabla `vtiger_eventstatus`
--
ALTER TABLE `vtiger_eventstatus`
MODIFY `eventstatusid` int(19) NOT NULL AUTO_INCREMENT,AUTO_INCREMENT=4;
--
-- AUTO_INCREMENT de la tabla `vtiger_expectedresponse`
--
ALTER TABLE `vtiger_expectedresponse`
MODIFY `expectedresponseid` int(19) NOT NULL AUTO_INCREMENT,AUTO_INCREMENT=6;
--
-- AUTO_INCREMENT de la tabla `vtiger_extnstore_users`
--
ALTER TABLE `vtiger_extnstore_users`
MODIFY `id` int(11) NOT NULL AUTO_INCREMENT;
--
-- AUTO_INCREMENT de la tabla `vtiger_faq`
--
ALTER TABLE `vtiger_faq`
MODIFY `id` int(11) NOT NULL AUTO_INCREMENT;
--
-- AUTO_INCREMENT de la tabla `vtiger_faqcategories`
--
ALTER TABLE `vtiger_faqcategories`
MODIFY `faqcategories_id` int(19) NOT NULL AUTO_INCREMENT,AUTO_INCREMENT=2;
--
-- AUTO_INCREMENT de la tabla `vtiger_faqcomments`
--
ALTER TABLE `vtiger_faqcomments`
MODIFY `commentid` int(19) NOT NULL AUTO_INCREMENT;
--
-- AUTO_INCREMENT de la tabla `vtiger_faqstatus`
--
ALTER TABLE `vtiger_faqstatus`
MODIFY `faqstatus_id` int(19) NOT NULL AUTO_INCREMENT,AUTO_INCREMENT=5;
--
-- AUTO_INCREMENT de la tabla `vtiger_field`
--
ALTER TABLE `vtiger_field`
MODIFY `fieldid` int(19) NOT NULL AUTO_INCREMENT,AUTO_INCREMENT=751;
--
-- AUTO_INCREMENT de la tabla `vtiger_glacct`
--
ALTER TABLE `vtiger_glacct`
MODIFY `glacctid` int(19) NOT NULL AUTO_INCREMENT,AUTO_INCREMENT=10;
--
-- AUTO_INCREMENT de la tabla `vtiger_hour_format`
--
ALTER TABLE `vtiger_hour_format`
MODIFY `hour_formatid` int(11) NOT NULL AUTO_INCREMENT,AUTO_INCREMENT=3;
--
-- AUTO_INCREMENT de la tabla `vtiger_import_1`
--
ALTER TABLE `vtiger_import_1`
MODIFY `id` int(11) NOT NULL AUTO_INCREMENT,AUTO_INCREMENT=693;
--
-- AUTO_INCREMENT de la tabla `vtiger_import_maps`
--
ALTER TABLE `vtiger_import_maps`
MODIFY `id` int(19) NOT NULL AUTO_INCREMENT;
--
-- AUTO_INCREMENT de la tabla `vtiger_industry`
--
ALTER TABLE `vtiger_industry`
MODIFY `industryid` int(19) NOT NULL AUTO_INCREMENT,AUTO_INCREMENT=33;
--
-- AUTO_INCREMENT de la tabla `vtiger_inventorynotification`
--
ALTER TABLE `vtiger_inventorynotification`
MODIFY `notificationid` int(19) NOT NULL AUTO_INCREMENT,AUTO_INCREMENT=4;
--
-- AUTO_INCREMENT de la tabla `vtiger_inventoryproductrel`
--
ALTER TABLE `vtiger_inventoryproductrel`
MODIFY `lineitem_id` int(11) NOT NULL AUTO_INCREMENT,AUTO_INCREMENT=17;
--
-- AUTO_INCREMENT de la tabla `vtiger_invoicestatus`
--
ALTER TABLE `vtiger_invoicestatus`
MODIFY `invoicestatusid` int(19) NOT NULL AUTO_INCREMENT,AUTO_INCREMENT=8;
--
-- AUTO_INCREMENT de la tabla `vtiger_invoicestatushistory`
--
ALTER TABLE `vtiger_invoicestatushistory`
MODIFY `historyid` int(19) NOT NULL AUTO_INCREMENT;
--
-- AUTO_INCREMENT de la tabla `vtiger_language`
--
ALTER TABLE `vtiger_language`
MODIFY `id` int(11) NOT NULL AUTO_INCREMENT,AUTO_INCREMENT=17;
--
-- AUTO_INCREMENT de la tabla `vtiger_leadsource`
--
ALTER TABLE `vtiger_leadsource`
MODIFY `leadsourceid` int(19) NOT NULL AUTO_INCREMENT,AUTO_INCREMENT=14;
--
-- AUTO_INCREMENT de la tabla `vtiger_leadstage`
--
ALTER TABLE `vtiger_leadstage`
MODIFY `leadstageid` int(19) NOT NULL AUTO_INCREMENT;
--
-- AUTO_INCREMENT de la tabla `vtiger_leadstatus`
--
ALTER TABLE `vtiger_leadstatus`
MODIFY `leadstatusid` int(19) NOT NULL AUTO_INCREMENT,AUTO_INCREMENT=13;
--
-- AUTO_INCREMENT de la tabla `vtiger_lead_view`
--
ALTER TABLE `vtiger_lead_view`
MODIFY `lead_viewid` int(19) NOT NULL AUTO_INCREMENT,AUTO_INCREMENT=4;
--
-- AUTO_INCREMENT de la tabla `vtiger_loginhistory`
--
ALTER TABLE `vtiger_loginhistory`
MODIFY `login_id` int(11) NOT NULL AUTO_INCREMENT,AUTO_INCREMENT=14;
--
-- AUTO_INCREMENT de la tabla `vtiger_mailscanner`
--
ALTER TABLE `vtiger_mailscanner`
MODIFY `scannerid` int(11) NOT NULL AUTO_INCREMENT;
--
-- AUTO_INCREMENT de la tabla `vtiger_mailscanner_actions`
--
ALTER TABLE `vtiger_mailscanner_actions`
MODIFY `actionid` int(11) NOT NULL AUTO_INCREMENT;
--
-- AUTO_INCREMENT de la tabla `vtiger_mailscanner_folders`
--
ALTER TABLE `vtiger_mailscanner_folders`
MODIFY `folderid` int(11) NOT NULL AUTO_INCREMENT;
--
-- AUTO_INCREMENT de la tabla `vtiger_mailscanner_rules`
--
ALTER TABLE `vtiger_mailscanner_rules`
MODIFY `ruleid` int(11) NOT NULL AUTO_INCREMENT;
--
-- AUTO_INCREMENT de la tabla `vtiger_manufacturer`
--
ALTER TABLE `vtiger_manufacturer`
MODIFY `manufacturerid` int(19) NOT NULL AUTO_INCREMENT,AUTO_INCREMENT=12;
--
-- AUTO_INCREMENT de la tabla `vtiger_mobile_alerts`
--
ALTER TABLE `vtiger_mobile_alerts`
MODIFY `id` int(11) NOT NULL AUTO_INCREMENT,AUTO_INCREMENT=8;
--
-- AUTO_INCREMENT de la tabla `vtiger_module_dashboard_widgets`
--
ALTER TABLE `vtiger_module_dashboard_widgets`
MODIFY `id` int(19) NOT NULL AUTO_INCREMENT;
--
-- AUTO_INCREMENT de la tabla `vtiger_notificationscheduler`
--
ALTER TABLE `vtiger_notificationscheduler`
MODIFY `schedulednotificationid` int(19) NOT NULL AUTO_INCREMENT,AUTO_INCREMENT=9;
--
-- AUTO_INCREMENT de la tabla `vtiger_no_of_currency_decimals`
--
ALTER TABLE `vtiger_no_of_currency_decimals`
MODIFY `no_of_currency_decimalsid` int(11) NOT NULL AUTO_INCREMENT,AUTO_INCREMENT=8;
--
-- AUTO_INCREMENT de la tabla `vtiger_opportunitystage`
--
ALTER TABLE `vtiger_opportunitystage`
MODIFY `potstageid` int(19) NOT NULL AUTO_INCREMENT;
--
-- AUTO_INCREMENT de la tabla `vtiger_opportunity_type`
--
ALTER TABLE `vtiger_opportunity_type`
MODIFY `opptypeid` int(19) NOT NULL AUTO_INCREMENT,AUTO_INCREMENT=4;
--
-- AUTO_INCREMENT de la tabla `vtiger_othereventduration`
--
ALTER TABLE `vtiger_othereventduration`
MODIFY `othereventdurationid` int(11) NOT NULL AUTO_INCREMENT,AUTO_INCREMENT=6;
--
-- AUTO_INCREMENT de la tabla `vtiger_pbxmanager`
--
ALTER TABLE `vtiger_pbxmanager`
MODIFY `pbxmanagerid` int(20) NOT NULL AUTO_INCREMENT;
--
-- AUTO_INCREMENT de la tabla `vtiger_pbxmanager_gateway`
--
ALTER TABLE `vtiger_pbxmanager_gateway`
MODIFY `id` int(11) NOT NULL AUTO_INCREMENT;
--
-- AUTO_INCREMENT de la tabla `vtiger_picklist`
--
ALTER TABLE `vtiger_picklist`
MODIFY `picklistid` int(11) NOT NULL AUTO_INCREMENT,AUTO_INCREMENT=49;
--
-- AUTO_INCREMENT de la tabla `vtiger_postatus`
--
ALTER TABLE `vtiger_postatus`
MODIFY `postatusid` int(19) NOT NULL AUTO_INCREMENT,AUTO_INCREMENT=6;
--
-- AUTO_INCREMENT de la tabla `vtiger_postatushistory`
--
ALTER TABLE `vtiger_postatushistory`
MODIFY `historyid` int(19) NOT NULL AUTO_INCREMENT;
--
-- AUTO_INCREMENT de la tabla `vtiger_potstagehistory`
--
ALTER TABLE `vtiger_potstagehistory`
MODIFY `historyid` int(19) NOT NULL AUTO_INCREMENT;
--
-- AUTO_INCREMENT de la tabla `vtiger_priority`
--
ALTER TABLE `vtiger_priority`
MODIFY `priorityid` int(19) NOT NULL AUTO_INCREMENT;
--
-- AUTO_INCREMENT de la tabla `vtiger_productcategory`
--
ALTER TABLE `vtiger_productcategory`
MODIFY `productcategoryid` int(19) NOT NULL AUTO_INCREMENT,AUTO_INCREMENT=5;
--
-- AUTO_INCREMENT de la tabla `vtiger_profile`
--
ALTER TABLE `vtiger_profile`
MODIFY `profileid` int(10) NOT NULL AUTO_INCREMENT,AUTO_INCREMENT=5;
--
-- AUTO_INCREMENT de la tabla `vtiger_progress`
--
ALTER TABLE `vtiger_progress`
MODIFY `progressid` int(11) NOT NULL AUTO_INCREMENT,AUTO_INCREMENT=12;
--
-- AUTO_INCREMENT de la tabla `vtiger_projectmilestonetype`
--
ALTER TABLE `vtiger_projectmilestonetype`
MODIFY `projectmilestonetypeid` int(11) NOT NULL AUTO_INCREMENT,AUTO_INCREMENT=5;
--
-- AUTO_INCREMENT de la tabla `vtiger_projectpriority`
--
ALTER TABLE `vtiger_projectpriority`
MODIFY `projectpriorityid` int(11) NOT NULL AUTO_INCREMENT,AUTO_INCREMENT=5;
--
-- AUTO_INCREMENT de la tabla `vtiger_projectstatus`
--
ALTER TABLE `vtiger_projectstatus`
MODIFY `projectstatusid` int(11) NOT NULL AUTO_INCREMENT,AUTO_INCREMENT=10;
--
-- AUTO_INCREMENT de la tabla `vtiger_projecttaskpriority`
--
ALTER TABLE `vtiger_projecttaskpriority`
MODIFY `projecttaskpriorityid` int(11) NOT NULL AUTO_INCREMENT,AUTO_INCREMENT=5;
--
-- AUTO_INCREMENT de la tabla `vtiger_projecttaskprogress`
--
ALTER TABLE `vtiger_projecttaskprogress`
MODIFY `projecttaskprogressid` int(11) NOT NULL AUTO_INCREMENT,AUTO_INCREMENT=12;
--
-- AUTO_INCREMENT de la tabla `vtiger_projecttaskstatus`
--
ALTER TABLE `vtiger_projecttaskstatus`
MODIFY `projecttaskstatusid` int(11) NOT NULL AUTO_INCREMENT,AUTO_INCREMENT=7;
--
-- AUTO_INCREMENT de la tabla `vtiger_projecttasktype`
--
ALTER TABLE `vtiger_projecttasktype`
MODIFY `projecttasktypeid` int(11) NOT NULL AUTO_INCREMENT,AUTO_INCREMENT=5;
--
-- AUTO_INCREMENT de la tabla `vtiger_projecttype`
--
ALTER TABLE `vtiger_projecttype`
MODIFY `projecttypeid` int(11) NOT NULL AUTO_INCREMENT,AUTO_INCREMENT=5;
--
-- AUTO_INCREMENT de la tabla `vtiger_quotestage`
--
ALTER TABLE `vtiger_quotestage`
MODIFY `quotestageid` int(19) NOT NULL AUTO_INCREMENT,AUTO_INCREMENT=6;
--
-- AUTO_INCREMENT de la tabla `vtiger_quotestagehistory`
--
ALTER TABLE `vtiger_quotestagehistory`
MODIFY `historyid` int(19) NOT NULL AUTO_INCREMENT;
--
-- AUTO_INCREMENT de la tabla `vtiger_rating`
--
ALTER TABLE `vtiger_rating`
MODIFY `rating_id` int(19) NOT NULL AUTO_INCREMENT,AUTO_INCREMENT=7;
--
-- AUTO_INCREMENT de la tabla `vtiger_recurringevents`
--
ALTER TABLE `vtiger_recurringevents`
MODIFY `recurringid` int(19) NOT NULL AUTO_INCREMENT;
--
-- AUTO_INCREMENT de la tabla `vtiger_recurringtype`
--
ALTER TABLE `vtiger_recurringtype`
MODIFY `recurringeventid` int(19) NOT NULL AUTO_INCREMENT,AUTO_INCREMENT=6;
--
-- AUTO_INCREMENT de la tabla `vtiger_reminder_interval`
--
ALTER TABLE `vtiger_reminder_interval`
MODIFY `reminder_intervalid` int(19) NOT NULL AUTO_INCREMENT,AUTO_INCREMENT=9;
--
-- AUTO_INCREMENT de la tabla `vtiger_reportfolder`
--
ALTER TABLE `vtiger_reportfolder`
MODIFY `folderid` int(19) NOT NULL AUTO_INCREMENT,AUTO_INCREMENT=13;
--
-- AUTO_INCREMENT de la tabla `vtiger_rowheight`
--
ALTER TABLE `vtiger_rowheight`
MODIFY `rowheightid` int(11) NOT NULL AUTO_INCREMENT,AUTO_INCREMENT=4;
--
-- AUTO_INCREMENT de la tabla `vtiger_sales_stage`
--
ALTER TABLE `vtiger_sales_stage`
MODIFY `sales_stage_id` int(19) NOT NULL AUTO_INCREMENT,AUTO_INCREMENT=11;
--
-- AUTO_INCREMENT de la tabla `vtiger_salutationtype`
--
ALTER TABLE `vtiger_salutationtype`
MODIFY `salutationid` int(19) NOT NULL AUTO_INCREMENT,AUTO_INCREMENT=7;
--
-- AUTO_INCREMENT de la tabla `vtiger_servicecategory`
--
ALTER TABLE `vtiger_servicecategory`
MODIFY `servicecategoryid` int(11) NOT NULL AUTO_INCREMENT,AUTO_INCREMENT=7;
--
-- AUTO_INCREMENT de la tabla `vtiger_service_usageunit`
--
ALTER TABLE `vtiger_service_usageunit`
MODIFY `service_usageunitid` int(11) NOT NULL AUTO_INCREMENT,AUTO_INCREMENT=4;
--
-- AUTO_INCREMENT de la tabla `vtiger_shorturls`
--
ALTER TABLE `vtiger_shorturls`
MODIFY `id` int(11) NOT NULL AUTO_INCREMENT;
--
-- AUTO_INCREMENT de la tabla `vtiger_smsnotifier_servers`
--
ALTER TABLE `vtiger_smsnotifier_servers`
MODIFY `id` int(11) NOT NULL AUTO_INCREMENT;
--
-- AUTO_INCREMENT de la tabla `vtiger_smsnotifier_status`
--
ALTER TABLE `vtiger_smsnotifier_status`
MODIFY `statusid` int(11) NOT NULL AUTO_INCREMENT;
--
-- AUTO_INCREMENT de la tabla `vtiger_sostatus`
--
ALTER TABLE `vtiger_sostatus`
MODIFY `sostatusid` int(19) NOT NULL AUTO_INCREMENT,AUTO_INCREMENT=5;
--
-- AUTO_INCREMENT de la tabla `vtiger_sostatushistory`
--
ALTER TABLE `vtiger_sostatushistory`
MODIFY `historyid` int(19) NOT NULL AUTO_INCREMENT;
--
-- AUTO_INCREMENT de la tabla `vtiger_start_hour`
--
ALTER TABLE `vtiger_start_hour`
MODIFY `start_hourid` int(11) NOT NULL AUTO_INCREMENT,AUTO_INCREMENT=25;
--
-- AUTO_INCREMENT de la tabla `vtiger_status`
--
ALTER TABLE `vtiger_status`
MODIFY `statusid` int(19) NOT NULL AUTO_INCREMENT,AUTO_INCREMENT=3;
--
-- AUTO_INCREMENT de la tabla `vtiger_taskpriority`
--
ALTER TABLE `vtiger_taskpriority`
MODIFY `taskpriorityid` int(19) NOT NULL AUTO_INCREMENT,AUTO_INCREMENT=4;
--
-- AUTO_INCREMENT de la tabla `vtiger_taskstatus`
--
ALTER TABLE `vtiger_taskstatus`
MODIFY `taskstatusid` int(19) NOT NULL AUTO_INCREMENT,AUTO_INCREMENT=7;
--
-- AUTO_INCREMENT de la tabla `vtiger_taxclass`
--
ALTER TABLE `vtiger_taxclass`
MODIFY `taxclassid` int(19) NOT NULL AUTO_INCREMENT,AUTO_INCREMENT=3;
--
-- AUTO_INCREMENT de la tabla `vtiger_ticketcategories`
--
ALTER TABLE `vtiger_ticketcategories`
MODIFY `ticketcategories_id` int(19) NOT NULL AUTO_INCREMENT,AUTO_INCREMENT=4;
--
-- AUTO_INCREMENT de la tabla `vtiger_ticketcomments`
--
ALTER TABLE `vtiger_ticketcomments`
MODIFY `commentid` int(19) NOT NULL AUTO_INCREMENT;
--
-- AUTO_INCREMENT de la tabla `vtiger_ticketpriorities`
--
ALTER TABLE `vtiger_ticketpriorities`
MODIFY `ticketpriorities_id` int(19) NOT NULL AUTO_INCREMENT,AUTO_INCREMENT=5;
--
-- AUTO_INCREMENT de la tabla `vtiger_ticketseverities`
--
ALTER TABLE `vtiger_ticketseverities`
MODIFY `ticketseverities_id` int(19) NOT NULL AUTO_INCREMENT,AUTO_INCREMENT=5;
--
-- AUTO_INCREMENT de la tabla `vtiger_ticketstatus`
--
ALTER TABLE `vtiger_ticketstatus`
MODIFY `ticketstatus_id` int(19) NOT NULL AUTO_INCREMENT,AUTO_INCREMENT=5;
--
-- AUTO_INCREMENT de la tabla `vtiger_time_zone`
--
ALTER TABLE `vtiger_time_zone`
MODIFY `time_zoneid` int(19) NOT NULL AUTO_INCREMENT,AUTO_INCREMENT=98;
--
-- AUTO_INCREMENT de la tabla `vtiger_tracker`
--
ALTER TABLE `vtiger_tracker`
MODIFY `id` int(11) NOT NULL AUTO_INCREMENT;
--
-- AUTO_INCREMENT de la tabla `vtiger_tracking_unit`
--
ALTER TABLE `vtiger_tracking_unit`
MODIFY `tracking_unitid` int(11) NOT NULL AUTO_INCREMENT,AUTO_INCREMENT=5;
--
-- AUTO_INCREMENT de la tabla `vtiger_usageunit`
--
ALTER TABLE `vtiger_usageunit`
MODIFY `usageunitid` int(19) NOT NULL AUTO_INCREMENT,AUTO_INCREMENT=17;
--
-- AUTO_INCREMENT de la tabla `vtiger_users`
--
ALTER TABLE `vtiger_users`
MODIFY `id` int(11) NOT NULL AUTO_INCREMENT,AUTO_INCREMENT=11;
--
-- AUTO_INCREMENT de la tabla `vtiger_users_last_import`
--
ALTER TABLE `vtiger_users_last_import`
MODIFY `id` int(36) NOT NULL AUTO_INCREMENT;
--
-- AUTO_INCREMENT de la tabla `vtiger_version`
--
ALTER TABLE `vtiger_version`
MODIFY `id` int(11) NOT NULL AUTO_INCREMENT,AUTO_INCREMENT=2;
--
-- AUTO_INCREMENT de la tabla `vtiger_visibility`
--
ALTER TABLE `vtiger_visibility`
MODIFY `visibilityid` int(19) NOT NULL AUTO_INCREMENT,AUTO_INCREMENT=3;
--
-- AUTO_INCREMENT de la tabla `vtiger_webforms`
--
ALTER TABLE `vtiger_webforms`
MODIFY `id` int(19) NOT NULL AUTO_INCREMENT;
--
-- AUTO_INCREMENT de la tabla `vtiger_wsapp`
--
ALTER TABLE `vtiger_wsapp`
MODIFY `appid` int(11) NOT NULL AUTO_INCREMENT,AUTO_INCREMENT=2;
--
-- AUTO_INCREMENT de la tabla `vtiger_wsapp_recordmapping`
--
ALTER TABLE `vtiger_wsapp_recordmapping`
MODIFY `id` int(19) NOT NULL AUTO_INCREMENT;
--
-- AUTO_INCREMENT de la tabla `vtiger_wsapp_sync_state`
--
ALTER TABLE `vtiger_wsapp_sync_state`
MODIFY `id` int(19) NOT NULL AUTO_INCREMENT;
--
-- AUTO_INCREMENT de la tabla `vtiger_ws_entity`
--
ALTER TABLE `vtiger_ws_entity`
MODIFY `id` int(11) NOT NULL AUTO_INCREMENT,AUTO_INCREMENT=36;
--
-- AUTO_INCREMENT de la tabla `vtiger_ws_entity_fieldtype`
--
ALTER TABLE `vtiger_ws_entity_fieldtype`
MODIFY `fieldtypeid` int(19) NOT NULL AUTO_INCREMENT,AUTO_INCREMENT=11;
--
-- AUTO_INCREMENT de la tabla `vtiger_ws_fieldtype`
--
ALTER TABLE `vtiger_ws_fieldtype`
MODIFY `fieldtypeid` int(19) NOT NULL AUTO_INCREMENT,AUTO_INCREMENT=40;
--
-- AUTO_INCREMENT de la tabla `vtiger_ws_operation`
--
ALTER TABLE `vtiger_ws_operation`
MODIFY `operationid` int(11) NOT NULL AUTO_INCREMENT,AUTO_INCREMENT=34;
--
-- AUTO_INCREMENT de la tabla `vtiger_ws_operation_parameters`
--
ALTER TABLE `vtiger_ws_operation_parameters`
MODIFY `operationid` int(11) NOT NULL AUTO_INCREMENT,AUTO_INCREMENT=34;
--
-- Restricciones para tablas volcadas
--

--
-- Filtros para la tabla `vtiger_assets`
--
ALTER TABLE `vtiger_assets`
ADD CONSTRAINT `fk_1_vtiger_assets` FOREIGN KEY (`assetsid`) REFERENCES `vtiger_crmentity` (`crmid`) ON DELETE CASCADE;

--
-- Filtros para la tabla `vtiger_pbxmanager_phonelookup`
--
ALTER TABLE `vtiger_pbxmanager_phonelookup`
ADD CONSTRAINT `vtiger_pbxmanager_phonelookup_ibfk_1` FOREIGN KEY (`crmid`) REFERENCES `vtiger_crmentity` (`crmid`) ON DELETE CASCADE;

--
-- Filtros para la tabla `vtiger_senotesrel`
--
ALTER TABLE `vtiger_senotesrel`
ADD CONSTRAINT `fk1_crmid` FOREIGN KEY (`crmid`) REFERENCES `vtiger_crmentity` (`crmid`) ON DELETE CASCADE;

--
-- Filtros para la tabla `vtiger_service`
--
ALTER TABLE `vtiger_service`
ADD CONSTRAINT `fk_1_vtiger_service` FOREIGN KEY (`serviceid`) REFERENCES `vtiger_crmentity` (`crmid`) ON DELETE CASCADE;

/*!40101 SET CHARACTER_SET_CLIENT=@OLD_CHARACTER_SET_CLIENT */;
/*!40101 SET CHARACTER_SET_RESULTS=@OLD_CHARACTER_SET_RESULTS */;
/*!40101 SET COLLATION_CONNECTION=@OLD_COLLATION_CONNECTION */;
